STRUCTURE,STRUCTURE_ID,STRUCTURE_NAME,ACTION,REF_AREA,Reference area,MEASURE,Measure,UNIT_MEASURE,Unit of measure,SEX,Sex,AGE,Age,LABOUR_FORCE_STATUS,Labour force status,TIME_PERIOD,Time period,OBS_VALUE,Observation value,OBS_STATUS,Observation status,UNIT_MULT,Unit multiplier,DECIMALS,Decimals
DATAFLOW,OECD.ELS.SAE:DSD_LFS@DF_LFS_INDIC(1.1),Employment and unemployment by five-year age group and sex - indicators,I,CHL,Chile,UNE_RATE,Unemployment rate,PT_LF_SUB,Percentage of labour force in the same subgroup,_T,Total,Y15T64,From 15 to 64 years,UNE,Unemployment,2023,,8.93,,A,Normal value,,,1,One
DATAFLOW,OECD.ELS.SAE:DSD_LFS@DF_LFS_INDIC(1.1),Employment and unemployment by five-year age group and sex - indicators,I,CHL,Chile,UNE_RATE,Unemployment rate,PT_LF_SUB,Percentage of labour force in the same subgroup,_T,Total,_T,Total,UNE,Unemployment,2023,,8.68,,A,Normal value,,,1,One
DATAFLOW,OECD.ELS.SAE:DSD_LFS@DF_LFS_INDIC(1.1),Employment and unemployment by five-year age group and sex - indicators,I,COL,Colombia,UNE_RATE,Unemployment rate,PT_LF_SUB,Percentage of labour force in the same subgroup,_T,Total,_T,Total,UNE,Unemployment,2023,,10.157,,A,Normal value,,,1,One
DATAFLOW,OECD.ELS.SAE:DSD_LFS@DF_LFS_INDIC(1.1),Employment and unemployment by five-year age group and sex - indicators,I,COL,Colombia,UNE_RATE,Unemployment rate,PT_LF_SUB,Percentage of labour force in the same subgroup,_T,Total,Y15T64,From 15 to 64 years,UNE,Unemployment,2023,,10.443,,A,Normal value,,,1,One
DATAFLOW,OECD.ELS.SAE:DSD_LFS@DF_LFS_INDIC(1.1),Employment and unemployment by five-year age group and sex - indicators,I,CRI,Costa Rica,UNE_RATE,Unemployment rate,PT_LF_SUB,Percentage of labour force in the same subgroup,_T,Total,Y15T64,From 15 to 64 years,UNE,Unemployment,2023,,9.135,,A,Normal value,,,1,One
DATAFLOW,OECD.ELS.SAE:DSD_LFS@DF_LFS_INDIC(1.1),Employment and unemployment by five-year age group and sex - indicators,I,CRI,Costa Rica,UNE_RATE,Unemployment rate,PT_LF_SUB,Percentage of labour force in the same subgroup,_T,Total,_T,Total,UNE,Unemployment,2023,,8.911,,A,Normal value,,,1,One
DATAFLOW,OECD.ELS.SAE:DSD_LFS@DF_LFS_INDIC(1.1),Employment and unemployment by five-year age group and sex - indicators,I,CZE,Czechia,UNE_RATE,Unemployment rate,PT_LF_SUB,Percentage of labour force in the same subgroup,_T,Total,Y15T64,From 15 to 64 years,UNE,Unemployment,2023,,2.641,,A,Normal value,,,1,One
DATAFLOW,OECD.ELS.SAE:DSD_LFS@DF_LFS_INDIC(1.1),Employment and unemployment by five-year age group and sex - indicators,I,CZE,Czechia,UNE_RATE,Unemployment rate,PT_LF_SUB,Percentage of labour force in the same subgroup,_T,Total,_T,Total,UNE,Unemployment,2023,,2.577,,A,Normal value,,,1,One
DATAFLOW,OECD.ELS.SAE:DSD_LFS@DF_LFS_INDIC(1.1),Employment and unemployment by five-year age group and sex - indicators,I,DNK,Denmark,UNE_RATE,Unemployment rate,PT_LF_SUB,Percentage of labour force in the same subgroup,_T,Total,_T,Total,UNE,Unemployment,2023,,4.631,,A,Normal value,,,1,One
DATAFLOW,OECD.ELS.SAE:DSD_LFS@DF_LFS_INDIC(1.1),Employment and unemployment by five-year age group and sex - indicators,I,DNK,Denmark,UNE_RATE,Unemployment rate,PT_LF_SUB,Percentage of labour force in the same subgroup,_T,Total,Y15T64,From 15 to 64 years,UNE,Unemployment,2023,,4.83,,A,Normal value,,,1,One
DATAFLOW,OECD.ELS.SAE:DSD_LFS@DF_LFS_INDIC(1.1),Employment and unemployment by five-year age group and sex - indicators,I,EST,Estonia,UNE_RATE,Unemployment rate,PT_LF_SUB,Percentage of labour force in the same subgroup,_T,Total,Y15T64,From 15 to 64 years,UNE,Unemployment,2023,,6.609,,A,Normal value,,,1,One
DATAFLOW,OECD.ELS.SAE:DSD_LFS@DF_LFS_INDIC(1.1),Employment and unemployment by five-year age group and sex - indicators,I,EST,Estonia,UNE_RATE,Unemployment rate,PT_LF_SUB,Percentage of labour force in the same subgroup,_T,Total,_T,Total,UNE,Unemployment,2023,,6.361,,A,Normal value,,,1,One
DATAFLOW,OECD.ELS.SAE:DSD_LFS@DF_LFS_INDIC(1.1),Employment and unemployment by five-year age group and sex - indicators,I,FIN,Finland,UNE_RATE,Unemployment rate,PT_LF_SUB,Percentage of labour force in the same subgroup,_T,Total,Y15T64,From 15 to 64 years,UNE,Unemployment,2023,,7.248,,A,Normal value,,,1,One
DATAFLOW,OECD.ELS.SAE:DSD_LFS@DF_LFS_INDIC(1.1),Employment and unemployment by five-year age group and sex - indicators,I,FIN,Finland,UNE_RATE,Unemployment rate,PT_LF_SUB,Percentage of labour force in the same subgroup,_T,Total,_T,Total,UNE,Unemployment,2023,,7.143,,A,Normal value,,,1,One
DATAFLOW,OECD.ELS.SAE:DSD_LFS@DF_LFS_INDIC(1.1),Employment and unemployment by five-year age group and sex - indicators,I,FRA,France,UNE_RATE,Unemployment rate,PT_LF_SUB,Percentage of labour force in the same subgroup,_T,Total,_T,Total,UNE,Unemployment,2023,,7.335,,A,Normal value,,,1,One
DATAFLOW,OECD.ELS.SAE:DSD_LFS@DF_LFS_INDIC(1.1),Employment and unemployment by five-year age group and sex - indicators,I,FRA,France,UNE_RATE,Unemployment rate,PT_LF_SUB,Percentage of labour force in the same subgroup,_T,Total,Y15T64,From 15 to 64 years,UNE,Unemployment,2023,,7.407,,A,Normal value,,,1,One
DATAFLOW,OECD.ELS.SAE:DSD_LFS@DF_LFS_INDIC(1.1),Employment and unemployment by five-year age group and sex - indicators,I,DEU,Germany,UNE_RATE,Unemployment rate,PT_LF_SUB,Percentage of labour force in the same subgroup,_T,Total,Y15T64,From 15 to 64 years,UNE,Unemployment,2023,,3.146,,A,Normal value,,,1,One
DATAFLOW,OECD.ELS.SAE:DSD_LFS@DF_LFS_INDIC(1.1),Employment and unemployment by five-year age group and sex - indicators,I,DEU,Germany,UNE_RATE,Unemployment rate,PT_LF_SUB,Percentage of labour force in the same subgroup,_T,Total,_T,Total,UNE,Unemployment,2023,,3.063,,A,Normal value,,,1,One
DATAFLOW,OECD.ELS.SAE:DSD_LFS@DF_LFS_INDIC(1.1),Employment and unemployment by five-year age group and sex - indicators,I,GRC,Greece,UNE_RATE,Unemployment rate,PT_LF_SUB,Percentage of labour force in the same subgroup,_T,Total,Y15T64,From 15 to 64 years,UNE,Unemployment,2023,,11.166,,A,Normal value,,,1,One
DATAFLOW,OECD.ELS.SAE:DSD_LFS@DF_LFS_INDIC(1.1),Employment and unemployment by five-year age group and sex - indicators,I,GRC,Greece,UNE_RATE,Unemployment rate,PT_LF_SUB,Percentage of labour force in the same subgroup,_T,Total,_T,Total,UNE,Unemployment,2023,,11.064,,A,Normal value,,,1,One
DATAFLOW,OECD.ELS.SAE:DSD_LFS@DF_LFS_INDIC(1.1),Employment and unemployment by five-year age group and sex - indicators,I,HUN,Hungary,UNE_RATE,Unemployment rate,PT_LF_SUB,Percentage of labour force in the same subgroup,_T,Total,_T,Total,UNE,Unemployment,2023,,4.106,,A,Normal value,,,1,One
DATAFLOW,OECD.ELS.SAE:DSD_LFS@DF_LFS_INDIC(1.1),Employment and unemployment by five-year age group and sex - indicators,I,HUN,Hungary,UNE_RATE,Unemployment rate,PT_LF_SUB,Percentage of labour force in the same subgroup,_T,Total,Y15T64,From 15 to 64 years,UNE,Unemployment,2023,,4.145,,A,Normal value,,,1,One
DATAFLOW,OECD.ELS.SAE:DSD_LFS@DF_LFS_INDIC(1.1),Employment and unemployment by five-year age group and sex - indicators,I,ISL,Iceland,UNE_RATE,Unemployment rate,PT_LF_SUB,Percentage of labour force in the same subgroup,_T,Total,Y15T64,From 15 to 64 years,UNE,Unemployment,2023,,3.492,,A,Normal value,,,1,One
DATAFLOW,OECD.ELS.SAE:DSD_LFS@DF_LFS_INDIC(1.1),Employment and unemployment by five-year age group and sex - indicators,I,ISL,Iceland,UNE_RATE,Unemployment rate,PT_LF_SUB,Percentage of labour force in the same subgroup,_T,Total,_T,Total,UNE,Unemployment,2023,,3.363,,A,Normal value,,,1,One
DATAFLOW,OECD.ELS.SAE:DSD_LFS@DF_LFS_INDIC(1.1),Employment and unemployment by five-year age group and sex - indicators,I,IRL,Ireland,UNE_RATE,Unemployment rate,PT_LF_SUB,Percentage of labour force in the same subgroup,_T,Total,Y15T64,From 15 to 64 years,UNE,Unemployment,2023,,3.31,,A,Normal value,,,1,One
DATAFLOW,OECD.ELS.SAE:DSD_LFS@DF_LFS_INDIC(1.1),Employment and unemployment by five-year age group and sex - indicators,I,IRL,Ireland,UNE_RATE,Unemployment rate,PT_LF_SUB,Percentage of labour force in the same subgroup,_T,Total,_T,Total,UNE,Unemployment,2023,,3.182,,A,Normal value,,,1,One
DATAFLOW,OECD.ELS.SAE:DSD_LFS@DF_LFS_INDIC(1.1),Employment and unemployment by five-year age group and sex - indicators,I,ISR,Israel,UNE_RATE,Unemployment rate,PT_LF_SUB,Percentage of labour force in the same subgroup,_T,Total,Y15T64,From 15 to 64 years,UNE,Unemployment,2023,,3.498,,A,Normal value,,,1,One
DATAFLOW,OECD.ELS.SAE:DSD_LFS@DF_LFS_INDIC(1.1),Employment and unemployment by five-year age group and sex - indicators,I,ISR,Israel,UNE_RATE,Unemployment rate,PT_LF_SUB,Percentage of labour force in the same subgroup,_T,Total,_T,Total,UNE,Unemployment,2023,,3.42,,A,Normal value,,,1,One
DATAFLOW,OECD.ELS.SAE:DSD_LFS@DF_LFS_INDIC(1.1),Employment and unemployment by five-year age group and sex - indicators,I,ITA,Italy,UNE_RATE,Unemployment rate,PT_LF_SUB,Percentage of labour force in the same subgroup,_T,Total,_T,Total,UNE,Unemployment,2023,,7.626,,A,Normal value,,,1,One
DATAFLOW,OECD.ELS.SAE:DSD_LFS@DF_LFS_INDIC(1.1),Employment and unemployment by five-year age group and sex - indicators,I,ITA,Italy,UNE_RATE,Unemployment rate,PT_LF_SUB,Percentage of labour force in the same subgroup,_T,Total,Y15T64,From 15 to 64 years,UNE,Unemployment,2023,,7.797,,A,Normal value,,,1,One
DATAFLOW,OECD.ELS.SAE:DSD_LFS@DF_LFS_INDIC(1.1),Employment and unemployment by five-year age group and sex - indicators,I,JPN,Japan,UNE_RATE,Unemployment rate,PT_LF_SUB,Percentage of labour force in the same subgroup,_T,Total,_T,Total,UNE,Unemployment,2023,,2.599,,A,Normal value,,,1,One
DATAFLOW,OECD.ELS.SAE:DSD_LFS@DF_LFS_INDIC(1.1),Employment and unemployment by five-year age group and sex - indicators,I,JPN,Japan,UNE_RATE,Unemployment rate,PT_LF_SUB,Percentage of labour force in the same subgroup,_T,Total,Y15T64,From 15 to 64 years,UNE,Unemployment,2023,,2.719,,A,Normal value,,,1,One
DATAFLOW,OECD.ELS.SAE:DSD_LFS@DF_LFS_INDIC(1.1),Employment and unemployment by five-year age group and sex - indicators,I,KOR,Korea,UNE_RATE,Unemployment rate,PT_LF_SUB,Percentage of labour force in the same subgroup,_T,Total,Y15T64,From 15 to 64 years,UNE,Unemployment,2023,,2.692,,A,Normal value,,,1,One
DATAFLOW,OECD.ELS.SAE:DSD_LFS@DF_LFS_INDIC(1.1),Employment and unemployment by five-year age group and sex - indicators,I,KOR,Korea,UNE_RATE,Unemployment rate,PT_LF_SUB,Percentage of labour force in the same subgroup,_T,Total,_T,Total,UNE,Unemployment,2023,,2.692,,A,Normal value,,,1,One
DATAFLOW,OECD.ELS.SAE:DSD_LFS@DF_LFS_INDIC(1.1),Employment and unemployment by five-year age group and sex - indicators,I,LVA,Latvia,UNE_RATE,Unemployment rate,PT_LF_SUB,Percentage of labour force in the same subgroup,_T,Total,Y15T64,From 15 to 64 years,UNE,Unemployment,2023,,6.769,,A,Normal value,,,1,One
DATAFLOW,OECD.ELS.SAE:DSD_LFS@DF_LFS_INDIC(1.1),Employment and unemployment by five-year age group and sex - indicators,I,LVA,Latvia,UNE_RATE,Unemployment rate,PT_LF_SUB,Percentage of labour force in the same subgroup,_T,Total,_T,Total,UNE,Unemployment,2023,,6.452,,A,Normal value,,,1,One
DATAFLOW,OECD.ELS.SAE:DSD_LFS@DF_LFS_INDIC(1.1),Employment and unemployment by five-year age group and sex - indicators,I,LTU,Lithuania,UNE_RATE,Unemployment rate,PT_LF_SUB,Percentage of labour force in the same subgroup,_T,Total,_T,Total,UNE,Unemployment,2023,,6.832,,A,Normal value,,,1,One
DATAFLOW,OECD.ELS.SAE:DSD_LFS@DF_LFS_INDIC(1.1),Employment and unemployment by five-year age group and sex - indicators,I,LTU,Lithuania,UNE_RATE,Unemployment rate,PT_LF_SUB,Percentage of labour force in the same subgroup,_T,Total,Y15T64,From 15 to 64 years,UNE,Unemployment,2023,,7.124,,A,Normal value,,,1,One
DATAFLOW,OECD.ELS.SAE:DSD_LFS@DF_LFS_INDIC(1.1),Employment and unemployment by five-year age group and sex - indicators,I,LUX,Luxembourg,UNE_RATE,Unemployment rate,PT_LF_SUB,Percentage of labour force in the same subgroup,_T,Total,_T,Total,UNE,Unemployment,2023,,5.15,,A,Normal value,,,1,One
DATAFLOW,OECD.ELS.SAE:DSD_LFS@DF_LFS_INDIC(1.1),Employment and unemployment by five-year age group and sex - indicators,I,LUX,Luxembourg,UNE_RATE,Unemployment rate,PT_LF_SUB,Percentage of labour force in the same subgroup,_T,Total,Y15T64,From 15 to 64 years,UNE,Unemployment,2023,,5.165,,A,Normal value,,,1,One
DATAFLOW,OECD.ELS.SAE:DSD_LFS@DF_LFS_INDIC(1.1),Employment and unemployment by five-year age group and sex - indicators,I,MEX,Mexico,UNE_RATE,Unemployment rate,PT_LF_SUB,Percentage of labour force in the same subgroup,_T,Total,Y15T64,From 15 to 64 years,UNE,Unemployment,2023,,2.902,,A,Normal value,,,1,One
DATAFLOW,OECD.ELS.SAE:DSD_LFS@DF_LFS_INDIC(1.1),Employment and unemployment by five-year age group and sex - indicators,I,MEX,Mexico,UNE_RATE,Unemployment rate,PT_LF_SUB,Percentage of labour force in the same subgroup,_T,Total,_T,Total,UNE,Unemployment,2023,,2.788,,A,Normal value,,,1,One
DATAFLOW,OECD.ELS.SAE:DSD_LFS@DF_LFS_INDIC(1.1),Employment and unemployment by five-year age group and sex - indicators,I,NLD,Netherlands,UNE_RATE,Unemployment rate,PT_LF_SUB,Percentage of labour force in the same subgroup,_T,Total,Y15T64,From 15 to 64 years,UNE,Unemployment,2023,,3.542,,A,Normal value,,,1,One
DATAFLOW,OECD.ELS.SAE:DSD_LFS@DF_LFS_INDIC(1.1),Employment and unemployment by five-year age group and sex - indicators,I,NLD,Netherlands,UNE_RATE,Unemployment rate,PT_LF_SUB,Percentage of labour force in the same subgroup,_T,Total,_T,Total,UNE,Unemployment,2023,,3.535,,A,Normal value,,,1,One
DATAFLOW,OECD.ELS.SAE:DSD_LFS@DF_LFS_INDIC(1.1),Employment and unemployment by five-year age group and sex - indicators,I,NZL,New Zealand,UNE_RATE,Unemployment rate,PT_LF_SUB,Percentage of labour force in the same subgroup,_T,Total,Y15T64,From 15 to 64 years,UNE,Unemployment,2023,,3.928,,A,Normal value,,,1,One
DATAFLOW,OECD.ELS.SAE:DSD_LFS@DF_LFS_INDIC(1.1),Employment and unemployment by five-year age group and sex - indicators,I,NZL,New Zealand,UNE_RATE,Unemployment rate,PT_LF_SUB,Percentage of labour force in the same subgroup,_T,Total,_T,Total,UNE,Unemployment,2023,,3.769,,A,Normal value,,,1,One
DATAFLOW,OECD.ELS.SAE:DSD_LFS@DF_LFS_INDIC(1.1),Employment and unemployment by five-year age group and sex - indicators,I,NOR,Norway,UNE_RATE,Unemployment rate,PT_LF_SUB,Percentage of labour force in the same subgroup,_T,Total,_T,Total,UNE,Unemployment,2023,,3.57,,A,Normal value,,,1,One
DATAFLOW,OECD.ELS.SAE:DSD_LFS@DF_LFS_INDIC(1.1),Employment and unemployment by five-year age group and sex - indicators,I,NOR,Norway,UNE_RATE,Unemployment rate,PT_LF_SUB,Percentage of labour force in the same subgroup,_T,Total,Y15T64,From 15 to 64 years,UNE,Unemployment,2023,,3.713,,A,Normal value,,,1,One
DATAFLOW,OECD.ELS.SAE:DSD_LFS@DF_LFS_INDIC(1.1),Employment and unemployment by five-year age group and sex - indicators,I,POL,Poland,UNE_RATE,Unemployment rate,PT_LF_SUB,Percentage of labour force in the same subgroup,_T,Total,Y15T64,From 15 to 64 years,UNE,Unemployment,2023,,2.866,,A,Normal value,,,1,One
DATAFLOW,OECD.ELS.SAE:DSD_LFS@DF_LFS_INDIC(1.1),Employment and unemployment by five-year age group and sex - indicators,I,POL,Poland,UNE_RATE,Unemployment rate,PT_LF_SUB,Percentage of labour force in the same subgroup,_T,Total,_T,Total,UNE,Unemployment,2023,,2.818,,A,Normal value,,,1,One
DATAFLOW,OECD.ELS.SAE:DSD_LFS@DF_LFS_INDIC(1.1),Employment and unemployment by five-year age group and sex - indicators,I,PRT,Portugal,UNE_RATE,Unemployment rate,PT_LF_SUB,Percentage of labour force in the same subgroup,_T,Total,Y15T64,From 15 to 64 years,UNE,Unemployment,2023,,6.663,,A,Normal value,,,1,One
DATAFLOW,OECD.ELS.SAE:DSD_LFS@DF_LFS_INDIC(1.1),Employment and unemployment by five-year age group and sex - indicators,I,PRT,Portugal,UNE_RATE,Unemployment rate,PT_LF_SUB,Percentage of labour force in the same subgroup,_T,Total,_T,Total,UNE,Unemployment,2023,,6.498,,A,Normal value,,,1,One
DATAFLOW,OECD.ELS.SAE:DSD_LFS@DF_LFS_INDIC(1.1),Employment and unemployment by five-year age group and sex - indicators,I,SVK,Slovak Republic,UNE_RATE,Unemployment rate,PT_LF_SUB,Percentage of labour force in the same subgroup,_T,Total,Y15T64,From 15 to 64 years,UNE,Unemployment,2023,,5.938,,A,Normal value,,,1,One
DATAFLOW,OECD.ELS.SAE:DSD_LFS@DF_LFS_INDIC(1.1),Employment and unemployment by five-year age group and sex - indicators,I,SVK,Slovak Republic,UNE_RATE,Unemployment rate,PT_LF_SUB,Percentage of labour force in the same subgroup,_T,Total,_T,Total,UNE,Unemployment,2023,,5.838,,A,Normal value,,,1,One
DATAFLOW,OECD.ELS.SAE:DSD_LFS@DF_LFS_INDIC(1.1),Employment and unemployment by five-year age group and sex - indicators,I,SVN,Slovenia,UNE_RATE,Unemployment rate,PT_LF_SUB,Percentage of labour force in the same subgroup,_T,Total,Y15T64,From 15 to 64 years,UNE,Unemployment,2023,,3.603,,A,Normal value,,,1,One
DATAFLOW,OECD.ELS.SAE:DSD_LFS@DF_LFS_INDIC(1.1),Employment and unemployment by five-year age group and sex - indicators,I,SVN,Slovenia,UNE_RATE,Unemployment rate,PT_LF_SUB,Percentage of labour force in the same subgroup,_T,Total,_T,Total,UNE,Unemployment,2023,,3.642,,A,Normal value,,,1,One
DATAFLOW,OECD.ELS.SAE:DSD_LFS@DF_LFS_INDIC(1.1),Employment and unemployment by five-year age group and sex - indicators,I,ESP,Spain,UNE_RATE,Unemployment rate,PT_LF_SUB,Percentage of labour force in the same subgroup,_T,Total,Y15T64,From 15 to 64 years,UNE,Unemployment,2023,,12.26,,A,Normal value,,,1,One
DATAFLOW,OECD.ELS.SAE:DSD_LFS@DF_LFS_INDIC(1.1),Employment and unemployment by five-year age group and sex - indicators,I,ESP,Spain,UNE_RATE,Unemployment rate,PT_LF_SUB,Percentage of labour force in the same subgroup,_T,Total,_T,Total,UNE,Unemployment,2023,,12.178,,A,Normal value,,,1,One
DATAFLOW,OECD.ELS.SAE:DSD_LFS@DF_LFS_INDIC(1.1),Employment and unemployment by five-year age group and sex - indicators,I,SWE,Sweden,UNE_RATE,Unemployment rate,PT_LF_SUB,Percentage of labour force in the same subgroup,_T,Total,_T,Total,UNE,Unemployment,2023,,7.696,,A,Normal value,,,1,One
DATAFLOW,OECD.ELS.SAE:DSD_LFS@DF_LFS_INDIC(1.1),Employment and unemployment by five-year age group and sex - indicators,I,SWE,Sweden,UNE_RATE,Unemployment rate,PT_LF_SUB,Percentage of labour force in the same subgroup,_T,Total,Y15T64,From 15 to 64 years,UNE,Unemployment,2023,,7.831,,A,Normal value,,,1,One
DATAFLOW,OECD.ELS.SAE:DSD_LFS@DF_LFS_INDIC(1.1),Employment and unemployment by five-year age group and sex - indicators,I,CHE,Switzerland,UNE_RATE,Unemployment rate,PT_LF_SUB,Percentage of labour force in the same subgroup,_T,Total,Y15T64,From 15 to 64 years,UNE,Unemployment,2023,,4.144,,A,Normal value,,,1,One
DATAFLOW,OECD.ELS.SAE:DSD_LFS@DF_LFS_INDIC(1.1),Employment and unemployment by five-year age group and sex - indicators,I,CHE,Switzerland,UNE_RATE,Unemployment rate,PT_LF_SUB,Percentage of labour force in the same subgroup,_T,Total,_T,Total,UNE,Unemployment,2023,,4.041,,A,Normal value,,,1,One
DATAFLOW,OECD.ELS.SAE:DSD_LFS@DF_LFS_INDIC(1.1),Employment and unemployment by five-year age group and sex - indicators,I,TUR,Türkiye,UNE_RATE,Unemployment rate,PT_LF_SUB,Percentage of labour force in the same subgroup,_T,Total,Y15T64,From 15 to 64 years,UNE,Unemployment,2023,,9.556,,A,Normal value,,,1,One
DATAFLOW,OECD.ELS.SAE:DSD_LFS@DF_LFS_INDIC(1.1),Employment and unemployment by five-year age group and sex - indicators,I,TUR,Türkiye,UNE_RATE,Unemployment rate,PT_LF_SUB,Percentage of labour force in the same subgroup,_T,Total,_T,Total,UNE,Unemployment,2023,,9.351,,A,Normal value,,,1,One
DATAFLOW,OECD.ELS.SAE:DSD_LFS@DF_LFS_INDIC(1.1),Employment and unemployment by five-year age group and sex - indicators,I,GBR,United Kingdom,UNE_RATE,Unemployment rate,PT_LF_SUB,Percentage of labour force in the same subgroup,_T,Total,_T,Total,UNE,Unemployment,2023,,3.669,,A,Normal value,,,1,One
DATAFLOW,OECD.ELS.SAE:DSD_LFS@DF_LFS_INDIC(1.1),Employment and unemployment by five-year age group and sex - indicators,I,GBR,United Kingdom,UNE_RATE,Unemployment rate,PT_LF_SUB,Percentage of labour force in the same subgroup,_T,Total,Y15T64,From 15 to 64 years,UNE,Unemployment,2023,,3.758,,A,Normal value,,,1,One
DATAFLOW,OECD.ELS.SAE:DSD_LFS@DF_LFS_INDIC(1.1),Employment and unemployment by five-year age group and sex - indicators,I,USA,United States,UNE_RATE,Unemployment rate,PT_LF_SUB,Percentage of labour force in the same subgroup,_T,Total,_T,Total,UNE,Unemployment,2023,,3.639,,A,Normal value,,,1,One
DATAFLOW,OECD.ELS.SAE:DSD_LFS@DF_LFS_INDIC(1.1),Employment and unemployment by five-year age group and sex - indicators,I,USA,United States,UNE_RATE,Unemployment rate,PT_LF_SUB,Percentage of labour force in the same subgroup,_T,Total,Y15T64,From 15 to 64 years,UNE,Unemployment,2023,,3.697,,A,Normal value,,,1,One
DATAFLOW,OECD.ELS.SAE:DSD_LFS@DF_LFS_INDIC(1.1),Employment and unemployment by five-year age group and sex - indicators,I,G7,G7,UNE_RATE,Unemployment rate,PT_LF_SUB,Percentage of labour force in the same subgroup,_T,Total,_T,Total,UNE,Unemployment,2023,,4.039,,A,Normal value,,,1,One
DATAFLOW,OECD.ELS.SAE:DSD_LFS@DF_LFS_INDIC(1.1),Employment and unemployment by five-year age group and sex - indicators,I,G7,G7,UNE_RATE,Unemployment rate,PT_LF_SUB,Percentage of labour force in the same subgroup,_T,Total,Y15T64,From 15 to 64 years,UNE,Unemployment,2023,,4.16,,A,Normal value,,,1,One
DATAFLOW,OECD.ELS.SAE:DSD_LFS@DF_LFS_INDIC(1.1),Employment and unemployment by five-year age group and sex - indicators,I,EU27,European Union (27 countries),UNE_RATE,Unemployment rate,PT_LF_SUB,Percentage of labour force in the same subgroup,_T,Total,_T,Total,UNE,Unemployment,2023,,6.021,,A,Normal value,,,1,One
DATAFLOW,OECD.ELS.SAE:DSD_LFS@DF_LFS_INDIC(1.1),Employment and unemployment by five-year age group and sex - indicators,I,EU27,European Union (27 countries),UNE_RATE,Unemployment rate,PT_LF_SUB,Percentage of labour force in the same subgroup,_T,Total,Y15T64,From 15 to 64 years,UNE,Unemployment,2023,,6.127,,A,Normal value,,,1,One
DATAFLOW,OECD.ELS.SAE:DSD_LFS@DF_LFS_INDIC(1.1),Employment and unemployment by five-year age group and sex - indicators,I,EU19OECD,European Union (19 countries) in OECD,UNE_RATE,Unemployment rate,PT_LF_SUB,Percentage of labour force in the same subgroup,_T,Total,_T,Total,UNE,Unemployment,2023,,6.541,,A,Normal value,,,1,One
DATAFLOW,OECD.ELS.SAE:DSD_LFS@DF_LFS_INDIC(1.1),Employment and unemployment by five-year age group and sex - indicators,I,EU19OECD,European Union (19 countries) in OECD,UNE_RATE,Unemployment rate,PT_LF_SUB,Percentage of labour force in the same subgroup,_T,Total,Y15T64,From 15 to 64 years,UNE,Unemployment,2023,,6.661,,A,Normal value,,,1,One
DATAFLOW,OECD.ELS.SAE:DSD_LFS@DF_LFS_INDIC(1.1),Employment and unemployment by five-year age group and sex - indicators,I,EU22OECD,European Union (22 countries) in OECD,UNE_RATE,Unemployment rate,PT_LF_SUB,Percentage of labour force in the same subgroup,_T,Total,_T,Total,UNE,Unemployment,2023,,6.067,,A,Normal value,,,1,One
DATAFLOW,OECD.ELS.SAE:DSD_LFS@DF_LFS_INDIC(1.1),Employment and unemployment by five-year age group and sex - indicators,I,EU22OECD,European Union (22 countries) in OECD,UNE_RATE,Unemployment rate,PT_LF_SUB,Percentage of labour force in the same subgroup,_T,Total,Y15T64,From 15 to 64 years,UNE,Unemployment,2023,,6.178,,A,Normal value,,,1,One
DATAFLOW,OECD.ELS.SAE:DSD_LFS@DF_LFS_INDIC(1.1),Employment and unemployment by five-year age group and sex - indicators,I,OECD,OECD,UNE_RATE,Unemployment rate,PT_LF_SUB,Percentage of labour force in the same subgroup,_T,Total,Y15T64,From 15 to 64 years,UNE,Unemployment,2023,,4.969,,A,Normal value,,,1,One
DATAFLOW,OECD.ELS.SAE:DSD_LFS@DF_LFS_INDIC(1.1),Employment and unemployment by five-year age group and sex - indicators,I,OECD,OECD,UNE_RATE,Unemployment rate,PT_LF_SUB,Percentage of labour force in the same subgroup,_T,Total,_T,Total,UNE,Unemployment,2023,,4.821,,A,Normal value,,,1,One
DATAFLOW,OECD.ELS.SAE:DSD_LFS@DF_LFS_INDIC(1.1),Employment and unemployment by five-year age group and sex - indicators,I,OECD_REP,OECD average country,UNE_RATE,Unemployment rate,PT_LF_SUB,Percentage of labour force in the same subgroup,_T,Total,_T,Total,UNE,Unemployment,2023,,5.475,,A,Normal value,,,1,One
DATAFLOW,OECD.ELS.SAE:DSD_LFS@DF_LFS_INDIC(1.1),Employment and unemployment by five-year age group and sex - indicators,I,OECD_REP,OECD average country,UNE_RATE,Unemployment rate,PT_LF_SUB,Percentage of labour force in the same subgroup,_T,Total,Y15T64,From 15 to 64 years,UNE,Unemployment,2023,,5.596,,A,Normal value,,,1,One
DATAFLOW,OECD.ELS.SAE:DSD_LFS@DF_LFS_INDIC(1.1),Employment and unemployment by five-year age group and sex - indicators,I,ARG,Argentina,UNE_RATE,Unemployment rate,PT_LF_SUB,Percentage of labour force in the same subgroup,_T,Total,Y15T64,From 15 to 64 years,UNE,Unemployment,2023,,5.808,,A,Normal value,,,1,One
DATAFLOW,OECD.ELS.SAE:DSD_LFS@DF_LFS_INDIC(1.1),Employment and unemployment by five-year age group and sex - indicators,I,HRV,Croatia,UNE_RATE,Unemployment rate,PT_LF_SUB,Percentage of labour force in the same subgroup,_T,Total,_T,Total,UNE,Unemployment,2023,,6.116,,A,Normal value,,,1,One
DATAFLOW,OECD.ELS.SAE:DSD_LFS@DF_LFS_INDIC(1.1),Employment and unemployment by five-year age group and sex - indicators,I,HRV,Croatia,UNE_RATE,Unemployment rate,PT_LF_SUB,Percentage of labour force in the same subgroup,_T,Total,Y15T64,From 15 to 64 years,UNE,Unemployment,2023,,6.212,,A,Normal value,,,1,One
DATAFLOW,OECD.ELS.SAE:DSD_LFS@DF_LFS_INDIC(1.1),Employment and unemployment by five-year age group and sex - indicators,I,CYP,Cyprus,UNE_RATE,Unemployment rate,PT_LF_SUB,Percentage of labour force in the same subgroup,_T,Total,_T,Total,UNE,Unemployment,2023,,5.798,,A,Normal value,,,1,One
DATAFLOW,OECD.ELS.SAE:DSD_LFS@DF_LFS_INDIC(1.1),Employment and unemployment by five-year age group and sex - indicators,I,CYP,Cyprus,UNE_RATE,Unemployment rate,PT_LF_SUB,Percentage of labour force in the same subgroup,_T,Total,Y15T64,From 15 to 64 years,UNE,Unemployment,2023,,5.945,,A,Normal value,,,1,One
DATAFLOW,OECD.ELS.SAE:DSD_LFS@DF_LFS_INDIC(1.1),Employment and unemployment by five-year age group and sex - indicators,I,IND,India,UNE_RATE,Unemployment rate,PT_LF_SUB,Percentage of labour force in the same subgroup,_T,Total,Y15T64,From 15 to 64 years,UNE,Unemployment,2023,,5.122,,A,Normal value,,,1,One
DATAFLOW,OECD.ELS.SAE:DSD_LFS@DF_LFS_INDIC(1.1),Employment and unemployment by five-year age group and sex - indicators,I,IND,India,UNE_RATE,Unemployment rate,PT_LF_SUB,Percentage of labour force in the same subgroup,_T,Total,_T,Total,UNE,Unemployment,2023,,4.982,,A,Normal value,,,1,One
DATAFLOW,OECD.ELS.SAE:DSD_LFS@DF_LFS_INDIC(1.1),Employment and unemployment by five-year age group and sex - indicators,I,MLT,Malta,UNE_RATE,Unemployment rate,PT_LF_SUB,Percentage of labour force in the same subgroup,_T,Total,_T,Total,UNE,Unemployment,2023,,3.436,,A,Normal value,,,1,One
DATAFLOW,OECD.ELS.SAE:DSD_LFS@DF_LFS_INDIC(1.1),Employment and unemployment by five-year age group and sex - indicators,I,MLT,Malta,UNE_RATE,Unemployment rate,PT_LF_SUB,Percentage of labour force in the same subgroup,_T,Total,Y15T64,From 15 to 64 years,UNE,Unemployment,2023,,3.5,,A,Normal value,,,1,One
DATAFLOW,OECD.ELS.SAE:DSD_LFS@DF_LFS_INDIC(1.1),Employment and unemployment by five-year age group and sex - indicators,I,MKD,North Macedonia,UNE_RATE,Unemployment rate,PT_LF_SUB,Percentage of labour force in the same subgroup,_T,Total,Y15T64,From 15 to 64 years,UNE,Unemployment,2023,,13.236,,A,Normal value,,,1,One
DATAFLOW,OECD.ELS.SAE:DSD_LFS@DF_LFS_INDIC(1.1),Employment and unemployment by five-year age group and sex - indicators,I,MKD,North Macedonia,UNE_RATE,Unemployment rate,PT_LF_SUB,Percentage of labour force in the same subgroup,_T,Total,_T,Total,UNE,Unemployment,2023,,13.109,,A,Normal value,,,1,One
DATAFLOW,OECD.ELS.SAE:DSD_LFS@DF_LFS_INDIC(1.1),Employment and unemployment by five-year age group and sex - indicators,I,PER,Peru,UNE_RATE,Unemployment rate,PT_LF_SUB,Percentage of labour force in the same subgroup,_T,Total,Y15T64,From 15 to 64 years,UNE,Unemployment,2023,,5.571,,A,Normal value,,,1,One
DATAFLOW,OECD.ELS.SAE:DSD_LFS@DF_LFS_INDIC(1.1),Employment and unemployment by five-year age group and sex - indicators,I,ROU,Romania,UNE_RATE,Unemployment rate,PT_LF_SUB,Percentage of labour force in the same subgroup,_T,Total,_T,Total,UNE,Unemployment,2023,,5.587,,A,Normal value,,,1,One
DATAFLOW,OECD.ELS.SAE:DSD_LFS@DF_LFS_INDIC(1.1),Employment and unemployment by five-year age group and sex - indicators,I,ROU,Romania,UNE_RATE,Unemployment rate,PT_LF_SUB,Percentage of labour force in the same subgroup,_T,Total,Y15T64,From 15 to 64 years,UNE,Unemployment,2023,,5.617,,A,Normal value,,,1,One
DATAFLOW,OECD.ELS.SAE:DSD_LFS@DF_LFS_INDIC(1.1),Employment and unemployment by five-year age group and sex - indicators,I,ZAF,South Africa,UNE_RATE,Unemployment rate,PT_LF_SUB,Percentage of labour force in the same subgroup,_T,Total,Y15T64,From 15 to 64 years,UNE,Unemployment,2023,,32.37,,A,Normal value,,,1,One
DATAFLOW,OECD.ELS.SAE:DSD_LFS@DF_LFS_INDIC(1.1),Employment and unemployment by five-year age group and sex - indicators,I,ZAF,South Africa,UNE_RATE,Unemployment rate,PT_LF_SUB,Percentage of labour force in the same subgroup,_T,Total,_T,Total,UNE,Unemployment,2023,,32.086,,A,Normal value,,,1,One
DATAFLOW,OECD.ELS.SAE:DSD_LFS@DF_LFS_INDIC(1.1),Employment and unemployment by five-year age group and sex - indicators,I,THA,Thailand,UNE_RATE,Unemployment rate,PT_LF_SUB,Percentage of labour force in the same subgroup,_T,Total,_T,Total,UNE,Unemployment,2023,,0.734,,A,Normal value,,,1,One
DATAFLOW,OECD.ELS.SAE:DSD_LFS@DF_LFS_INDIC(1.1),Employment and unemployment by five-year age group and sex - indicators,I,THA,Thailand,UNE_RATE,Unemployment rate,PT_LF_SUB,Percentage of labour force in the same subgroup,_T,Total,Y15T64,From 15 to 64 years,UNE,Unemployment,2023,,0.783,,A,Normal value,,,1,One
DATAFLOW,OECD.ELS.SAE:DSD_LFS@DF_LFS_INDIC(1.1),Employment and unemployment by five-year age group and sex - indicators,I,BEL,Belgium,UNE_RATE,Unemployment rate,PT_LF_SUB,Percentage of labour force in the same subgroup,_T,Total,_T,Total,UNE,Unemployment,2025,,6.182,,A,Normal value,,,1,One
DATAFLOW,OECD.ELS.SAE:DSD_LFS@DF_LFS_INDIC(1.1),Employment and unemployment by five-year age group and sex - indicators,I,CHL,Chile,UNE_RATE,Unemployment rate,PT_LF_SUB,Percentage of labour force in the same subgroup,_T,Total,Y15T64,From 15 to 64 years,UNE,Unemployment,2025,,8.797,,A,Normal value,,,1,One
DATAFLOW,OECD.ELS.SAE:DSD_LFS@DF_LFS_INDIC(1.1),Employment and unemployment by five-year age group and sex - indicators,I,CHL,Chile,UNE_RATE,Unemployment rate,PT_LF_SUB,Percentage of labour force in the same subgroup,_T,Total,_T,Total,UNE,Unemployment,2025,,8.554,,A,Normal value,,,1,One
DATAFLOW,OECD.ELS.SAE:DSD_LFS@DF_LFS_INDIC(1.1),Employment and unemployment by five-year age group and sex - indicators,I,COL,Colombia,UNE_RATE,Unemployment rate,PT_LF_SUB,Percentage of labour force in the same subgroup,_T,Total,_T,Total,UNE,Unemployment,2025,,8.893,,A,Normal value,,,1,One
DATAFLOW,OECD.ELS.SAE:DSD_LFS@DF_LFS_INDIC(1.1),Employment and unemployment by five-year age group and sex - indicators,I,COL,Colombia,UNE_RATE,Unemployment rate,PT_LF_SUB,Percentage of labour force in the same subgroup,_T,Total,Y15T64,From 15 to 64 years,UNE,Unemployment,2025,,9.17,,A,Normal value,,,1,One
DATAFLOW,OECD.ELS.SAE:DSD_LFS@DF_LFS_INDIC(1.1),Employment and unemployment by five-year age group and sex - indicators,I,CRI,Costa Rica,UNE_RATE,Unemployment rate,PT_LF_SUB,Percentage of labour force in the same subgroup,_T,Total,Y15T64,From 15 to 64 years,UNE,Unemployment,2025,,6.922,,A,Normal value,,,1,One
DATAFLOW,OECD.ELS.SAE:DSD_LFS@DF_LFS_INDIC(1.1),Employment and unemployment by five-year age group and sex - indicators,I,CRI,Costa Rica,UNE_RATE,Unemployment rate,PT_LF_SUB,Percentage of labour force in the same subgroup,_T,Total,_T,Total,UNE,Unemployment,2025,,6.737,,A,Normal value,,,1,One
DATAFLOW,OECD.ELS.SAE:DSD_LFS@DF_LFS_INDIC(1.1),Employment and unemployment by five-year age group and sex - indicators,I,CZE,Czechia,UNE_RATE,Unemployment rate,PT_LF_SUB,Percentage of labour force in the same subgroup,_T,Total,Y15T64,From 15 to 64 years,UNE,Unemployment,2025,,2.862,,A,Normal value,,,1,One
DATAFLOW,OECD.ELS.SAE:DSD_LFS@DF_LFS_INDIC(1.1),Employment and unemployment by five-year age group and sex - indicators,I,CZE,Czechia,UNE_RATE,Unemployment rate,PT_LF_SUB,Percentage of labour force in the same subgroup,_T,Total,_T,Total,UNE,Unemployment,2025,,2.789,,A,Normal value,,,1,One
DATAFLOW,OECD.ELS.SAE:DSD_LFS@DF_LFS_INDIC(1.1),Employment and unemployment by five-year age group and sex - indicators,I,DNK,Denmark,UNE_RATE,Unemployment rate,PT_LF_SUB,Percentage of labour force in the same subgroup,_T,Total,_T,Total,UNE,Unemployment,2025,,6.057,,A,Normal value,,,1,One
DATAFLOW,OECD.ELS.SAE:DSD_LFS@DF_LFS_INDIC(1.1),Employment and unemployment by five-year age group and sex - indicators,I,DNK,Denmark,UNE_RATE,Unemployment rate,PT_LF_SUB,Percentage of labour force in the same subgroup,_T,Total,Y15T64,From 15 to 64 years,UNE,Unemployment,2025,,6.38,,A,Normal value,,,1,One
DATAFLOW,OECD.ELS.SAE:DSD_LFS@DF_LFS_INDIC(1.1),Employment and unemployment by five-year age group and sex - indicators,I,EST,Estonia,UNE_RATE,Unemployment rate,PT_LF_SUB,Percentage of labour force in the same subgroup,_T,Total,Y15T64,From 15 to 64 years,UNE,Unemployment,2025,,7.695,,A,Normal value,,,1,One
DATAFLOW,OECD.ELS.SAE:DSD_LFS@DF_LFS_INDIC(1.1),Employment and unemployment by five-year age group and sex - indicators,I,EST,Estonia,UNE_RATE,Unemployment rate,PT_LF_SUB,Percentage of labour force in the same subgroup,_T,Total,_T,Total,UNE,Unemployment,2025,,7.423,,A,Normal value,,,1,One
DATAFLOW,OECD.ELS.SAE:DSD_LFS@DF_LFS_INDIC(1.1),Employment and unemployment by five-year age group and sex - indicators,I,FIN,Finland,UNE_RATE,Unemployment rate,PT_LF_SUB,Percentage of labour force in the same subgroup,_T,Total,Y15T64,From 15 to 64 years,UNE,Unemployment,2025,,9.766,,A,Normal value,,,1,One
DATAFLOW,OECD.ELS.SAE:DSD_LFS@DF_LFS_INDIC(1.1),Employment and unemployment by five-year age group and sex - indicators,I,FIN,Finland,UNE_RATE,Unemployment rate,PT_LF_SUB,Percentage of labour force in the same subgroup,_T,Total,_T,Total,UNE,Unemployment,2025,,9.605,,A,Normal value,,,1,One
DATAFLOW,OECD.ELS.SAE:DSD_LFS@DF_LFS_INDIC(1.1),Employment and unemployment by five-year age group and sex - indicators,I,FRA,France,UNE_RATE,Unemployment rate,PT_LF_SUB,Percentage of labour force in the same subgroup,_T,Total,_T,Total,UNE,Unemployment,2025,,7.66,,A,Normal value,,,1,One
DATAFLOW,OECD.ELS.SAE:DSD_LFS@DF_LFS_INDIC(1.1),Employment and unemployment by five-year age group and sex - indicators,I,FRA,France,UNE_RATE,Unemployment rate,PT_LF_SUB,Percentage of labour force in the same subgroup,_T,Total,Y15T64,From 15 to 64 years,UNE,Unemployment,2025,,7.731,,A,Normal value,,,1,One
DATAFLOW,OECD.ELS.SAE:DSD_LFS@DF_LFS_INDIC(1.1),Employment and unemployment by five-year age group and sex - indicators,I,DEU,Germany,UNE_RATE,Unemployment rate,PT_LF_SUB,Percentage of labour force in the same subgroup,_T,Total,Y15T64,From 15 to 64 years,UNE,Unemployment,2025,,3.94,,A,Normal value,,,1,One
DATAFLOW,OECD.ELS.SAE:DSD_LFS@DF_LFS_INDIC(1.1),Employment and unemployment by five-year age group and sex - indicators,I,DEU,Germany,UNE_RATE,Unemployment rate,PT_LF_SUB,Percentage of labour force in the same subgroup,_T,Total,_T,Total,UNE,Unemployment,2025,,3.824,,A,Normal value,,,1,One
DATAFLOW,OECD.ELS.SAE:DSD_LFS@DF_LFS_INDIC(1.1),Employment and unemployment by five-year age group and sex - indicators,I,GRC,Greece,UNE_RATE,Unemployment rate,PT_LF_SUB,Percentage of labour force in the same subgroup,_T,Total,Y15T64,From 15 to 64 years,UNE,Unemployment,2025,,8.937,,A,Normal value,,,1,One
DATAFLOW,OECD.ELS.SAE:DSD_LFS@DF_LFS_INDIC(1.1),Employment and unemployment by five-year age group and sex - indicators,I,GRC,Greece,UNE_RATE,Unemployment rate,PT_LF_SUB,Percentage of labour force in the same subgroup,_T,Total,_T,Total,UNE,Unemployment,2025,,8.86,,A,Normal value,,,1,One
DATAFLOW,OECD.ELS.SAE:DSD_LFS@DF_LFS_INDIC(1.1),Employment and unemployment by five-year age group and sex - indicators,I,HUN,Hungary,UNE_RATE,Unemployment rate,PT_LF_SUB,Percentage of labour force in the same subgroup,_T,Total,_T,Total,UNE,Unemployment,2025,,4.43,,A,Normal value,,,1,One
DATAFLOW,OECD.ELS.SAE:DSD_LFS@DF_LFS_INDIC(1.1),Employment and unemployment by five-year age group and sex - indicators,I,HUN,Hungary,UNE_RATE,Unemployment rate,PT_LF_SUB,Percentage of labour force in the same subgroup,_T,Total,Y15T64,From 15 to 64 years,UNE,Unemployment,2025,,4.476,,A,Normal value,,,1,One
DATAFLOW,OECD.ELS.SAE:DSD_LFS@DF_LFS_INDIC(1.1),Employment and unemployment by five-year age group and sex - indicators,I,ISL,Iceland,UNE_RATE,Unemployment rate,PT_LF_SUB,Percentage of labour force in the same subgroup,_T,Total,Y15T64,From 15 to 64 years,UNE,Unemployment,2025,,4.388,,A,Normal value,,,1,One
DATAFLOW,OECD.ELS.SAE:DSD_LFS@DF_LFS_INDIC(1.1),Employment and unemployment by five-year age group and sex - indicators,I,ISL,Iceland,UNE_RATE,Unemployment rate,PT_LF_SUB,Percentage of labour force in the same subgroup,_T,Total,_T,Total,UNE,Unemployment,2025,,4.209,,A,Normal value,,,1,One
DATAFLOW,OECD.ELS.SAE:DSD_LFS@DF_LFS_INDIC(1.1),Employment and unemployment by five-year age group and sex - indicators,I,IRL,Ireland,UNE_RATE,Unemployment rate,PT_LF_SUB,Percentage of labour force in the same subgroup,_T,Total,Y15T64,From 15 to 64 years,UNE,Unemployment,2025,,3.773,,A,Normal value,,,1,One
DATAFLOW,OECD.ELS.SAE:DSD_LFS@DF_LFS_INDIC(1.1),Employment and unemployment by five-year age group and sex - indicators,I,IRL,Ireland,UNE_RATE,Unemployment rate,PT_LF_SUB,Percentage of labour force in the same subgroup,_T,Total,_T,Total,UNE,Unemployment,2025,,3.616,,A,Normal value,,,1,One
DATAFLOW,OECD.ELS.SAE:DSD_LFS@DF_LFS_INDIC(1.1),Employment and unemployment by five-year age group and sex - indicators,I,ISR,Israel,UNE_RATE,Unemployment rate,PT_LF_SUB,Percentage of labour force in the same subgroup,_T,Total,Y15T64,From 15 to 64 years,UNE,Unemployment,2025,,3.058,,A,Normal value,,,1,One
DATAFLOW,OECD.ELS.SAE:DSD_LFS@DF_LFS_INDIC(1.1),Employment and unemployment by five-year age group and sex - indicators,I,ISR,Israel,UNE_RATE,Unemployment rate,PT_LF_SUB,Percentage of labour force in the same subgroup,_T,Total,_T,Total,UNE,Unemployment,2025,,2.94,,A,Normal value,,,1,One
DATAFLOW,OECD.ELS.SAE:DSD_LFS@DF_LFS_INDIC(1.1),Employment and unemployment by five-year age group and sex - indicators,I,ITA,Italy,UNE_RATE,Unemployment rate,PT_LF_SUB,Percentage of labour force in the same subgroup,_T,Total,_T,Total,UNE,Unemployment,2025,,6.132,,A,Normal value,,,1,One
DATAFLOW,OECD.ELS.SAE:DSD_LFS@DF_LFS_INDIC(1.1),Employment and unemployment by five-year age group and sex - indicators,I,ITA,Italy,UNE_RATE,Unemployment rate,PT_LF_SUB,Percentage of labour force in the same subgroup,_T,Total,Y15T64,From 15 to 64 years,UNE,Unemployment,2025,,6.289,,A,Normal value,,,1,One
DATAFLOW,OECD.ELS.SAE:DSD_LFS@DF_LFS_INDIC(1.1),Employment and unemployment by five-year age group and sex - indicators,I,JPN,Japan,UNE_RATE,Unemployment rate,PT_LF_SUB,Percentage of labour force in the same subgroup,_T,Total,_T,Total,UNE,Unemployment,2025,,2.499,,A,Normal value,,,1,One
DATAFLOW,OECD.ELS.SAE:DSD_LFS@DF_LFS_INDIC(1.1),Employment and unemployment by five-year age group and sex - indicators,I,JPN,Japan,UNE_RATE,Unemployment rate,PT_LF_SUB,Percentage of labour force in the same subgroup,_T,Total,Y15T64,From 15 to 64 years,UNE,Unemployment,2025,,2.598,,A,Normal value,,,1,One
DATAFLOW,OECD.ELS.SAE:DSD_LFS@DF_LFS_INDIC(1.1),Employment and unemployment by five-year age group and sex - indicators,I,KOR,Korea,UNE_RATE,Unemployment rate,PT_LF_SUB,Percentage of labour force in the same subgroup,_T,Total,Y15T64,From 15 to 64 years,UNE,Unemployment,2025,,2.771,,A,Normal value,,,1,One
DATAFLOW,OECD.ELS.SAE:DSD_LFS@DF_LFS_INDIC(1.1),Employment and unemployment by five-year age group and sex - indicators,I,KOR,Korea,UNE_RATE,Unemployment rate,PT_LF_SUB,Percentage of labour force in the same subgroup,_T,Total,_T,Total,UNE,Unemployment,2025,,2.804,,A,Normal value,,,1,One
DATAFLOW,OECD.ELS.SAE:DSD_LFS@DF_LFS_INDIC(1.1),Employment and unemployment by five-year age group and sex - indicators,I,LVA,Latvia,UNE_RATE,Unemployment rate,PT_LF_SUB,Percentage of labour force in the same subgroup,_T,Total,Y15T64,From 15 to 64 years,UNE,Unemployment,2025,,7.29,,A,Normal value,,,1,One
DATAFLOW,OECD.ELS.SAE:DSD_LFS@DF_LFS_INDIC(1.1),Employment and unemployment by five-year age group and sex - indicators,I,LVA,Latvia,UNE_RATE,Unemployment rate,PT_LF_SUB,Percentage of labour force in the same subgroup,_T,Total,_T,Total,UNE,Unemployment,2025,,6.877,,A,Normal value,,,1,One
DATAFLOW,OECD.ELS.SAE:DSD_LFS@DF_LFS_INDIC(1.1),Employment and unemployment by five-year age group and sex - indicators,I,LTU,Lithuania,UNE_RATE,Unemployment rate,PT_LF_SUB,Percentage of labour force in the same subgroup,_T,Total,_T,Total,UNE,Unemployment,2025,,6.86,,A,Normal value,,,1,One
DATAFLOW,OECD.ELS.SAE:DSD_LFS@DF_LFS_INDIC(1.1),Employment and unemployment by five-year age group and sex - indicators,I,LTU,Lithuania,UNE_RATE,Unemployment rate,PT_LF_SUB,Percentage of labour force in the same subgroup,_T,Total,Y15T64,From 15 to 64 years,UNE,Unemployment,2025,,7.112,,A,Normal value,,,1,One
DATAFLOW,OECD.ELS.SAE:DSD_LFS@DF_LFS_INDIC(1.1),Employment and unemployment by five-year age group and sex - indicators,I,LUX,Luxembourg,UNE_RATE,Unemployment rate,PT_LF_SUB,Percentage of labour force in the same subgroup,_T,Total,_T,Total,UNE,Unemployment,2025,,6.44,,A,Normal value,,,1,One
DATAFLOW,OECD.ELS.SAE:DSD_LFS@DF_LFS_INDIC(1.1),Employment and unemployment by five-year age group and sex - indicators,I,LUX,Luxembourg,UNE_RATE,Unemployment rate,PT_LF_SUB,Percentage of labour force in the same subgroup,_T,Total,Y15T64,From 15 to 64 years,UNE,Unemployment,2025,,6.5,,A,Normal value,,,1,One
DATAFLOW,OECD.ELS.SAE:DSD_LFS@DF_LFS_INDIC(1.1),Employment and unemployment by five-year age group and sex - indicators,I,MEX,Mexico,UNE_RATE,Unemployment rate,PT_LF_SUB,Percentage of labour force in the same subgroup,_T,Total,Y15T64,From 15 to 64 years,UNE,Unemployment,2025,,2.758,,A,Normal value,,,1,One
DATAFLOW,OECD.ELS.SAE:DSD_LFS@DF_LFS_INDIC(1.1),Employment and unemployment by five-year age group and sex - indicators,I,MEX,Mexico,UNE_RATE,Unemployment rate,PT_LF_SUB,Percentage of labour force in the same subgroup,_T,Total,_T,Total,UNE,Unemployment,2025,,2.64,,A,Normal value,,,1,One
DATAFLOW,OECD.ELS.SAE:DSD_LFS@DF_LFS_INDIC(1.1),Employment and unemployment by five-year age group and sex - indicators,I,NLD,Netherlands,UNE_RATE,Unemployment rate,PT_LF_SUB,Percentage of labour force in the same subgroup,_T,Total,Y15T64,From 15 to 64 years,UNE,Unemployment,2025,,3.897,,A,Normal value,,,1,One
DATAFLOW,OECD.ELS.SAE:DSD_LFS@DF_LFS_INDIC(1.1),Employment and unemployment by five-year age group and sex - indicators,I,NLD,Netherlands,UNE_RATE,Unemployment rate,PT_LF_SUB,Percentage of labour force in the same subgroup,_T,Total,_T,Total,UNE,Unemployment,2025,,3.846,,A,Normal value,,,1,One
DATAFLOW,OECD.ELS.SAE:DSD_LFS@DF_LFS_INDIC(1.1),Employment and unemployment by five-year age group and sex - indicators,I,NZL,New Zealand,UNE_RATE,Unemployment rate,PT_LF_SUB,Percentage of labour force in the same subgroup,_T,Total,Y15T64,From 15 to 64 years,UNE,Unemployment,2025,,5.547,,A,Normal value,,,1,One
DATAFLOW,OECD.ELS.SAE:DSD_LFS@DF_LFS_INDIC(1.1),Employment and unemployment by five-year age group and sex - indicators,I,NZL,New Zealand,UNE_RATE,Unemployment rate,PT_LF_SUB,Percentage of labour force in the same subgroup,_T,Total,_T,Total,UNE,Unemployment,2025,,5.264,,A,Normal value,,,1,One
DATAFLOW,OECD.ELS.SAE:DSD_LFS@DF_LFS_INDIC(1.1),Employment and unemployment by five-year age group and sex - indicators,I,NOR,Norway,UNE_RATE,Unemployment rate,PT_LF_SUB,Percentage of labour force in the same subgroup,_T,Total,_T,Total,UNE,Unemployment,2025,,4.452,,A,Normal value,,,1,One
DATAFLOW,OECD.ELS.SAE:DSD_LFS@DF_LFS_INDIC(1.1),Employment and unemployment by five-year age group and sex - indicators,I,NOR,Norway,UNE_RATE,Unemployment rate,PT_LF_SUB,Percentage of labour force in the same subgroup,_T,Total,Y15T64,From 15 to 64 years,UNE,Unemployment,2025,,4.643,,A,Normal value,,,1,One
DATAFLOW,OECD.ELS.SAE:DSD_LFS@DF_LFS_INDIC(1.1),Employment and unemployment by five-year age group and sex - indicators,I,POL,Poland,UNE_RATE,Unemployment rate,PT_LF_SUB,Percentage of labour force in the same subgroup,_T,Total,Y15T64,From 15 to 64 years,UNE,Unemployment,2025,,3.2,,A,Normal value,,,1,One
DATAFLOW,OECD.ELS.SAE:DSD_LFS@DF_LFS_INDIC(1.1),Employment and unemployment by five-year age group and sex - indicators,I,POL,Poland,UNE_RATE,Unemployment rate,PT_LF_SUB,Percentage of labour force in the same subgroup,_T,Total,_T,Total,UNE,Unemployment,2025,,3.134,,A,Normal value,,,1,One
DATAFLOW,OECD.ELS.SAE:DSD_LFS@DF_LFS_INDIC(1.1),Employment and unemployment by five-year age group and sex - indicators,I,PRT,Portugal,UNE_RATE,Unemployment rate,PT_LF_SUB,Percentage of labour force in the same subgroup,_T,Total,Y15T64,From 15 to 64 years,UNE,Unemployment,2025,,6.177,,A,Normal value,,,1,One
DATAFLOW,OECD.ELS.SAE:DSD_LFS@DF_LFS_INDIC(1.1),Employment and unemployment by five-year age group and sex - indicators,I,PRT,Portugal,UNE_RATE,Unemployment rate,PT_LF_SUB,Percentage of labour force in the same subgroup,_T,Total,_T,Total,UNE,Unemployment,2025,,6.003,,A,Normal value,,,1,One
DATAFLOW,OECD.ELS.SAE:DSD_LFS@DF_LFS_INDIC(1.1),Employment and unemployment by five-year age group and sex - indicators,I,SVK,Slovak Republic,UNE_RATE,Unemployment rate,PT_LF_SUB,Percentage of labour force in the same subgroup,_T,Total,Y15T64,From 15 to 64 years,UNE,Unemployment,2025,,5.508,,A,Normal value,,,1,One
DATAFLOW,OECD.ELS.SAE:DSD_LFS@DF_LFS_INDIC(1.1),Employment and unemployment by five-year age group and sex - indicators,I,SVK,Slovak Republic,UNE_RATE,Unemployment rate,PT_LF_SUB,Percentage of labour force in the same subgroup,_T,Total,_T,Total,UNE,Unemployment,2025,,5.414,,A,Normal value,,,1,One
DATAFLOW,OECD.ELS.SAE:DSD_LFS@DF_LFS_INDIC(1.1),Employment and unemployment by five-year age group and sex - indicators,I,SVN,Slovenia,UNE_RATE,Unemployment rate,PT_LF_SUB,Percentage of labour force in the same subgroup,_T,Total,Y15T64,From 15 to 64 years,UNE,Unemployment,2025,,3.801,,A,Normal value,,,1,One
DATAFLOW,OECD.ELS.SAE:DSD_LFS@DF_LFS_INDIC(1.1),Employment and unemployment by five-year age group and sex - indicators,I,SVN,Slovenia,UNE_RATE,Unemployment rate,PT_LF_SUB,Percentage of labour force in the same subgroup,_T,Total,_T,Total,UNE,Unemployment,2025,,3.867,,A,Normal value,,,1,One
DATAFLOW,OECD.ELS.SAE:DSD_LFS@DF_LFS_INDIC(1.1),Employment and unemployment by five-year age group and sex - indicators,I,ESP,Spain,UNE_RATE,Unemployment rate,PT_LF_SUB,Percentage of labour force in the same subgroup,_T,Total,Y15T64,From 15 to 64 years,UNE,Unemployment,2025,,10.596,,A,Normal value,,,1,One
DATAFLOW,OECD.ELS.SAE:DSD_LFS@DF_LFS_INDIC(1.1),Employment and unemployment by five-year age group and sex - indicators,I,ESP,Spain,UNE_RATE,Unemployment rate,PT_LF_SUB,Percentage of labour force in the same subgroup,_T,Total,_T,Total,UNE,Unemployment,2025,,10.504,,A,Normal value,,,1,One
DATAFLOW,OECD.ELS.SAE:DSD_LFS@DF_LFS_INDIC(1.1),Employment and unemployment by five-year age group and sex - indicators,I,SWE,Sweden,UNE_RATE,Unemployment rate,PT_LF_SUB,Percentage of labour force in the same subgroup,_T,Total,_T,Total,UNE,Unemployment,2025,,8.837,,A,Normal value,,,1,One
DATAFLOW,OECD.ELS.SAE:DSD_LFS@DF_LFS_INDIC(1.1),Employment and unemployment by five-year age group and sex - indicators,I,SWE,Sweden,UNE_RATE,Unemployment rate,PT_LF_SUB,Percentage of labour force in the same subgroup,_T,Total,Y15T64,From 15 to 64 years,UNE,Unemployment,2025,,9.017,,A,Normal value,,,1,One
DATAFLOW,OECD.ELS.SAE:DSD_LFS@DF_LFS_INDIC(1.1),Employment and unemployment by five-year age group and sex - indicators,I,CHE,Switzerland,UNE_RATE,Unemployment rate,PT_LF_SUB,Percentage of labour force in the same subgroup,_T,Total,Y15T64,From 15 to 64 years,UNE,Unemployment,2025,,5.004,,A,Normal value,,,1,One
DATAFLOW,OECD.ELS.SAE:DSD_LFS@DF_LFS_INDIC(1.1),Employment and unemployment by five-year age group and sex - indicators,I,CHE,Switzerland,UNE_RATE,Unemployment rate,PT_LF_SUB,Percentage of labour force in the same subgroup,_T,Total,_T,Total,UNE,Unemployment,2025,,4.838,,A,Normal value,,,1,One
DATAFLOW,OECD.ELS.SAE:DSD_LFS@DF_LFS_INDIC(1.1),Employment and unemployment by five-year age group and sex - indicators,I,TUR,Türkiye,UNE_RATE,Unemployment rate,PT_LF_SUB,Percentage of labour force in the same subgroup,_T,Total,Y15T64,From 15 to 64 years,UNE,Unemployment,2025,,8.533,,A,Normal value,,,1,One
DATAFLOW,OECD.ELS.SAE:DSD_LFS@DF_LFS_INDIC(1.1),Employment and unemployment by five-year age group and sex - indicators,I,TUR,Türkiye,UNE_RATE,Unemployment rate,PT_LF_SUB,Percentage of labour force in the same subgroup,_T,Total,_T,Total,UNE,Unemployment,2025,,8.345,,A,Normal value,,,1,One
DATAFLOW,OECD.ELS.SAE:DSD_LFS@DF_LFS_INDIC(1.1),Employment and unemployment by five-year age group and sex - indicators,I,GBR,United Kingdom,UNE_RATE,Unemployment rate,PT_LF_SUB,Percentage of labour force in the same subgroup,_T,Total,_T,Total,UNE,Unemployment,2025,,4.404,,A,Normal value,,,1,One
DATAFLOW,OECD.ELS.SAE:DSD_LFS@DF_LFS_INDIC(1.1),Employment and unemployment by five-year age group and sex - indicators,I,GBR,United Kingdom,UNE_RATE,Unemployment rate,PT_LF_SUB,Percentage of labour force in the same subgroup,_T,Total,Y15T64,From 15 to 64 years,UNE,Unemployment,2025,,4.503,,A,Normal value,,,1,One
DATAFLOW,OECD.ELS.SAE:DSD_LFS@DF_LFS_INDIC(1.1),Employment and unemployment by five-year age group and sex - indicators,I,USA,United States,UNE_RATE,Unemployment rate,PT_LF_SUB,Percentage of labour force in the same subgroup,_T,Total,_T,Total,UNE,Unemployment,2025,,4.283,,A,Normal value,,,1,One
DATAFLOW,OECD.ELS.SAE:DSD_LFS@DF_LFS_INDIC(1.1),Employment and unemployment by five-year age group and sex - indicators,I,USA,United States,UNE_RATE,Unemployment rate,PT_LF_SUB,Percentage of labour force in the same subgroup,_T,Total,Y15T64,From 15 to 64 years,UNE,Unemployment,2025,,4.353,,A,Normal value,,,1,One
DATAFLOW,OECD.ELS.SAE:DSD_LFS@DF_LFS_INDIC(1.1),Employment and unemployment by five-year age group and sex - indicators,I,G7,G7,UNE_RATE,Unemployment rate,PT_LF_SUB,Percentage of labour force in the same subgroup,_T,Total,_T,Total,UNE,Unemployment,2025,,4.46,,A,Normal value,,,1,One
DATAFLOW,OECD.ELS.SAE:DSD_LFS@DF_LFS_INDIC(1.1),Employment and unemployment by five-year age group and sex - indicators,I,G7,G7,UNE_RATE,Unemployment rate,PT_LF_SUB,Percentage of labour force in the same subgroup,_T,Total,Y15T64,From 15 to 64 years,UNE,Unemployment,2025,,4.596,,A,Normal value,,,1,One
DATAFLOW,OECD.ELS.SAE:DSD_LFS@DF_LFS_INDIC(1.1),Employment and unemployment by five-year age group and sex - indicators,I,EU27,European Union (27 countries),UNE_RATE,Unemployment rate,PT_LF_SUB,Percentage of labour force in the same subgroup,_T,Total,_T,Total,UNE,Unemployment,2025,,5.98,,A,Normal value,,,1,One
DATAFLOW,OECD.ELS.SAE:DSD_LFS@DF_LFS_INDIC(1.1),Employment and unemployment by five-year age group and sex - indicators,I,EU27,European Union (27 countries),UNE_RATE,Unemployment rate,PT_LF_SUB,Percentage of labour force in the same subgroup,_T,Total,Y15T64,From 15 to 64 years,UNE,Unemployment,2025,,6.098,,A,Normal value,,,1,One
DATAFLOW,OECD.ELS.SAE:DSD_LFS@DF_LFS_INDIC(1.1),Employment and unemployment by five-year age group and sex - indicators,I,EU19OECD,European Union (19 countries) in OECD,UNE_RATE,Unemployment rate,PT_LF_SUB,Percentage of labour force in the same subgroup,_T,Total,_T,Total,UNE,Unemployment,2025,,6.371,,A,Normal value,,,1,One
DATAFLOW,OECD.ELS.SAE:DSD_LFS@DF_LFS_INDIC(1.1),Employment and unemployment by five-year age group and sex - indicators,I,EU19OECD,European Union (19 countries) in OECD,UNE_RATE,Unemployment rate,PT_LF_SUB,Percentage of labour force in the same subgroup,_T,Total,Y15T64,From 15 to 64 years,UNE,Unemployment,2025,,6.501,,A,Normal value,,,1,One
DATAFLOW,OECD.ELS.SAE:DSD_LFS@DF_LFS_INDIC(1.1),Employment and unemployment by five-year age group and sex - indicators,I,EU22OECD,European Union (22 countries) in OECD,UNE_RATE,Unemployment rate,PT_LF_SUB,Percentage of labour force in the same subgroup,_T,Total,_T,Total,UNE,Unemployment,2025,,6.029,,A,Normal value,,,1,One
DATAFLOW,OECD.ELS.SAE:DSD_LFS@DF_LFS_INDIC(1.1),Employment and unemployment by five-year age group and sex - indicators,I,EU22OECD,European Union (22 countries) in OECD,UNE_RATE,Unemployment rate,PT_LF_SUB,Percentage of labour force in the same subgroup,_T,Total,Y15T64,From 15 to 64 years,UNE,Unemployment,2025,,6.153,,A,Normal value,,,1,One
DATAFLOW,OECD.ELS.SAE:DSD_LFS@DF_LFS_INDIC(1.1),Employment and unemployment by five-year age group and sex - indicators,I,OECD,OECD,UNE_RATE,Unemployment rate,PT_LF_SUB,Percentage of labour force in the same subgroup,_T,Total,Y15T64,From 15 to 64 years,UNE,Unemployment,2025,,5.108,,A,Normal value,,,1,One
DATAFLOW,OECD.ELS.SAE:DSD_LFS@DF_LFS_INDIC(1.1),Employment and unemployment by five-year age group and sex - indicators,I,OECD,OECD,UNE_RATE,Unemployment rate,PT_LF_SUB,Percentage of labour force in the same subgroup,_T,Total,_T,Total,UNE,Unemployment,2025,,4.953,,A,Normal value,,,1,One
DATAFLOW,OECD.ELS.SAE:DSD_LFS@DF_LFS_INDIC(1.1),Employment and unemployment by five-year age group and sex - indicators,I,OECD_REP,OECD average country,UNE_RATE,Unemployment rate,PT_LF_SUB,Percentage of labour force in the same subgroup,_T,Total,_T,Total,UNE,Unemployment,2025,,5.681,,A,Normal value,,,1,One
DATAFLOW,OECD.ELS.SAE:DSD_LFS@DF_LFS_INDIC(1.1),Employment and unemployment by five-year age group and sex - indicators,I,OECD_REP,OECD average country,UNE_RATE,Unemployment rate,PT_LF_SUB,Percentage of labour force in the same subgroup,_T,Total,Y15T64,From 15 to 64 years,UNE,Unemployment,2025,,5.822,,A,Normal value,,,1,One
DATAFLOW,OECD.ELS.SAE:DSD_LFS@DF_LFS_INDIC(1.1),Employment and unemployment by five-year age group and sex - indicators,I,HRV,Croatia,UNE_RATE,Unemployment rate,PT_LF_SUB,Percentage of labour force in the same subgroup,_T,Total,_T,Total,UNE,Unemployment,2025,,4.847,,A,Normal value,,,1,One
DATAFLOW,OECD.ELS.SAE:DSD_LFS@DF_LFS_INDIC(1.1),Employment and unemployment by five-year age group and sex - indicators,I,HRV,Croatia,UNE_RATE,Unemployment rate,PT_LF_SUB,Percentage of labour force in the same subgroup,_T,Total,Y15T64,From 15 to 64 years,UNE,Unemployment,2025,,4.912,,A,Normal value,,,1,One
DATAFLOW,OECD.ELS.SAE:DSD_LFS@DF_LFS_INDIC(1.1),Employment and unemployment by five-year age group and sex - indicators,I,CYP,Cyprus,UNE_RATE,Unemployment rate,PT_LF_SUB,Percentage of labour force in the same subgroup,_T,Total,_T,Total,UNE,Unemployment,2025,,4.337,,A,Normal value,,,1,One
DATAFLOW,OECD.ELS.SAE:DSD_LFS@DF_LFS_INDIC(1.1),Employment and unemployment by five-year age group and sex - indicators,I,CYP,Cyprus,UNE_RATE,Unemployment rate,PT_LF_SUB,Percentage of labour force in the same subgroup,_T,Total,Y15T64,From 15 to 64 years,UNE,Unemployment,2025,,4.405,,A,Normal value,,,1,One
DATAFLOW,OECD.ELS.SAE:DSD_LFS@DF_LFS_INDIC(1.1),Employment and unemployment by five-year age group and sex - indicators,I,IND,India,UNE_RATE,Unemployment rate,PT_LF_SUB,Percentage of labour force in the same subgroup,_T,Total,Y15T64,From 15 to 64 years,UNE,Unemployment,2025,,5.446,,A,Normal value,,,1,One
DATAFLOW,OECD.ELS.SAE:DSD_LFS@DF_LFS_INDIC(1.1),Employment and unemployment by five-year age group and sex - indicators,I,IND,India,UNE_RATE,Unemployment rate,PT_LF_SUB,Percentage of labour force in the same subgroup,_T,Total,_T,Total,UNE,Unemployment,2025,,5.258,,A,Normal value,,,1,One
DATAFLOW,OECD.ELS.SAE:DSD_LFS@DF_LFS_INDIC(1.1),Employment and unemployment by five-year age group and sex - indicators,I,MLT,Malta,UNE_RATE,Unemployment rate,PT_LF_SUB,Percentage of labour force in the same subgroup,_T,Total,_T,Total,UNE,Unemployment,2025,,3.025,,A,Normal value,,,1,One
DATAFLOW,OECD.ELS.SAE:DSD_LFS@DF_LFS_INDIC(1.1),Employment and unemployment by five-year age group and sex - indicators,I,MLT,Malta,UNE_RATE,Unemployment rate,PT_LF_SUB,Percentage of labour force in the same subgroup,_T,Total,Y15T64,From 15 to 64 years,UNE,Unemployment,2025,,3.089,,A,Normal value,,,1,One
DATAFLOW,OECD.ELS.SAE:DSD_LFS@DF_LFS_INDIC(1.1),Employment and unemployment by five-year age group and sex - indicators,I,MKD,North Macedonia,UNE_RATE,Unemployment rate,PT_LF_SUB,Percentage of labour force in the same subgroup,_T,Total,Y15T64,From 15 to 64 years,UNE,Unemployment,2025,,11.677,,A,Normal value,,,1,One
DATAFLOW,OECD.ELS.SAE:DSD_LFS@DF_LFS_INDIC(1.1),Employment and unemployment by five-year age group and sex - indicators,I,MKD,North Macedonia,UNE_RATE,Unemployment rate,PT_LF_SUB,Percentage of labour force in the same subgroup,_T,Total,_T,Total,UNE,Unemployment,2025,,11.515,,A,Normal value,,,1,One
DATAFLOW,OECD.ELS.SAE:DSD_LFS@DF_LFS_INDIC(1.1),Employment and unemployment by five-year age group and sex - indicators,I,ROU,Romania,UNE_RATE,Unemployment rate,PT_LF_SUB,Percentage of labour force in the same subgroup,_T,Total,_T,Total,UNE,Unemployment,2025,,6.104,,A,Normal value,,,1,One
DATAFLOW,OECD.ELS.SAE:DSD_LFS@DF_LFS_INDIC(1.1),Employment and unemployment by five-year age group and sex - indicators,I,ROU,Romania,UNE_RATE,Unemployment rate,PT_LF_SUB,Percentage of labour force in the same subgroup,_T,Total,Y15T64,From 15 to 64 years,UNE,Unemployment,2025,,6.113,,A,Normal value,,,1,One
DATAFLOW,OECD.ELS.SAE:DSD_LFS@DF_LFS_INDIC(1.1),Employment and unemployment by five-year age group and sex - indicators,I,ZAF,South Africa,UNE_RATE,Unemployment rate,PT_LF_SUB,Percentage of labour force in the same subgroup,_T,Total,Y15T64,From 15 to 64 years,UNE,Unemployment,2025,,32.38,,A,Normal value,,,1,One
DATAFLOW,OECD.ELS.SAE:DSD_LFS@DF_LFS_INDIC(1.1),Employment and unemployment by five-year age group and sex - indicators,I,ZAF,South Africa,UNE_RATE,Unemployment rate,PT_LF_SUB,Percentage of labour force in the same subgroup,_T,Total,_T,Total,UNE,Unemployment,2025,,32.12,,A,Normal value,,,1,One
DATAFLOW,OECD.ELS.SAE:DSD_LFS@DF_LFS_INDIC(1.1),Employment and unemployment by five-year age group and sex - indicators,I,AUS,Australia,UNE_RATE,Unemployment rate,PT_LF_SUB,Percentage of labour force in the same subgroup,_T,Total,_T,Total,UNE,Unemployment,2021,,5.139,,A,Normal value,,,1,One
DATAFLOW,OECD.ELS.SAE:DSD_LFS@DF_LFS_INDIC(1.1),Employment and unemployment by five-year age group and sex - indicators,I,AUT,Austria,UNE_RATE,Unemployment rate,PT_LF_SUB,Percentage of labour force in the same subgroup,_T,Total,Y15T64,From 15 to 64 years,UNE,Unemployment,2021,,6.267,,A,Normal value,,,1,One
DATAFLOW,OECD.ELS.SAE:DSD_LFS@DF_LFS_INDIC(1.1),Employment and unemployment by five-year age group and sex - indicators,I,AUT,Austria,UNE_RATE,Unemployment rate,PT_LF_SUB,Percentage of labour force in the same subgroup,_T,Total,_T,Total,UNE,Unemployment,2021,,6.18,,A,Normal value,,,1,One
DATAFLOW,OECD.ELS.SAE:DSD_LFS@DF_LFS_INDIC(1.1),Employment and unemployment by five-year age group and sex - indicators,I,BEL,Belgium,UNE_RATE,Unemployment rate,PT_LF_SUB,Percentage of labour force in the same subgroup,_T,Total,_T,Total,UNE,Unemployment,2021,,6.262,,A,Normal value,,,1,One
DATAFLOW,OECD.ELS.SAE:DSD_LFS@DF_LFS_INDIC(1.1),Employment and unemployment by five-year age group and sex - indicators,I,BEL,Belgium,UNE_RATE,Unemployment rate,PT_LF_SUB,Percentage of labour force in the same subgroup,_T,Total,Y15T64,From 15 to 64 years,UNE,Unemployment,2021,,6.309,,A,Normal value,,,1,One
DATAFLOW,OECD.ELS.SAE:DSD_LFS@DF_LFS_INDIC(1.1),Employment and unemployment by five-year age group and sex - indicators,I,CAN,Canada,UNE_RATE,Unemployment rate,PT_LF_SUB,Percentage of labour force in the same subgroup,_T,Total,Y15T64,From 15 to 64 years,UNE,Unemployment,2021,,7.489,,A,Normal value,,,1,One
DATAFLOW,OECD.ELS.SAE:DSD_LFS@DF_LFS_INDIC(1.1),Employment and unemployment by five-year age group and sex - indicators,I,CHL,Chile,UNE_RATE,Unemployment rate,PT_LF_SUB,Percentage of labour force in the same subgroup,_T,Total,Y15T64,From 15 to 64 years,UNE,Unemployment,2021,,9.059,,A,Normal value,,,1,One
DATAFLOW,OECD.ELS.SAE:DSD_LFS@DF_LFS_INDIC(1.1),Employment and unemployment by five-year age group and sex - indicators,I,CHL,Chile,UNE_RATE,Unemployment rate,PT_LF_SUB,Percentage of labour force in the same subgroup,_T,Total,_T,Total,UNE,Unemployment,2021,,8.809,,A,Normal value,,,1,One
DATAFLOW,OECD.ELS.SAE:DSD_LFS@DF_LFS_INDIC(1.1),Employment and unemployment by five-year age group and sex - indicators,I,CRI,Costa Rica,UNE_RATE,Unemployment rate,PT_LF_SUB,Percentage of labour force in the same subgroup,_T,Total,Y15T64,From 15 to 64 years,UNE,Unemployment,2021,,16.699,,A,Normal value,,,1,One
DATAFLOW,OECD.ELS.SAE:DSD_LFS@DF_LFS_INDIC(1.1),Employment and unemployment by five-year age group and sex - indicators,I,CRI,Costa Rica,UNE_RATE,Unemployment rate,PT_LF_SUB,Percentage of labour force in the same subgroup,_T,Total,_T,Total,UNE,Unemployment,2021,,16.423,,A,Normal value,,,1,One
DATAFLOW,OECD.ELS.SAE:DSD_LFS@DF_LFS_INDIC(1.1),Employment and unemployment by five-year age group and sex - indicators,I,CZE,Czechia,UNE_RATE,Unemployment rate,PT_LF_SUB,Percentage of labour force in the same subgroup,_T,Total,Y15T64,From 15 to 64 years,UNE,Unemployment,2021,,2.875,,A,Normal value,,,1,One
DATAFLOW,OECD.ELS.SAE:DSD_LFS@DF_LFS_INDIC(1.1),Employment and unemployment by five-year age group and sex - indicators,I,CZE,Czechia,UNE_RATE,Unemployment rate,PT_LF_SUB,Percentage of labour force in the same subgroup,_T,Total,_T,Total,UNE,Unemployment,2021,,2.803,,A,Normal value,,,1,One
DATAFLOW,OECD.ELS.SAE:DSD_LFS@DF_LFS_INDIC(1.1),Employment and unemployment by five-year age group and sex - indicators,I,DNK,Denmark,UNE_RATE,Unemployment rate,PT_LF_SUB,Percentage of labour force in the same subgroup,_T,Total,_T,Total,UNE,Unemployment,2021,,4.765,,A,Normal value,,,1,One
DATAFLOW,OECD.ELS.SAE:DSD_LFS@DF_LFS_INDIC(1.1),Employment and unemployment by five-year age group and sex - indicators,I,DNK,Denmark,UNE_RATE,Unemployment rate,PT_LF_SUB,Percentage of labour force in the same subgroup,_T,Total,Y15T64,From 15 to 64 years,UNE,Unemployment,2021,,4.941,,A,Normal value,,,1,One
DATAFLOW,OECD.ELS.SAE:DSD_LFS@DF_LFS_INDIC(1.1),Employment and unemployment by five-year age group and sex - indicators,I,EST,Estonia,UNE_RATE,Unemployment rate,PT_LF_SUB,Percentage of labour force in the same subgroup,_T,Total,Y15T64,From 15 to 64 years,UNE,Unemployment,2021,,6.454,,A,Normal value,,,1,One
DATAFLOW,OECD.ELS.SAE:DSD_LFS@DF_LFS_INDIC(1.1),Employment and unemployment by five-year age group and sex - indicators,I,EST,Estonia,UNE_RATE,Unemployment rate,PT_LF_SUB,Percentage of labour force in the same subgroup,_T,Total,_T,Total,UNE,Unemployment,2021,,6.164,,A,Normal value,,,1,One
DATAFLOW,OECD.ELS.SAE:DSD_LFS@DF_LFS_INDIC(1.1),Employment and unemployment by five-year age group and sex - indicators,I,FIN,Finland,UNE_RATE,Unemployment rate,PT_LF_SUB,Percentage of labour force in the same subgroup,_T,Total,Y15T64,From 15 to 64 years,UNE,Unemployment,2021,,7.764,,A,Normal value,,,1,One
DATAFLOW,OECD.ELS.SAE:DSD_LFS@DF_LFS_INDIC(1.1),Employment and unemployment by five-year age group and sex - indicators,I,FIN,Finland,UNE_RATE,Unemployment rate,PT_LF_SUB,Percentage of labour force in the same subgroup,_T,Total,_T,Total,UNE,Unemployment,2021,,7.604,,A,Normal value,,,1,One
DATAFLOW,OECD.ELS.SAE:DSD_LFS@DF_LFS_INDIC(1.1),Employment and unemployment by five-year age group and sex - indicators,I,DEU,Germany,UNE_RATE,Unemployment rate,PT_LF_SUB,Percentage of labour force in the same subgroup,_T,Total,Y15T64,From 15 to 64 years,UNE,Unemployment,2021,,3.662,,A,Normal value,,,1,One
DATAFLOW,OECD.ELS.SAE:DSD_LFS@DF_LFS_INDIC(1.1),Employment and unemployment by five-year age group and sex - indicators,I,DEU,Germany,UNE_RATE,Unemployment rate,PT_LF_SUB,Percentage of labour force in the same subgroup,_T,Total,_T,Total,UNE,Unemployment,2021,,3.58,,A,Normal value,,,1,One
DATAFLOW,OECD.ELS.SAE:DSD_LFS@DF_LFS_INDIC(1.1),Employment and unemployment by five-year age group and sex - indicators,I,GRC,Greece,UNE_RATE,Unemployment rate,PT_LF_SUB,Percentage of labour force in the same subgroup,_T,Total,Y15T64,From 15 to 64 years,UNE,Unemployment,2021,,14.887,,A,Normal value,,,1,One
DATAFLOW,OECD.ELS.SAE:DSD_LFS@DF_LFS_INDIC(1.1),Employment and unemployment by five-year age group and sex - indicators,I,GRC,Greece,UNE_RATE,Unemployment rate,PT_LF_SUB,Percentage of labour force in the same subgroup,_T,Total,_T,Total,UNE,Unemployment,2021,,14.713,,A,Normal value,,,1,One
DATAFLOW,OECD.ELS.SAE:DSD_LFS@DF_LFS_INDIC(1.1),Employment and unemployment by five-year age group and sex - indicators,I,HUN,Hungary,UNE_RATE,Unemployment rate,PT_LF_SUB,Percentage of labour force in the same subgroup,_T,Total,_T,Total,UNE,Unemployment,2021,,4.026,,A,Normal value,,,1,One
DATAFLOW,OECD.ELS.SAE:DSD_LFS@DF_LFS_INDIC(1.1),Employment and unemployment by five-year age group and sex - indicators,I,HUN,Hungary,UNE_RATE,Unemployment rate,PT_LF_SUB,Percentage of labour force in the same subgroup,_T,Total,Y15T64,From 15 to 64 years,UNE,Unemployment,2021,,4.047,,A,Normal value,,,1,One
DATAFLOW,OECD.ELS.SAE:DSD_LFS@DF_LFS_INDIC(1.1),Employment and unemployment by five-year age group and sex - indicators,I,ISL,Iceland,UNE_RATE,Unemployment rate,PT_LF_SUB,Percentage of labour force in the same subgroup,_T,Total,Y15T64,From 15 to 64 years,UNE,Unemployment,2021,,6.124,,A,Normal value,,,1,One
DATAFLOW,OECD.ELS.SAE:DSD_LFS@DF_LFS_INDIC(1.1),Employment and unemployment by five-year age group and sex - indicators,I,ISL,Iceland,UNE_RATE,Unemployment rate,PT_LF_SUB,Percentage of labour force in the same subgroup,_T,Total,_T,Total,UNE,Unemployment,2021,,5.937,,A,Normal value,,,1,One
DATAFLOW,OECD.ELS.SAE:DSD_LFS@DF_LFS_INDIC(1.1),Employment and unemployment by five-year age group and sex - indicators,I,IRL,Ireland,UNE_RATE,Unemployment rate,PT_LF_SUB,Percentage of labour force in the same subgroup,_T,Total,Y15T64,From 15 to 64 years,UNE,Unemployment,2021,,5.572,,A,Normal value,,,1,One
DATAFLOW,OECD.ELS.SAE:DSD_LFS@DF_LFS_INDIC(1.1),Employment and unemployment by five-year age group and sex - indicators,I,IRL,Ireland,UNE_RATE,Unemployment rate,PT_LF_SUB,Percentage of labour force in the same subgroup,_T,Total,_T,Total,UNE,Unemployment,2021,,5.363,,A,Normal value,,,1,One
DATAFLOW,OECD.ELS.SAE:DSD_LFS@DF_LFS_INDIC(1.1),Employment and unemployment by five-year age group and sex - indicators,I,ISR,Israel,UNE_RATE,Unemployment rate,PT_LF_SUB,Percentage of labour force in the same subgroup,_T,Total,Y15T64,From 15 to 64 years,UNE,Unemployment,2021,,5.084,,A,Normal value,,,1,One
DATAFLOW,OECD.ELS.SAE:DSD_LFS@DF_LFS_INDIC(1.1),Employment and unemployment by five-year age group and sex - indicators,I,ISR,Israel,UNE_RATE,Unemployment rate,PT_LF_SUB,Percentage of labour force in the same subgroup,_T,Total,_T,Total,UNE,Unemployment,2021,,4.953,,A,Normal value,,,1,One
DATAFLOW,OECD.ELS.SAE:DSD_LFS@DF_LFS_INDIC(1.1),Employment and unemployment by five-year age group and sex - indicators,I,ITA,Italy,UNE_RATE,Unemployment rate,PT_LF_SUB,Percentage of labour force in the same subgroup,_T,Total,Y15T64,From 15 to 64 years,UNE,Unemployment,2021,,9.704,,A,Normal value,,,1,One
DATAFLOW,OECD.ELS.SAE:DSD_LFS@DF_LFS_INDIC(1.1),Employment and unemployment by five-year age group and sex - indicators,I,KOR,Korea,UNE_RATE,Unemployment rate,PT_LF_SUB,Percentage of labour force in the same subgroup,_T,Total,_T,Total,UNE,Unemployment,2021,,3.663,,A,Normal value,,,1,One
DATAFLOW,OECD.ELS.SAE:DSD_LFS@DF_LFS_INDIC(1.1),Employment and unemployment by five-year age group and sex - indicators,I,LVA,Latvia,UNE_RATE,Unemployment rate,PT_LF_SUB,Percentage of labour force in the same subgroup,_T,Total,Y15T64,From 15 to 64 years,UNE,Unemployment,2021,,7.853,,A,Normal value,,,1,One
DATAFLOW,OECD.ELS.SAE:DSD_LFS@DF_LFS_INDIC(1.1),Employment and unemployment by five-year age group and sex - indicators,I,LVA,Latvia,UNE_RATE,Unemployment rate,PT_LF_SUB,Percentage of labour force in the same subgroup,_T,Total,_T,Total,UNE,Unemployment,2021,,7.502,,A,Normal value,,,1,One
DATAFLOW,OECD.ELS.SAE:DSD_LFS@DF_LFS_INDIC(1.1),Employment and unemployment by five-year age group and sex - indicators,I,LTU,Lithuania,UNE_RATE,Unemployment rate,PT_LF_SUB,Percentage of labour force in the same subgroup,_T,Total,_T,Total,UNE,Unemployment,2021,,7.104,,A,Normal value,,,1,One
DATAFLOW,OECD.ELS.SAE:DSD_LFS@DF_LFS_INDIC(1.1),Employment and unemployment by five-year age group and sex - indicators,I,LTU,Lithuania,UNE_RATE,Unemployment rate,PT_LF_SUB,Percentage of labour force in the same subgroup,_T,Total,Y15T64,From 15 to 64 years,UNE,Unemployment,2021,,7.39,,A,Normal value,,,1,One
DATAFLOW,OECD.ELS.SAE:DSD_LFS@DF_LFS_INDIC(1.1),Employment and unemployment by five-year age group and sex - indicators,I,LUX,Luxembourg,UNE_RATE,Unemployment rate,PT_LF_SUB,Percentage of labour force in the same subgroup,_T,Total,_T,Total,UNE,Unemployment,2021,,5.214,,A,Normal value,,,1,One
DATAFLOW,OECD.ELS.SAE:DSD_LFS@DF_LFS_INDIC(1.1),Employment and unemployment by five-year age group and sex - indicators,I,LUX,Luxembourg,UNE_RATE,Unemployment rate,PT_LF_SUB,Percentage of labour force in the same subgroup,_T,Total,Y15T64,From 15 to 64 years,UNE,Unemployment,2021,,5.274,,A,Normal value,,,1,One
DATAFLOW,OECD.ELS.SAE:DSD_LFS@DF_LFS_INDIC(1.1),Employment and unemployment by five-year age group and sex - indicators,I,MEX,Mexico,UNE_RATE,Unemployment rate,PT_LF_SUB,Percentage of labour force in the same subgroup,_T,Total,_T,Total,UNE,Unemployment,2021,,4.11,,A,Normal value,,,1,One
DATAFLOW,OECD.ELS.SAE:DSD_LFS@DF_LFS_INDIC(1.1),Employment and unemployment by five-year age group and sex - indicators,I,NZL,New Zealand,UNE_RATE,Unemployment rate,PT_LF_SUB,Percentage of labour force in the same subgroup,_T,Total,Y15T64,From 15 to 64 years,UNE,Unemployment,2021,,3.99,,A,Normal value,,,1,One
DATAFLOW,OECD.ELS.SAE:DSD_LFS@DF_LFS_INDIC(1.1),Employment and unemployment by five-year age group and sex - indicators,I,NZL,New Zealand,UNE_RATE,Unemployment rate,PT_LF_SUB,Percentage of labour force in the same subgroup,_T,Total,_T,Total,UNE,Unemployment,2021,,3.793,,A,Normal value,,,1,One
DATAFLOW,OECD.ELS.SAE:DSD_LFS@DF_LFS_INDIC(1.1),Employment and unemployment by five-year age group and sex - indicators,I,NOR,Norway,UNE_RATE,Unemployment rate,PT_LF_SUB,Percentage of labour force in the same subgroup,_T,Total,_T,Total,UNE,Unemployment,2021,,4.365,,A,Normal value,,,1,One
DATAFLOW,OECD.ELS.SAE:DSD_LFS@DF_LFS_INDIC(1.1),Employment and unemployment by five-year age group and sex - indicators,I,NOR,Norway,UNE_RATE,Unemployment rate,PT_LF_SUB,Percentage of labour force in the same subgroup,_T,Total,Y15T64,From 15 to 64 years,UNE,Unemployment,2021,,4.526,,A,Normal value,,,1,One
DATAFLOW,OECD.ELS.SAE:DSD_LFS@DF_LFS_INDIC(1.1),Employment and unemployment by five-year age group and sex - indicators,I,POL,Poland,UNE_RATE,Unemployment rate,PT_LF_SUB,Percentage of labour force in the same subgroup,_T,Total,Y15T64,From 15 to 64 years,UNE,Unemployment,2021,,3.441,,A,Normal value,,,1,One
DATAFLOW,OECD.ELS.SAE:DSD_LFS@DF_LFS_INDIC(1.1),Employment and unemployment by five-year age group and sex - indicators,I,POL,Poland,UNE_RATE,Unemployment rate,PT_LF_SUB,Percentage of labour force in the same subgroup,_T,Total,_T,Total,UNE,Unemployment,2021,,3.372,,A,Normal value,,,1,One
DATAFLOW,OECD.ELS.SAE:DSD_LFS@DF_LFS_INDIC(1.1),Employment and unemployment by five-year age group and sex - indicators,I,PRT,Portugal,UNE_RATE,Unemployment rate,PT_LF_SUB,Percentage of labour force in the same subgroup,_T,Total,Y15T64,From 15 to 64 years,UNE,Unemployment,2021,,6.888,,A,Normal value,,,1,One
DATAFLOW,OECD.ELS.SAE:DSD_LFS@DF_LFS_INDIC(1.1),Employment and unemployment by five-year age group and sex - indicators,I,PRT,Portugal,UNE_RATE,Unemployment rate,PT_LF_SUB,Percentage of labour force in the same subgroup,_T,Total,_T,Total,UNE,Unemployment,2021,,6.709,,A,Normal value,,,1,One
DATAFLOW,OECD.ELS.SAE:DSD_LFS@DF_LFS_INDIC(1.1),Employment and unemployment by five-year age group and sex - indicators,I,SVK,Slovak Republic,UNE_RATE,Unemployment rate,PT_LF_SUB,Percentage of labour force in the same subgroup,_T,Total,Y15T64,From 15 to 64 years,UNE,Unemployment,2021,,6.908,,A,Normal value,,,1,One
DATAFLOW,OECD.ELS.SAE:DSD_LFS@DF_LFS_INDIC(1.1),Employment and unemployment by five-year age group and sex - indicators,I,SVK,Slovak Republic,UNE_RATE,Unemployment rate,PT_LF_SUB,Percentage of labour force in the same subgroup,_T,Total,_T,Total,UNE,Unemployment,2021,,6.824,,A,Normal value,,,1,One
DATAFLOW,OECD.ELS.SAE:DSD_LFS@DF_LFS_INDIC(1.1),Employment and unemployment by five-year age group and sex - indicators,I,SVN,Slovenia,UNE_RATE,Unemployment rate,PT_LF_SUB,Percentage of labour force in the same subgroup,_T,Total,Y15T64,From 15 to 64 years,UNE,Unemployment,2021,,4.775,,A,Normal value,,,1,One
DATAFLOW,OECD.ELS.SAE:DSD_LFS@DF_LFS_INDIC(1.1),Employment and unemployment by five-year age group and sex - indicators,I,SVN,Slovenia,UNE_RATE,Unemployment rate,PT_LF_SUB,Percentage of labour force in the same subgroup,_T,Total,_T,Total,UNE,Unemployment,2021,,4.736,,A,Normal value,,,1,One
DATAFLOW,OECD.ELS.SAE:DSD_LFS@DF_LFS_INDIC(1.1),Employment and unemployment by five-year age group and sex - indicators,I,SWE,Sweden,UNE_RATE,Unemployment rate,PT_LF_SUB,Percentage of labour force in the same subgroup,_T,Total,_T,Total,UNE,Unemployment,2021,,8.897,,A,Normal value,,,1,One
DATAFLOW,OECD.ELS.SAE:DSD_LFS@DF_LFS_INDIC(1.1),Employment and unemployment by five-year age group and sex - indicators,I,SWE,Sweden,UNE_RATE,Unemployment rate,PT_LF_SUB,Percentage of labour force in the same subgroup,_T,Total,Y15T64,From 15 to 64 years,UNE,Unemployment,2021,,9.102,,A,Normal value,,,1,One
DATAFLOW,OECD.ELS.SAE:DSD_LFS@DF_LFS_INDIC(1.1),Employment and unemployment by five-year age group and sex - indicators,I,CHE,Switzerland,UNE_RATE,Unemployment rate,PT_LF_SUB,Percentage of labour force in the same subgroup,_T,Total,Y15T64,From 15 to 64 years,UNE,Unemployment,2021,,5.172,,A,Normal value,,,1,One
DATAFLOW,OECD.ELS.SAE:DSD_LFS@DF_LFS_INDIC(1.1),Employment and unemployment by five-year age group and sex - indicators,I,CHE,Switzerland,UNE_RATE,Unemployment rate,PT_LF_SUB,Percentage of labour force in the same subgroup,_T,Total,_T,Total,UNE,Unemployment,2021,,5.011,,A,Normal value,,,1,One
DATAFLOW,OECD.ELS.SAE:DSD_LFS@DF_LFS_INDIC(1.1),Employment and unemployment by five-year age group and sex - indicators,I,G7,G7,UNE_RATE,Unemployment rate,PT_LF_SUB,Percentage of labour force in the same subgroup,_T,Total,_T,Total,UNE,Unemployment,2021,,5.202,,A,Normal value,,,1,One
DATAFLOW,OECD.ELS.SAE:DSD_LFS@DF_LFS_INDIC(1.1),Employment and unemployment by five-year age group and sex - indicators,I,G7,G7,UNE_RATE,Unemployment rate,PT_LF_SUB,Percentage of labour force in the same subgroup,_T,Total,Y15T64,From 15 to 64 years,UNE,Unemployment,2021,,5.337,,A,Normal value,,,1,One
DATAFLOW,OECD.ELS.SAE:DSD_LFS@DF_LFS_INDIC(1.1),Employment and unemployment by five-year age group and sex - indicators,I,EU27,European Union (27 countries),UNE_RATE,Unemployment rate,PT_LF_SUB,Percentage of labour force in the same subgroup,_T,Total,_T,Total,UNE,Unemployment,2021,,7.031,,A,Normal value,,,1,One
DATAFLOW,OECD.ELS.SAE:DSD_LFS@DF_LFS_INDIC(1.1),Employment and unemployment by five-year age group and sex - indicators,I,EU27,European Union (27 countries),UNE_RATE,Unemployment rate,PT_LF_SUB,Percentage of labour force in the same subgroup,_T,Total,Y15T64,From 15 to 64 years,UNE,Unemployment,2021,,7.15,,A,Normal value,,,1,One
DATAFLOW,OECD.ELS.SAE:DSD_LFS@DF_LFS_INDIC(1.1),Employment and unemployment by five-year age group and sex - indicators,I,EU19OECD,European Union (19 countries) in OECD,UNE_RATE,Unemployment rate,PT_LF_SUB,Percentage of labour force in the same subgroup,_T,Total,_T,Total,UNE,Unemployment,2021,,7.738,,A,Normal value,,,1,One
DATAFLOW,OECD.ELS.SAE:DSD_LFS@DF_LFS_INDIC(1.1),Employment and unemployment by five-year age group and sex - indicators,I,EU22OECD,European Union (22 countries) in OECD,UNE_RATE,Unemployment rate,PT_LF_SUB,Percentage of labour force in the same subgroup,_T,Total,_T,Total,UNE,Unemployment,2021,,7.119,,A,Normal value,,,1,One
DATAFLOW,OECD.ELS.SAE:DSD_LFS@DF_LFS_INDIC(1.1),Employment and unemployment by five-year age group and sex - indicators,I,EU22OECD,European Union (22 countries) in OECD,UNE_RATE,Unemployment rate,PT_LF_SUB,Percentage of labour force in the same subgroup,_T,Total,Y15T64,From 15 to 64 years,UNE,Unemployment,2021,,7.244,,A,Normal value,,,1,One
DATAFLOW,OECD.ELS.SAE:DSD_LFS@DF_LFS_INDIC(1.1),Employment and unemployment by five-year age group and sex - indicators,I,OECD,OECD,UNE_RATE,Unemployment rate,PT_LF_SUB,Percentage of labour force in the same subgroup,_T,Total,Y15T64,From 15 to 64 years,UNE,Unemployment,2021,,6.328,,A,Normal value,,,1,One
DATAFLOW,OECD.ELS.SAE:DSD_LFS@DF_LFS_INDIC(1.1),Employment and unemployment by five-year age group and sex - indicators,I,OECD,OECD,UNE_RATE,Unemployment rate,PT_LF_SUB,Percentage of labour force in the same subgroup,_T,Total,_T,Total,UNE,Unemployment,2021,,6.157,,A,Normal value,,,1,One
DATAFLOW,OECD.ELS.SAE:DSD_LFS@DF_LFS_INDIC(1.1),Employment and unemployment by five-year age group and sex - indicators,I,OECD_REP,OECD average country,UNE_RATE,Unemployment rate,PT_LF_SUB,Percentage of labour force in the same subgroup,_T,Total,_T,Total,UNE,Unemployment,2021,,6.747,,A,Normal value,,,1,One
DATAFLOW,OECD.ELS.SAE:DSD_LFS@DF_LFS_INDIC(1.1),Employment and unemployment by five-year age group and sex - indicators,I,OECD_REP,OECD average country,UNE_RATE,Unemployment rate,PT_LF_SUB,Percentage of labour force in the same subgroup,_T,Total,Y15T64,From 15 to 64 years,UNE,Unemployment,2021,,6.891,,A,Normal value,,,1,One
DATAFLOW,OECD.ELS.SAE:DSD_LFS@DF_LFS_INDIC(1.1),Employment and unemployment by five-year age group and sex - indicators,I,ARG,Argentina,UNE_RATE,Unemployment rate,PT_LF_SUB,Percentage of labour force in the same subgroup,_T,Total,Y15T64,From 15 to 64 years,UNE,Unemployment,2021,,7.168,,A,Normal value,,,1,One
DATAFLOW,OECD.ELS.SAE:DSD_LFS@DF_LFS_INDIC(1.1),Employment and unemployment by five-year age group and sex - indicators,I,ARG,Argentina,UNE_RATE,Unemployment rate,PT_LF_SUB,Percentage of labour force in the same subgroup,_T,Total,_T,Total,UNE,Unemployment,2021,,6.97,,A,Normal value,,,1,One
DATAFLOW,OECD.ELS.SAE:DSD_LFS@DF_LFS_INDIC(1.1),Employment and unemployment by five-year age group and sex - indicators,I,BGR,Bulgaria,UNE_RATE,Unemployment rate,PT_LF_SUB,Percentage of labour force in the same subgroup,_T,Total,Y15T64,From 15 to 64 years,UNE,Unemployment,2021,,5.244,,A,Normal value,,,1,One
DATAFLOW,OECD.ELS.SAE:DSD_LFS@DF_LFS_INDIC(1.1),Employment and unemployment by five-year age group and sex - indicators,I,BGR,Bulgaria,UNE_RATE,Unemployment rate,PT_LF_SUB,Percentage of labour force in the same subgroup,_T,Total,_T,Total,UNE,Unemployment,2021,,5.163,,A,Normal value,,,1,One
DATAFLOW,OECD.ELS.SAE:DSD_LFS@DF_LFS_INDIC(1.1),Employment and unemployment by five-year age group and sex - indicators,I,HRV,Croatia,UNE_RATE,Unemployment rate,PT_LF_SUB,Percentage of labour force in the same subgroup,_T,Total,_T,Total,UNE,Unemployment,2021,,7.478,,A,Normal value,,,1,One
DATAFLOW,OECD.ELS.SAE:DSD_LFS@DF_LFS_INDIC(1.1),Employment and unemployment by five-year age group and sex - indicators,I,HRV,Croatia,UNE_RATE,Unemployment rate,PT_LF_SUB,Percentage of labour force in the same subgroup,_T,Total,Y15T64,From 15 to 64 years,UNE,Unemployment,2021,,7.51,,A,Normal value,,,1,One
DATAFLOW,OECD.ELS.SAE:DSD_LFS@DF_LFS_INDIC(1.1),Employment and unemployment by five-year age group and sex - indicators,I,CYP,Cyprus,UNE_RATE,Unemployment rate,PT_LF_SUB,Percentage of labour force in the same subgroup,_T,Total,_T,Total,UNE,Unemployment,2021,,7.125,,A,Normal value,,,1,One
DATAFLOW,OECD.ELS.SAE:DSD_LFS@DF_LFS_INDIC(1.1),Employment and unemployment by five-year age group and sex - indicators,I,CYP,Cyprus,UNE_RATE,Unemployment rate,PT_LF_SUB,Percentage of labour force in the same subgroup,_T,Total,Y15T64,From 15 to 64 years,UNE,Unemployment,2021,,7.343,,A,Normal value,,,1,One
DATAFLOW,OECD.ELS.SAE:DSD_LFS@DF_LFS_INDIC(1.1),Employment and unemployment by five-year age group and sex - indicators,I,IND,India,UNE_RATE,Unemployment rate,PT_LF_SUB,Percentage of labour force in the same subgroup,_T,Total,Y15T64,From 15 to 64 years,UNE,Unemployment,2021,,7.456,,A,Normal value,,,1,One
DATAFLOW,OECD.ELS.SAE:DSD_LFS@DF_LFS_INDIC(1.1),Employment and unemployment by five-year age group and sex - indicators,I,MLT,Malta,UNE_RATE,Unemployment rate,PT_LF_SUB,Percentage of labour force in the same subgroup,_T,Total,_T,Total,UNE,Unemployment,2021,,3.704,,A,Normal value,,,1,One
DATAFLOW,OECD.ELS.SAE:DSD_LFS@DF_LFS_INDIC(1.1),Employment and unemployment by five-year age group and sex - indicators,I,MLT,Malta,UNE_RATE,Unemployment rate,PT_LF_SUB,Percentage of labour force in the same subgroup,_T,Total,Y15T64,From 15 to 64 years,UNE,Unemployment,2021,,3.74,,A,Normal value,,,1,One
DATAFLOW,OECD.ELS.SAE:DSD_LFS@DF_LFS_INDIC(1.1),Employment and unemployment by five-year age group and sex - indicators,I,MKD,North Macedonia,UNE_RATE,Unemployment rate,PT_LF_SUB,Percentage of labour force in the same subgroup,_T,Total,Y15T64,From 15 to 64 years,UNE,Unemployment,2021,,15.647,,A,Normal value,,,1,One
DATAFLOW,OECD.ELS.SAE:DSD_LFS@DF_LFS_INDIC(1.1),Employment and unemployment by five-year age group and sex - indicators,I,MKD,North Macedonia,UNE_RATE,Unemployment rate,PT_LF_SUB,Percentage of labour force in the same subgroup,_T,Total,_T,Total,UNE,Unemployment,2021,,15.455,,A,Normal value,,,1,One
DATAFLOW,OECD.ELS.SAE:DSD_LFS@DF_LFS_INDIC(1.1),Employment and unemployment by five-year age group and sex - indicators,I,PER,Peru,UNE_RATE,Unemployment rate,PT_LF_SUB,Percentage of labour force in the same subgroup,_T,Total,_T,Total,UNE,Unemployment,2021,,5.582,,A,Normal value,,,1,One
DATAFLOW,OECD.ELS.SAE:DSD_LFS@DF_LFS_INDIC(1.1),Employment and unemployment by five-year age group and sex - indicators,I,PER,Peru,UNE_RATE,Unemployment rate,PT_LF_SUB,Percentage of labour force in the same subgroup,_T,Total,Y15T64,From 15 to 64 years,UNE,Unemployment,2021,,5.777,,A,Normal value,,,1,One
DATAFLOW,OECD.ELS.SAE:DSD_LFS@DF_LFS_INDIC(1.1),Employment and unemployment by five-year age group and sex - indicators,I,ROU,Romania,UNE_RATE,Unemployment rate,PT_LF_SUB,Percentage of labour force in the same subgroup,_T,Total,_T,Total,UNE,Unemployment,2021,,5.589,,A,Normal value,,,1,One
DATAFLOW,OECD.ELS.SAE:DSD_LFS@DF_LFS_INDIC(1.1),Employment and unemployment by five-year age group and sex - indicators,I,ROU,Romania,UNE_RATE,Unemployment rate,PT_LF_SUB,Percentage of labour force in the same subgroup,_T,Total,Y15T64,From 15 to 64 years,UNE,Unemployment,2021,,5.622,,A,Normal value,,,1,One
DATAFLOW,OECD.ELS.SAE:DSD_LFS@DF_LFS_INDIC(1.1),Employment and unemployment by five-year age group and sex - indicators,I,THA,Thailand,UNE_RATE,Unemployment rate,PT_LF_SUB,Percentage of labour force in the same subgroup,_T,Total,_T,Total,UNE,Unemployment,2021,,1.219,,A,Normal value,,,1,One
DATAFLOW,OECD.ELS.SAE:DSD_LFS@DF_LFS_INDIC(1.1),Employment and unemployment by five-year age group and sex - indicators,I,THA,Thailand,UNE_RATE,Unemployment rate,PT_LF_SUB,Percentage of labour force in the same subgroup,_T,Total,Y15T64,From 15 to 64 years,UNE,Unemployment,2021,,1.296,,A,Normal value,,,1,One
DATAFLOW,OECD.ELS.SAE:DSD_LFS@DF_LFS_INDIC(1.1),Employment and unemployment by five-year age group and sex - indicators,I,AUS,Australia,UNE_RATE,Unemployment rate,PT_LF_SUB,Percentage of labour force in the same subgroup,_T,Total,_T,Total,UNE,Unemployment,2017,,5.603,,A,Normal value,,,1,One
DATAFLOW,OECD.ELS.SAE:DSD_LFS@DF_LFS_INDIC(1.1),Employment and unemployment by five-year age group and sex - indicators,I,AUS,Australia,UNE_RATE,Unemployment rate,PT_LF_SUB,Percentage of labour force in the same subgroup,_T,Total,Y15T64,From 15 to 64 years,UNE,Unemployment,2017,,5.769,,A,Normal value,,,1,One
DATAFLOW,OECD.ELS.SAE:DSD_LFS@DF_LFS_INDIC(1.1),Employment and unemployment by five-year age group and sex - indicators,I,AUT,Austria,UNE_RATE,Unemployment rate,PT_LF_SUB,Percentage of labour force in the same subgroup,_T,Total,Y15T64,From 15 to 64 years,UNE,Unemployment,2017,,5.577,,A,Normal value,,,1,One
DATAFLOW,OECD.ELS.SAE:DSD_LFS@DF_LFS_INDIC(1.1),Employment and unemployment by five-year age group and sex - indicators,I,AUT,Austria,UNE_RATE,Unemployment rate,PT_LF_SUB,Percentage of labour force in the same subgroup,_T,Total,_T,Total,UNE,Unemployment,2017,,5.497,,A,Normal value,,,1,One
DATAFLOW,OECD.ELS.SAE:DSD_LFS@DF_LFS_INDIC(1.1),Employment and unemployment by five-year age group and sex - indicators,I,BEL,Belgium,UNE_RATE,Unemployment rate,PT_LF_SUB,Percentage of labour force in the same subgroup,_T,Total,_T,Total,UNE,Unemployment,2017,,7.084,,A,Normal value,,,1,One
DATAFLOW,OECD.ELS.SAE:DSD_LFS@DF_LFS_INDIC(1.1),Employment and unemployment by five-year age group and sex - indicators,I,BEL,Belgium,UNE_RATE,Unemployment rate,PT_LF_SUB,Percentage of labour force in the same subgroup,_T,Total,Y15T64,From 15 to 64 years,UNE,Unemployment,2017,,7.146,,A,Normal value,,,1,One
DATAFLOW,OECD.ELS.SAE:DSD_LFS@DF_LFS_INDIC(1.1),Employment and unemployment by five-year age group and sex - indicators,I,CAN,Canada,UNE_RATE,Unemployment rate,PT_LF_SUB,Percentage of labour force in the same subgroup,_T,Total,Y15T64,From 15 to 64 years,UNE,Unemployment,2017,,6.502,,A,Normal value,,,1,One
DATAFLOW,OECD.ELS.SAE:DSD_LFS@DF_LFS_INDIC(1.1),Employment and unemployment by five-year age group and sex - indicators,I,CHL,Chile,UNE_RATE,Unemployment rate,PT_LF_SUB,Percentage of labour force in the same subgroup,_T,Total,Y15T64,From 15 to 64 years,UNE,Unemployment,2017,,7.226,,A,Normal value,,,1,One
DATAFLOW,OECD.ELS.SAE:DSD_LFS@DF_LFS_INDIC(1.1),Employment and unemployment by five-year age group and sex - indicators,I,CHL,Chile,UNE_RATE,Unemployment rate,PT_LF_SUB,Percentage of labour force in the same subgroup,_T,Total,_T,Total,UNE,Unemployment,2017,,6.963,,A,Normal value,,,1,One
DATAFLOW,OECD.ELS.SAE:DSD_LFS@DF_LFS_INDIC(1.1),Employment and unemployment by five-year age group and sex - indicators,I,CRI,Costa Rica,UNE_RATE,Unemployment rate,PT_LF_SUB,Percentage of labour force in the same subgroup,_T,Total,Y15T64,From 15 to 64 years,UNE,Unemployment,2017,,9.245,,A,Normal value,,,1,One
DATAFLOW,OECD.ELS.SAE:DSD_LFS@DF_LFS_INDIC(1.1),Employment and unemployment by five-year age group and sex - indicators,I,CRI,Costa Rica,UNE_RATE,Unemployment rate,PT_LF_SUB,Percentage of labour force in the same subgroup,_T,Total,_T,Total,UNE,Unemployment,2017,,9.067,,A,Normal value,,,1,One
DATAFLOW,OECD.ELS.SAE:DSD_LFS@DF_LFS_INDIC(1.1),Employment and unemployment by five-year age group and sex - indicators,I,CZE,Czechia,UNE_RATE,Unemployment rate,PT_LF_SUB,Percentage of labour force in the same subgroup,_T,Total,Y15T64,From 15 to 64 years,UNE,Unemployment,2017,,2.939,,A,Normal value,,,1,One
DATAFLOW,OECD.ELS.SAE:DSD_LFS@DF_LFS_INDIC(1.1),Employment and unemployment by five-year age group and sex - indicators,I,CZE,Czechia,UNE_RATE,Unemployment rate,PT_LF_SUB,Percentage of labour force in the same subgroup,_T,Total,_T,Total,UNE,Unemployment,2017,,2.89,,A,Normal value,,,1,One
DATAFLOW,OECD.ELS.SAE:DSD_LFS@DF_LFS_INDIC(1.1),Employment and unemployment by five-year age group and sex - indicators,I,DNK,Denmark,UNE_RATE,Unemployment rate,PT_LF_SUB,Percentage of labour force in the same subgroup,_T,Total,_T,Total,UNE,Unemployment,2017,,5.708,,A,Normal value,,,1,One
DATAFLOW,OECD.ELS.SAE:DSD_LFS@DF_LFS_INDIC(1.1),Employment and unemployment by five-year age group and sex - indicators,I,DNK,Denmark,UNE_RATE,Unemployment rate,PT_LF_SUB,Percentage of labour force in the same subgroup,_T,Total,Y15T64,From 15 to 64 years,UNE,Unemployment,2017,,5.888,,A,Normal value,,,1,One
DATAFLOW,OECD.ELS.SAE:DSD_LFS@DF_LFS_INDIC(1.1),Employment and unemployment by five-year age group and sex - indicators,I,EST,Estonia,UNE_RATE,Unemployment rate,PT_LF_SUB,Percentage of labour force in the same subgroup,_T,Total,Y15T64,From 15 to 64 years,UNE,Unemployment,2017,,5.91,,A,Normal value,,,1,One
DATAFLOW,OECD.ELS.SAE:DSD_LFS@DF_LFS_INDIC(1.1),Employment and unemployment by five-year age group and sex - indicators,I,EST,Estonia,UNE_RATE,Unemployment rate,PT_LF_SUB,Percentage of labour force in the same subgroup,_T,Total,_T,Total,UNE,Unemployment,2017,,5.729,,A,Normal value,,,1,One
DATAFLOW,OECD.ELS.SAE:DSD_LFS@DF_LFS_INDIC(1.1),Employment and unemployment by five-year age group and sex - indicators,I,FIN,Finland,UNE_RATE,Unemployment rate,PT_LF_SUB,Percentage of labour force in the same subgroup,_T,Total,Y15T64,From 15 to 64 years,UNE,Unemployment,2017,,8.774,,A,Normal value,,,1,One
DATAFLOW,OECD.ELS.SAE:DSD_LFS@DF_LFS_INDIC(1.1),Employment and unemployment by five-year age group and sex - indicators,I,FIN,Finland,UNE_RATE,Unemployment rate,PT_LF_SUB,Percentage of labour force in the same subgroup,_T,Total,_T,Total,UNE,Unemployment,2017,,8.582,,A,Normal value,,,1,One
DATAFLOW,OECD.ELS.SAE:DSD_LFS@DF_LFS_INDIC(1.1),Employment and unemployment by five-year age group and sex - indicators,I,DEU,Germany,UNE_RATE,Unemployment rate,PT_LF_SUB,Percentage of labour force in the same subgroup,_T,Total,Y15T64,From 15 to 64 years,UNE,Unemployment,2017,,3.829,,A,Normal value,,,1,One
DATAFLOW,OECD.ELS.SAE:DSD_LFS@DF_LFS_INDIC(1.1),Employment and unemployment by five-year age group and sex - indicators,I,DEU,Germany,UNE_RATE,Unemployment rate,PT_LF_SUB,Percentage of labour force in the same subgroup,_T,Total,_T,Total,UNE,Unemployment,2017,,3.745,,A,Normal value,,,1,One
DATAFLOW,OECD.ELS.SAE:DSD_LFS@DF_LFS_INDIC(1.1),Employment and unemployment by five-year age group and sex - indicators,I,GRC,Greece,UNE_RATE,Unemployment rate,PT_LF_SUB,Percentage of labour force in the same subgroup,_T,Total,Y15T64,From 15 to 64 years,UNE,Unemployment,2017,,21.652,,A,Normal value,,,1,One
DATAFLOW,OECD.ELS.SAE:DSD_LFS@DF_LFS_INDIC(1.1),Employment and unemployment by five-year age group and sex - indicators,I,GRC,Greece,UNE_RATE,Unemployment rate,PT_LF_SUB,Percentage of labour force in the same subgroup,_T,Total,_T,Total,UNE,Unemployment,2017,,21.486,,A,Normal value,,,1,One
DATAFLOW,OECD.ELS.SAE:DSD_LFS@DF_LFS_INDIC(1.1),Employment and unemployment by five-year age group and sex - indicators,I,HUN,Hungary,UNE_RATE,Unemployment rate,PT_LF_SUB,Percentage of labour force in the same subgroup,_T,Total,_T,Total,UNE,Unemployment,2017,,4.04,,A,Normal value,,,1,One
DATAFLOW,OECD.ELS.SAE:DSD_LFS@DF_LFS_INDIC(1.1),Employment and unemployment by five-year age group and sex - indicators,I,HUN,Hungary,UNE_RATE,Unemployment rate,PT_LF_SUB,Percentage of labour force in the same subgroup,_T,Total,Y15T64,From 15 to 64 years,UNE,Unemployment,2017,,4.077,,A,Normal value,,,1,One
DATAFLOW,OECD.ELS.SAE:DSD_LFS@DF_LFS_INDIC(1.1),Employment and unemployment by five-year age group and sex - indicators,I,ISL,Iceland,UNE_RATE,Unemployment rate,PT_LF_SUB,Percentage of labour force in the same subgroup,_T,Total,Y15T64,From 15 to 64 years,UNE,Unemployment,2017,,3.395,,A,Normal value,,,1,One
DATAFLOW,OECD.ELS.SAE:DSD_LFS@DF_LFS_INDIC(1.1),Employment and unemployment by five-year age group and sex - indicators,I,ISL,Iceland,UNE_RATE,Unemployment rate,PT_LF_SUB,Percentage of labour force in the same subgroup,_T,Total,_T,Total,UNE,Unemployment,2017,,3.226,,A,Normal value,,,1,One
DATAFLOW,OECD.ELS.SAE:DSD_LFS@DF_LFS_INDIC(1.1),Employment and unemployment by five-year age group and sex - indicators,I,IRL,Ireland,UNE_RATE,Unemployment rate,PT_LF_SUB,Percentage of labour force in the same subgroup,_T,Total,Y15T64,From 15 to 64 years,UNE,Unemployment,2017,,6.762,,A,Normal value,,,1,One
DATAFLOW,OECD.ELS.SAE:DSD_LFS@DF_LFS_INDIC(1.1),Employment and unemployment by five-year age group and sex - indicators,I,IRL,Ireland,UNE_RATE,Unemployment rate,PT_LF_SUB,Percentage of labour force in the same subgroup,_T,Total,_T,Total,UNE,Unemployment,2017,,6.578,,A,Normal value,,,1,One
DATAFLOW,OECD.ELS.SAE:DSD_LFS@DF_LFS_INDIC(1.1),Employment and unemployment by five-year age group and sex - indicators,I,ISR,Israel,UNE_RATE,Unemployment rate,PT_LF_SUB,Percentage of labour force in the same subgroup,_T,Total,Y15T64,From 15 to 64 years,UNE,Unemployment,2017,,4.287,,A,Normal value,,,1,One
DATAFLOW,OECD.ELS.SAE:DSD_LFS@DF_LFS_INDIC(1.1),Employment and unemployment by five-year age group and sex - indicators,I,ISR,Israel,UNE_RATE,Unemployment rate,PT_LF_SUB,Percentage of labour force in the same subgroup,_T,Total,_T,Total,UNE,Unemployment,2017,,4.212,,A,Normal value,,,1,One
DATAFLOW,OECD.ELS.SAE:DSD_LFS@DF_LFS_INDIC(1.1),Employment and unemployment by five-year age group and sex - indicators,I,ITA,Italy,UNE_RATE,Unemployment rate,PT_LF_SUB,Percentage of labour force in the same subgroup,_T,Total,Y15T64,From 15 to 64 years,UNE,Unemployment,2017,,11.428,,A,Normal value,,,1,One
DATAFLOW,OECD.ELS.SAE:DSD_LFS@DF_LFS_INDIC(1.1),Employment and unemployment by five-year age group and sex - indicators,I,KOR,Korea,UNE_RATE,Unemployment rate,PT_LF_SUB,Percentage of labour force in the same subgroup,_T,Total,_T,Total,UNE,Unemployment,2017,,3.686,,A,Normal value,,,1,One
DATAFLOW,OECD.ELS.SAE:DSD_LFS@DF_LFS_INDIC(1.1),Employment and unemployment by five-year age group and sex - indicators,I,LVA,Latvia,UNE_RATE,Unemployment rate,PT_LF_SUB,Percentage of labour force in the same subgroup,_T,Total,Y15T64,From 15 to 64 years,UNE,Unemployment,2017,,8.902,,A,Normal value,,,1,One
DATAFLOW,OECD.ELS.SAE:DSD_LFS@DF_LFS_INDIC(1.1),Employment and unemployment by five-year age group and sex - indicators,I,LVA,Latvia,UNE_RATE,Unemployment rate,PT_LF_SUB,Percentage of labour force in the same subgroup,_T,Total,_T,Total,UNE,Unemployment,2017,,8.705,,A,Normal value,,,1,One
DATAFLOW,OECD.ELS.SAE:DSD_LFS@DF_LFS_INDIC(1.1),Employment and unemployment by five-year age group and sex - indicators,I,LTU,Lithuania,UNE_RATE,Unemployment rate,PT_LF_SUB,Percentage of labour force in the same subgroup,_T,Total,_T,Total,UNE,Unemployment,2017,,7.066,,A,Normal value,,,1,One
DATAFLOW,OECD.ELS.SAE:DSD_LFS@DF_LFS_INDIC(1.1),Employment and unemployment by five-year age group and sex - indicators,I,LTU,Lithuania,UNE_RATE,Unemployment rate,PT_LF_SUB,Percentage of labour force in the same subgroup,_T,Total,Y15T64,From 15 to 64 years,UNE,Unemployment,2017,,7.293,,A,Normal value,,,1,One
DATAFLOW,OECD.ELS.SAE:DSD_LFS@DF_LFS_INDIC(1.1),Employment and unemployment by five-year age group and sex - indicators,I,LUX,Luxembourg,UNE_RATE,Unemployment rate,PT_LF_SUB,Percentage of labour force in the same subgroup,_T,Total,_T,Total,UNE,Unemployment,2017,,5.486,,A,Normal value,,,1,One
DATAFLOW,OECD.ELS.SAE:DSD_LFS@DF_LFS_INDIC(1.1),Employment and unemployment by five-year age group and sex - indicators,I,LUX,Luxembourg,UNE_RATE,Unemployment rate,PT_LF_SUB,Percentage of labour force in the same subgroup,_T,Total,Y15T64,From 15 to 64 years,UNE,Unemployment,2017,,5.486,,A,Normal value,,,1,One
DATAFLOW,OECD.ELS.SAE:DSD_LFS@DF_LFS_INDIC(1.1),Employment and unemployment by five-year age group and sex - indicators,I,NZL,New Zealand,UNE_RATE,Unemployment rate,PT_LF_SUB,Percentage of labour force in the same subgroup,_T,Total,Y15T64,From 15 to 64 years,UNE,Unemployment,2017,,4.967,,A,Normal value,,,1,One
DATAFLOW,OECD.ELS.SAE:DSD_LFS@DF_LFS_INDIC(1.1),Employment and unemployment by five-year age group and sex - indicators,I,NZL,New Zealand,UNE_RATE,Unemployment rate,PT_LF_SUB,Percentage of labour force in the same subgroup,_T,Total,_T,Total,UNE,Unemployment,2017,,4.735,,A,Normal value,,,1,One
DATAFLOW,OECD.ELS.SAE:DSD_LFS@DF_LFS_INDIC(1.1),Employment and unemployment by five-year age group and sex - indicators,I,NOR,Norway,UNE_RATE,Unemployment rate,PT_LF_SUB,Percentage of labour force in the same subgroup,_T,Total,_T,Total,UNE,Unemployment,2017,,4.158,,A,Normal value,,,1,One
DATAFLOW,OECD.ELS.SAE:DSD_LFS@DF_LFS_INDIC(1.1),Employment and unemployment by five-year age group and sex - indicators,I,NOR,Norway,UNE_RATE,Unemployment rate,PT_LF_SUB,Percentage of labour force in the same subgroup,_T,Total,Y15T64,From 15 to 64 years,UNE,Unemployment,2017,,4.268,,A,Normal value,,,1,One
DATAFLOW,OECD.ELS.SAE:DSD_LFS@DF_LFS_INDIC(1.1),Employment and unemployment by five-year age group and sex - indicators,I,POL,Poland,UNE_RATE,Unemployment rate,PT_LF_SUB,Percentage of labour force in the same subgroup,_T,Total,Y15T64,From 15 to 64 years,UNE,Unemployment,2017,,4.966,,A,Normal value,,,1,One
DATAFLOW,OECD.ELS.SAE:DSD_LFS@DF_LFS_INDIC(1.1),Employment and unemployment by five-year age group and sex - indicators,I,POL,Poland,UNE_RATE,Unemployment rate,PT_LF_SUB,Percentage of labour force in the same subgroup,_T,Total,_T,Total,UNE,Unemployment,2017,,4.887,,A,Normal value,,,1,One
DATAFLOW,OECD.ELS.SAE:DSD_LFS@DF_LFS_INDIC(1.1),Employment and unemployment by five-year age group and sex - indicators,I,PRT,Portugal,UNE_RATE,Unemployment rate,PT_LF_SUB,Percentage of labour force in the same subgroup,_T,Total,Y15T64,From 15 to 64 years,UNE,Unemployment,2017,,9.307,,A,Normal value,,,1,One
DATAFLOW,OECD.ELS.SAE:DSD_LFS@DF_LFS_INDIC(1.1),Employment and unemployment by five-year age group and sex - indicators,I,PRT,Portugal,UNE_RATE,Unemployment rate,PT_LF_SUB,Percentage of labour force in the same subgroup,_T,Total,_T,Total,UNE,Unemployment,2017,,9.168,,A,Normal value,,,1,One
DATAFLOW,OECD.ELS.SAE:DSD_LFS@DF_LFS_INDIC(1.1),Employment and unemployment by five-year age group and sex - indicators,I,SVK,Slovak Republic,UNE_RATE,Unemployment rate,PT_LF_SUB,Percentage of labour force in the same subgroup,_T,Total,Y15T64,From 15 to 64 years,UNE,Unemployment,2017,,8.196,,A,Normal value,,,1,One
DATAFLOW,OECD.ELS.SAE:DSD_LFS@DF_LFS_INDIC(1.1),Employment and unemployment by five-year age group and sex - indicators,I,SVK,Slovak Republic,UNE_RATE,Unemployment rate,PT_LF_SUB,Percentage of labour force in the same subgroup,_T,Total,_T,Total,UNE,Unemployment,2017,,8.129,,A,Normal value,,,1,One
DATAFLOW,OECD.ELS.SAE:DSD_LFS@DF_LFS_INDIC(1.1),Employment and unemployment by five-year age group and sex - indicators,I,SVN,Slovenia,UNE_RATE,Unemployment rate,PT_LF_SUB,Percentage of labour force in the same subgroup,_T,Total,Y15T64,From 15 to 64 years,UNE,Unemployment,2017,,6.66,,A,Normal value,,,1,One
DATAFLOW,OECD.ELS.SAE:DSD_LFS@DF_LFS_INDIC(1.1),Employment and unemployment by five-year age group and sex - indicators,I,SVN,Slovenia,UNE_RATE,Unemployment rate,PT_LF_SUB,Percentage of labour force in the same subgroup,_T,Total,_T,Total,UNE,Unemployment,2017,,6.559,,A,Normal value,,,1,One
DATAFLOW,OECD.ELS.SAE:DSD_LFS@DF_LFS_INDIC(1.1),Employment and unemployment by five-year age group and sex - indicators,I,ESP,Spain,UNE_RATE,Unemployment rate,PT_LF_SUB,Percentage of labour force in the same subgroup,_T,Total,Y15T64,From 15 to 64 years,UNE,Unemployment,2017,,17.33,,A,Normal value,,,1,One
DATAFLOW,OECD.ELS.SAE:DSD_LFS@DF_LFS_INDIC(1.1),Employment and unemployment by five-year age group and sex - indicators,I,ESP,Spain,UNE_RATE,Unemployment rate,PT_LF_SUB,Percentage of labour force in the same subgroup,_T,Total,_T,Total,UNE,Unemployment,2017,,17.223,,A,Normal value,,,1,One
DATAFLOW,OECD.ELS.SAE:DSD_LFS@DF_LFS_INDIC(1.1),Employment and unemployment by five-year age group and sex - indicators,I,SWE,Sweden,UNE_RATE,Unemployment rate,PT_LF_SUB,Percentage of labour force in the same subgroup,_T,Total,_T,Total,UNE,Unemployment,2017,,6.663,,A,Normal value,,,1,One
DATAFLOW,OECD.ELS.SAE:DSD_LFS@DF_LFS_INDIC(1.1),Employment and unemployment by five-year age group and sex - indicators,I,SWE,Sweden,UNE_RATE,Unemployment rate,PT_LF_SUB,Percentage of labour force in the same subgroup,_T,Total,Y15T64,From 15 to 64 years,UNE,Unemployment,2017,,6.811,,A,Normal value,,,1,One
DATAFLOW,OECD.ELS.SAE:DSD_LFS@DF_LFS_INDIC(1.1),Employment and unemployment by five-year age group and sex - indicators,I,CHE,Switzerland,UNE_RATE,Unemployment rate,PT_LF_SUB,Percentage of labour force in the same subgroup,_T,Total,Y15T64,From 15 to 64 years,UNE,Unemployment,2017,,4.962,,A,Normal value,,,1,One
DATAFLOW,OECD.ELS.SAE:DSD_LFS@DF_LFS_INDIC(1.1),Employment and unemployment by five-year age group and sex - indicators,I,CHE,Switzerland,UNE_RATE,Unemployment rate,PT_LF_SUB,Percentage of labour force in the same subgroup,_T,Total,_T,Total,UNE,Unemployment,2017,,4.795,,A,Normal value,,,1,One
DATAFLOW,OECD.ELS.SAE:DSD_LFS@DF_LFS_INDIC(1.1),Employment and unemployment by five-year age group and sex - indicators,I,GBR,United Kingdom,UNE_RATE,Unemployment rate,PT_LF_SUB,Percentage of labour force in the same subgroup,_T,Total,_T,Total,UNE,Unemployment,2017,,4.374,,A,Normal value,,,1,One
DATAFLOW,OECD.ELS.SAE:DSD_LFS@DF_LFS_INDIC(1.1),Employment and unemployment by five-year age group and sex - indicators,I,EU27,European Union (27 countries),UNE_RATE,Unemployment rate,PT_LF_SUB,Percentage of labour force in the same subgroup,_T,Total,_T,Total,UNE,Unemployment,2017,,8.172,,A,Normal value,,,1,One
DATAFLOW,OECD.ELS.SAE:DSD_LFS@DF_LFS_INDIC(1.1),Employment and unemployment by five-year age group and sex - indicators,I,EU27,European Union (27 countries),UNE_RATE,Unemployment rate,PT_LF_SUB,Percentage of labour force in the same subgroup,_T,Total,Y15T64,From 15 to 64 years,UNE,Unemployment,2017,,8.304,,A,Normal value,,,1,One
DATAFLOW,OECD.ELS.SAE:DSD_LFS@DF_LFS_INDIC(1.1),Employment and unemployment by five-year age group and sex - indicators,I,EU19OECD,European Union (19 countries) in OECD,UNE_RATE,Unemployment rate,PT_LF_SUB,Percentage of labour force in the same subgroup,_T,Total,_T,Total,UNE,Unemployment,2017,,9.099,,A,Normal value,,,1,One
DATAFLOW,OECD.ELS.SAE:DSD_LFS@DF_LFS_INDIC(1.1),Employment and unemployment by five-year age group and sex - indicators,I,EU19OECD,European Union (19 countries) in OECD,UNE_RATE,Unemployment rate,PT_LF_SUB,Percentage of labour force in the same subgroup,_T,Total,Y15T64,From 15 to 64 years,UNE,Unemployment,2017,,9.237,,A,Normal value,,,1,One
DATAFLOW,OECD.ELS.SAE:DSD_LFS@DF_LFS_INDIC(1.1),Employment and unemployment by five-year age group and sex - indicators,I,EU22OECD,European Union (22 countries) in OECD,UNE_RATE,Unemployment rate,PT_LF_SUB,Percentage of labour force in the same subgroup,_T,Total,_T,Total,UNE,Unemployment,2017,,8.328,,A,Normal value,,,1,One
DATAFLOW,OECD.ELS.SAE:DSD_LFS@DF_LFS_INDIC(1.1),Employment and unemployment by five-year age group and sex - indicators,I,EU22OECD,European Union (22 countries) in OECD,UNE_RATE,Unemployment rate,PT_LF_SUB,Percentage of labour force in the same subgroup,_T,Total,Y15T64,From 15 to 64 years,UNE,Unemployment,2017,,8.458,,A,Normal value,,,1,One
DATAFLOW,OECD.ELS.SAE:DSD_LFS@DF_LFS_INDIC(1.1),Employment and unemployment by five-year age group and sex - indicators,I,OECD_REP,OECD average country,UNE_RATE,Unemployment rate,PT_LF_SUB,Percentage of labour force in the same subgroup,_T,Total,_T,Total,UNE,Unemployment,2017,,6.846,,A,Normal value,,,1,One
DATAFLOW,OECD.ELS.SAE:DSD_LFS@DF_LFS_INDIC(1.1),Employment and unemployment by five-year age group and sex - indicators,I,OECD_REP,OECD average country,UNE_RATE,Unemployment rate,PT_LF_SUB,Percentage of labour force in the same subgroup,_T,Total,Y15T64,From 15 to 64 years,UNE,Unemployment,2017,,6.978,,A,Normal value,,,1,One
DATAFLOW,OECD.ELS.SAE:DSD_LFS@DF_LFS_INDIC(1.1),Employment and unemployment by five-year age group and sex - indicators,I,ARG,Argentina,UNE_RATE,Unemployment rate,PT_LF_SUB,Percentage of labour force in the same subgroup,_T,Total,Y15T64,From 15 to 64 years,UNE,Unemployment,2017,,7.367,,A,Normal value,,,1,One
DATAFLOW,OECD.ELS.SAE:DSD_LFS@DF_LFS_INDIC(1.1),Employment and unemployment by five-year age group and sex - indicators,I,ARG,Argentina,UNE_RATE,Unemployment rate,PT_LF_SUB,Percentage of labour force in the same subgroup,_T,Total,_T,Total,UNE,Unemployment,2017,,7.214,,A,Normal value,,,1,One
DATAFLOW,OECD.ELS.SAE:DSD_LFS@DF_LFS_INDIC(1.1),Employment and unemployment by five-year age group and sex - indicators,I,BGR,Bulgaria,UNE_RATE,Unemployment rate,PT_LF_SUB,Percentage of labour force in the same subgroup,_T,Total,Y15T64,From 15 to 64 years,UNE,Unemployment,2017,,6.225,,A,Normal value,,,1,One
DATAFLOW,OECD.ELS.SAE:DSD_LFS@DF_LFS_INDIC(1.1),Employment and unemployment by five-year age group and sex - indicators,I,BGR,Bulgaria,UNE_RATE,Unemployment rate,PT_LF_SUB,Percentage of labour force in the same subgroup,_T,Total,_T,Total,UNE,Unemployment,2017,,6.161,,A,Normal value,,,1,One
DATAFLOW,OECD.ELS.SAE:DSD_LFS@DF_LFS_INDIC(1.1),Employment and unemployment by five-year age group and sex - indicators,I,HRV,Croatia,UNE_RATE,Unemployment rate,PT_LF_SUB,Percentage of labour force in the same subgroup,_T,Total,_T,Total,UNE,Unemployment,2017,,11.073,,A,Normal value,,,1,One
DATAFLOW,OECD.ELS.SAE:DSD_LFS@DF_LFS_INDIC(1.1),Employment and unemployment by five-year age group and sex - indicators,I,HRV,Croatia,UNE_RATE,Unemployment rate,PT_LF_SUB,Percentage of labour force in the same subgroup,_T,Total,Y15T64,From 15 to 64 years,UNE,Unemployment,2017,,11.162,,A,Normal value,,,1,One
DATAFLOW,OECD.ELS.SAE:DSD_LFS@DF_LFS_INDIC(1.1),Employment and unemployment by five-year age group and sex - indicators,I,CYP,Cyprus,UNE_RATE,Unemployment rate,PT_LF_SUB,Percentage of labour force in the same subgroup,_T,Total,_T,Total,UNE,Unemployment,2017,,11.031,,A,Normal value,,,1,One
DATAFLOW,OECD.ELS.SAE:DSD_LFS@DF_LFS_INDIC(1.1),Employment and unemployment by five-year age group and sex - indicators,I,CYP,Cyprus,UNE_RATE,Unemployment rate,PT_LF_SUB,Percentage of labour force in the same subgroup,_T,Total,Y15T64,From 15 to 64 years,UNE,Unemployment,2017,,11.261,,A,Normal value,,,1,One
DATAFLOW,OECD.ELS.SAE:DSD_LFS@DF_LFS_INDIC(1.1),Employment and unemployment by five-year age group and sex - indicators,I,MLT,Malta,UNE_RATE,Unemployment rate,PT_LF_SUB,Percentage of labour force in the same subgroup,_T,Total,_T,Total,UNE,Unemployment,2017,,3.957,,A,Normal value,,,1,One
DATAFLOW,OECD.ELS.SAE:DSD_LFS@DF_LFS_INDIC(1.1),Employment and unemployment by five-year age group and sex - indicators,I,MLT,Malta,UNE_RATE,Unemployment rate,PT_LF_SUB,Percentage of labour force in the same subgroup,_T,Total,Y15T64,From 15 to 64 years,UNE,Unemployment,2017,,4.018,,A,Normal value,,,1,One
DATAFLOW,OECD.ELS.SAE:DSD_LFS@DF_LFS_INDIC(1.1),Employment and unemployment by five-year age group and sex - indicators,I,MKD,North Macedonia,UNE_RATE,Unemployment rate,PT_LF_SUB,Percentage of labour force in the same subgroup,_T,Total,Y15T64,From 15 to 64 years,UNE,Unemployment,2017,,22.539,,A,Normal value,,,1,One
DATAFLOW,OECD.ELS.SAE:DSD_LFS@DF_LFS_INDIC(1.1),Employment and unemployment by five-year age group and sex - indicators,I,MKD,North Macedonia,UNE_RATE,Unemployment rate,PT_LF_SUB,Percentage of labour force in the same subgroup,_T,Total,_T,Total,UNE,Unemployment,2017,,22.374,,A,Normal value,,,1,One
DATAFLOW,OECD.ELS.SAE:DSD_LFS@DF_LFS_INDIC(1.1),Employment and unemployment by five-year age group and sex - indicators,I,PER,Peru,UNE_RATE,Unemployment rate,PT_LF_SUB,Percentage of labour force in the same subgroup,_T,Total,_T,Total,UNE,Unemployment,2017,,3.992,,A,Normal value,,,1,One
DATAFLOW,OECD.ELS.SAE:DSD_LFS@DF_LFS_INDIC(1.1),Employment and unemployment by five-year age group and sex - indicators,I,PER,Peru,UNE_RATE,Unemployment rate,PT_LF_SUB,Percentage of labour force in the same subgroup,_T,Total,Y15T64,From 15 to 64 years,UNE,Unemployment,2017,,4.092,,A,Normal value,,,1,One
DATAFLOW,OECD.ELS.SAE:DSD_LFS@DF_LFS_INDIC(1.1),Employment and unemployment by five-year age group and sex - indicators,I,ROU,Romania,UNE_RATE,Unemployment rate,PT_LF_SUB,Percentage of labour force in the same subgroup,_T,Total,_T,Total,UNE,Unemployment,2017,,4.926,,A,Normal value,,,1,One
DATAFLOW,OECD.ELS.SAE:DSD_LFS@DF_LFS_INDIC(1.1),Employment and unemployment by five-year age group and sex - indicators,I,ROU,Romania,UNE_RATE,Unemployment rate,PT_LF_SUB,Percentage of labour force in the same subgroup,_T,Total,Y15T64,From 15 to 64 years,UNE,Unemployment,2017,,5.091,,A,Normal value,,,1,One
DATAFLOW,OECD.ELS.SAE:DSD_LFS@DF_LFS_INDIC(1.1),Employment and unemployment by five-year age group and sex - indicators,I,THA,Thailand,UNE_RATE,Unemployment rate,PT_LF_SUB,Percentage of labour force in the same subgroup,_T,Total,_T,Total,UNE,Unemployment,2017,,0.826,,A,Normal value,,,1,One
DATAFLOW,OECD.ELS.SAE:DSD_LFS@DF_LFS_INDIC(1.1),Employment and unemployment by five-year age group and sex - indicators,I,THA,Thailand,UNE_RATE,Unemployment rate,PT_LF_SUB,Percentage of labour force in the same subgroup,_T,Total,Y15T64,From 15 to 64 years,UNE,Unemployment,2017,,0.869,,A,Normal value,,,1,One
DATAFLOW,OECD.ELS.SAE:DSD_LFS@DF_LFS_INDIC(1.1),Employment and unemployment by five-year age group and sex - indicators,I,AUS,Australia,UNE_RATE,Unemployment rate,PT_LF_SUB,Percentage of labour force in the same subgroup,_T,Total,_T,Total,UNE,Unemployment,2019,,5.163,,A,Normal value,,,1,One
DATAFLOW,OECD.ELS.SAE:DSD_LFS@DF_LFS_INDIC(1.1),Employment and unemployment by five-year age group and sex - indicators,I,AUS,Australia,UNE_RATE,Unemployment rate,PT_LF_SUB,Percentage of labour force in the same subgroup,_T,Total,Y15T64,From 15 to 64 years,UNE,Unemployment,2019,,5.314,,A,Normal value,,,1,One
DATAFLOW,OECD.ELS.SAE:DSD_LFS@DF_LFS_INDIC(1.1),Employment and unemployment by five-year age group and sex - indicators,I,AUT,Austria,UNE_RATE,Unemployment rate,PT_LF_SUB,Percentage of labour force in the same subgroup,_T,Total,Y15T64,From 15 to 64 years,UNE,Unemployment,2019,,4.551,,A,Normal value,,,1,One
DATAFLOW,OECD.ELS.SAE:DSD_LFS@DF_LFS_INDIC(1.1),Employment and unemployment by five-year age group and sex - indicators,I,AUT,Austria,UNE_RATE,Unemployment rate,PT_LF_SUB,Percentage of labour force in the same subgroup,_T,Total,_T,Total,UNE,Unemployment,2019,,4.485,,A,Normal value,,,1,One
DATAFLOW,OECD.ELS.SAE:DSD_LFS@DF_LFS_INDIC(1.1),Employment and unemployment by five-year age group and sex - indicators,I,BEL,Belgium,UNE_RATE,Unemployment rate,PT_LF_SUB,Percentage of labour force in the same subgroup,_T,Total,_T,Total,UNE,Unemployment,2019,,5.358,,A,Normal value,,,1,One
DATAFLOW,OECD.ELS.SAE:DSD_LFS@DF_LFS_INDIC(1.1),Employment and unemployment by five-year age group and sex - indicators,I,BEL,Belgium,UNE_RATE,Unemployment rate,PT_LF_SUB,Percentage of labour force in the same subgroup,_T,Total,Y15T64,From 15 to 64 years,UNE,Unemployment,2019,,5.408,,A,Normal value,,,1,One
DATAFLOW,OECD.ELS.SAE:DSD_LFS@DF_LFS_INDIC(1.1),Employment and unemployment by five-year age group and sex - indicators,I,CAN,Canada,UNE_RATE,Unemployment rate,PT_LF_SUB,Percentage of labour force in the same subgroup,_T,Total,Y15T64,From 15 to 64 years,UNE,Unemployment,2019,,5.762,,A,Normal value,,,1,One
DATAFLOW,OECD.ELS.SAE:DSD_LFS@DF_LFS_INDIC(1.1),Employment and unemployment by five-year age group and sex - indicators,I,CHL,Chile,UNE_RATE,Unemployment rate,PT_LF_SUB,Percentage of labour force in the same subgroup,_T,Total,Y15T64,From 15 to 64 years,UNE,Unemployment,2019,,7.525,,A,Normal value,,,1,One
DATAFLOW,OECD.ELS.SAE:DSD_LFS@DF_LFS_INDIC(1.1),Employment and unemployment by five-year age group and sex - indicators,I,CHL,Chile,UNE_RATE,Unemployment rate,PT_LF_SUB,Percentage of labour force in the same subgroup,_T,Total,_T,Total,UNE,Unemployment,2019,,7.219,,A,Normal value,,,1,One
DATAFLOW,OECD.ELS.SAE:DSD_LFS@DF_LFS_INDIC(1.1),Employment and unemployment by five-year age group and sex - indicators,I,CRI,Costa Rica,UNE_RATE,Unemployment rate,PT_LF_SUB,Percentage of labour force in the same subgroup,_T,Total,Y15T64,From 15 to 64 years,UNE,Unemployment,2019,,12.017,,A,Normal value,,,1,One
DATAFLOW,OECD.ELS.SAE:DSD_LFS@DF_LFS_INDIC(1.1),Employment and unemployment by five-year age group and sex - indicators,I,CRI,Costa Rica,UNE_RATE,Unemployment rate,PT_LF_SUB,Percentage of labour force in the same subgroup,_T,Total,_T,Total,UNE,Unemployment,2019,,11.754,,A,Normal value,,,1,One
DATAFLOW,OECD.ELS.SAE:DSD_LFS@DF_LFS_INDIC(1.1),Employment and unemployment by five-year age group and sex - indicators,I,CZE,Czechia,UNE_RATE,Unemployment rate,PT_LF_SUB,Percentage of labour force in the same subgroup,_T,Total,Y15T64,From 15 to 64 years,UNE,Unemployment,2019,,2.059,,A,Normal value,,,1,One
DATAFLOW,OECD.ELS.SAE:DSD_LFS@DF_LFS_INDIC(1.1),Employment and unemployment by five-year age group and sex - indicators,I,CZE,Czechia,UNE_RATE,Unemployment rate,PT_LF_SUB,Percentage of labour force in the same subgroup,_T,Total,_T,Total,UNE,Unemployment,2019,,2.014,,A,Normal value,,,1,One
DATAFLOW,OECD.ELS.SAE:DSD_LFS@DF_LFS_INDIC(1.1),Employment and unemployment by five-year age group and sex - indicators,I,DNK,Denmark,UNE_RATE,Unemployment rate,PT_LF_SUB,Percentage of labour force in the same subgroup,_T,Total,_T,Total,UNE,Unemployment,2019,,4.723,,A,Normal value,,,1,One
DATAFLOW,OECD.ELS.SAE:DSD_LFS@DF_LFS_INDIC(1.1),Employment and unemployment by five-year age group and sex - indicators,I,DNK,Denmark,UNE_RATE,Unemployment rate,PT_LF_SUB,Percentage of labour force in the same subgroup,_T,Total,Y15T64,From 15 to 64 years,UNE,Unemployment,2019,,4.882,,A,Normal value,,,1,One
DATAFLOW,OECD.ELS.SAE:DSD_LFS@DF_LFS_INDIC(1.1),Employment and unemployment by five-year age group and sex - indicators,I,EST,Estonia,UNE_RATE,Unemployment rate,PT_LF_SUB,Percentage of labour force in the same subgroup,_T,Total,Y15T64,From 15 to 64 years,UNE,Unemployment,2019,,4.548,,A,Normal value,,,1,One
DATAFLOW,OECD.ELS.SAE:DSD_LFS@DF_LFS_INDIC(1.1),Employment and unemployment by five-year age group and sex - indicators,I,EST,Estonia,UNE_RATE,Unemployment rate,PT_LF_SUB,Percentage of labour force in the same subgroup,_T,Total,_T,Total,UNE,Unemployment,2019,,4.419,,A,Normal value,,,1,One
DATAFLOW,OECD.ELS.SAE:DSD_LFS@DF_LFS_INDIC(1.1),Employment and unemployment by five-year age group and sex - indicators,I,FIN,Finland,UNE_RATE,Unemployment rate,PT_LF_SUB,Percentage of labour force in the same subgroup,_T,Total,Y15T64,From 15 to 64 years,UNE,Unemployment,2019,,6.783,,A,Normal value,,,1,One
DATAFLOW,OECD.ELS.SAE:DSD_LFS@DF_LFS_INDIC(1.1),Employment and unemployment by five-year age group and sex - indicators,I,FIN,Finland,UNE_RATE,Unemployment rate,PT_LF_SUB,Percentage of labour force in the same subgroup,_T,Total,_T,Total,UNE,Unemployment,2019,,6.646,,A,Normal value,,,1,One
DATAFLOW,OECD.ELS.SAE:DSD_LFS@DF_LFS_INDIC(1.1),Employment and unemployment by five-year age group and sex - indicators,I,DEU,Germany,UNE_RATE,Unemployment rate,PT_LF_SUB,Percentage of labour force in the same subgroup,_T,Total,Y15T64,From 15 to 64 years,UNE,Unemployment,2019,,3.21,,A,Normal value,,,1,One
DATAFLOW,OECD.ELS.SAE:DSD_LFS@DF_LFS_INDIC(1.1),Employment and unemployment by five-year age group and sex - indicators,I,GRC,Greece,UNE_RATE,Unemployment rate,PT_LF_SUB,Percentage of labour force in the same subgroup,_T,Total,Y15T64,From 15 to 64 years,UNE,Unemployment,2019,,17.468,,A,Normal value,,,1,One
DATAFLOW,OECD.ELS.SAE:DSD_LFS@DF_LFS_INDIC(1.1),Employment and unemployment by five-year age group and sex - indicators,I,GRC,Greece,UNE_RATE,Unemployment rate,PT_LF_SUB,Percentage of labour force in the same subgroup,_T,Total,_T,Total,UNE,Unemployment,2019,,17.311,,A,Normal value,,,1,One
DATAFLOW,OECD.ELS.SAE:DSD_LFS@DF_LFS_INDIC(1.1),Employment and unemployment by five-year age group and sex - indicators,I,HUN,Hungary,UNE_RATE,Unemployment rate,PT_LF_SUB,Percentage of labour force in the same subgroup,_T,Total,_T,Total,UNE,Unemployment,2019,,3.409,,A,Normal value,,,1,One
DATAFLOW,OECD.ELS.SAE:DSD_LFS@DF_LFS_INDIC(1.1),Employment and unemployment by five-year age group and sex - indicators,I,HUN,Hungary,UNE_RATE,Unemployment rate,PT_LF_SUB,Percentage of labour force in the same subgroup,_T,Total,Y15T64,From 15 to 64 years,UNE,Unemployment,2019,,3.445,,A,Normal value,,,1,One
DATAFLOW,OECD.ELS.SAE:DSD_LFS@DF_LFS_INDIC(1.1),Employment and unemployment by five-year age group and sex - indicators,I,ISL,Iceland,UNE_RATE,Unemployment rate,PT_LF_SUB,Percentage of labour force in the same subgroup,_T,Total,Y15T64,From 15 to 64 years,UNE,Unemployment,2019,,4.006,,A,Normal value,,,1,One
DATAFLOW,OECD.ELS.SAE:DSD_LFS@DF_LFS_INDIC(1.1),Employment and unemployment by five-year age group and sex - indicators,I,ISL,Iceland,UNE_RATE,Unemployment rate,PT_LF_SUB,Percentage of labour force in the same subgroup,_T,Total,_T,Total,UNE,Unemployment,2019,,3.883,,A,Normal value,,,1,One
DATAFLOW,OECD.ELS.SAE:DSD_LFS@DF_LFS_INDIC(1.1),Employment and unemployment by five-year age group and sex - indicators,I,IRL,Ireland,UNE_RATE,Unemployment rate,PT_LF_SUB,Percentage of labour force in the same subgroup,_T,Total,Y15T64,From 15 to 64 years,UNE,Unemployment,2019,,4.534,,A,Normal value,,,1,One
DATAFLOW,OECD.ELS.SAE:DSD_LFS@DF_LFS_INDIC(1.1),Employment and unemployment by five-year age group and sex - indicators,I,IRL,Ireland,UNE_RATE,Unemployment rate,PT_LF_SUB,Percentage of labour force in the same subgroup,_T,Total,_T,Total,UNE,Unemployment,2019,,4.389,,A,Normal value,,,1,One
DATAFLOW,OECD.ELS.SAE:DSD_LFS@DF_LFS_INDIC(1.1),Employment and unemployment by five-year age group and sex - indicators,I,ISR,Israel,UNE_RATE,Unemployment rate,PT_LF_SUB,Percentage of labour force in the same subgroup,_T,Total,Y15T64,From 15 to 64 years,UNE,Unemployment,2019,,3.896,,A,Normal value,,,1,One
DATAFLOW,OECD.ELS.SAE:DSD_LFS@DF_LFS_INDIC(1.1),Employment and unemployment by five-year age group and sex - indicators,I,ISR,Israel,UNE_RATE,Unemployment rate,PT_LF_SUB,Percentage of labour force in the same subgroup,_T,Total,_T,Total,UNE,Unemployment,2019,,3.8,,A,Normal value,,,1,One
DATAFLOW,OECD.ELS.SAE:DSD_LFS@DF_LFS_INDIC(1.1),Employment and unemployment by five-year age group and sex - indicators,I,ITA,Italy,UNE_RATE,Unemployment rate,PT_LF_SUB,Percentage of labour force in the same subgroup,_T,Total,_T,Total,UNE,Unemployment,2019,,9.883,,A,Normal value,,,1,One
DATAFLOW,OECD.ELS.SAE:DSD_LFS@DF_LFS_INDIC(1.1),Employment and unemployment by five-year age group and sex - indicators,I,ITA,Italy,UNE_RATE,Unemployment rate,PT_LF_SUB,Percentage of labour force in the same subgroup,_T,Total,Y15T64,From 15 to 64 years,UNE,Unemployment,2019,,10.095,,A,Normal value,,,1,One
DATAFLOW,OECD.ELS.SAE:DSD_LFS@DF_LFS_INDIC(1.1),Employment and unemployment by five-year age group and sex - indicators,I,KOR,Korea,UNE_RATE,Unemployment rate,PT_LF_SUB,Percentage of labour force in the same subgroup,_T,Total,_T,Total,UNE,Unemployment,2019,,3.772,,A,Normal value,,,1,One
DATAFLOW,OECD.ELS.SAE:DSD_LFS@DF_LFS_INDIC(1.1),Employment and unemployment by five-year age group and sex - indicators,I,LVA,Latvia,UNE_RATE,Unemployment rate,PT_LF_SUB,Percentage of labour force in the same subgroup,_T,Total,Y15T64,From 15 to 64 years,UNE,Unemployment,2019,,6.494,,A,Normal value,,,1,One
DATAFLOW,OECD.ELS.SAE:DSD_LFS@DF_LFS_INDIC(1.1),Employment and unemployment by five-year age group and sex - indicators,I,LVA,Latvia,UNE_RATE,Unemployment rate,PT_LF_SUB,Percentage of labour force in the same subgroup,_T,Total,_T,Total,UNE,Unemployment,2019,,6.303,,A,Normal value,,,1,One
DATAFLOW,OECD.ELS.SAE:DSD_LFS@DF_LFS_INDIC(1.1),Employment and unemployment by five-year age group and sex - indicators,I,LTU,Lithuania,UNE_RATE,Unemployment rate,PT_LF_SUB,Percentage of labour force in the same subgroup,_T,Total,_T,Total,UNE,Unemployment,2019,,6.251,,A,Normal value,,,1,One
DATAFLOW,OECD.ELS.SAE:DSD_LFS@DF_LFS_INDIC(1.1),Employment and unemployment by five-year age group and sex - indicators,I,LTU,Lithuania,UNE_RATE,Unemployment rate,PT_LF_SUB,Percentage of labour force in the same subgroup,_T,Total,Y15T64,From 15 to 64 years,UNE,Unemployment,2019,,6.471,,A,Normal value,,,1,One
DATAFLOW,OECD.ELS.SAE:DSD_LFS@DF_LFS_INDIC(1.1),Employment and unemployment by five-year age group and sex - indicators,I,LUX,Luxembourg,UNE_RATE,Unemployment rate,PT_LF_SUB,Percentage of labour force in the same subgroup,_T,Total,_T,Total,UNE,Unemployment,2019,,5.568,,A,Normal value,,,1,One
DATAFLOW,OECD.ELS.SAE:DSD_LFS@DF_LFS_INDIC(1.1),Employment and unemployment by five-year age group and sex - indicators,I,LUX,Luxembourg,UNE_RATE,Unemployment rate,PT_LF_SUB,Percentage of labour force in the same subgroup,_T,Total,Y15T64,From 15 to 64 years,UNE,Unemployment,2019,,5.593,,A,Normal value,,,1,One
DATAFLOW,OECD.ELS.SAE:DSD_LFS@DF_LFS_INDIC(1.1),Employment and unemployment by five-year age group and sex - indicators,I,NZL,New Zealand,UNE_RATE,Unemployment rate,PT_LF_SUB,Percentage of labour force in the same subgroup,_T,Total,Y15T64,From 15 to 64 years,UNE,Unemployment,2019,,4.291,,A,Normal value,,,1,One
DATAFLOW,OECD.ELS.SAE:DSD_LFS@DF_LFS_INDIC(1.1),Employment and unemployment by five-year age group and sex - indicators,I,NZL,New Zealand,UNE_RATE,Unemployment rate,PT_LF_SUB,Percentage of labour force in the same subgroup,_T,Total,_T,Total,UNE,Unemployment,2019,,4.111,,A,Normal value,,,1,One
DATAFLOW,OECD.ELS.SAE:DSD_LFS@DF_LFS_INDIC(1.1),Employment and unemployment by five-year age group and sex - indicators,I,NOR,Norway,UNE_RATE,Unemployment rate,PT_LF_SUB,Percentage of labour force in the same subgroup,_T,Total,_T,Total,UNE,Unemployment,2019,,3.684,,A,Normal value,,,1,One
DATAFLOW,OECD.ELS.SAE:DSD_LFS@DF_LFS_INDIC(1.1),Employment and unemployment by five-year age group and sex - indicators,I,NOR,Norway,UNE_RATE,Unemployment rate,PT_LF_SUB,Percentage of labour force in the same subgroup,_T,Total,Y15T64,From 15 to 64 years,UNE,Unemployment,2019,,3.782,,A,Normal value,,,1,One
DATAFLOW,OECD.ELS.SAE:DSD_LFS@DF_LFS_INDIC(1.1),Employment and unemployment by five-year age group and sex - indicators,I,POL,Poland,UNE_RATE,Unemployment rate,PT_LF_SUB,Percentage of labour force in the same subgroup,_T,Total,Y15T64,From 15 to 64 years,UNE,Unemployment,2019,,3.294,,A,Normal value,,,1,One
DATAFLOW,OECD.ELS.SAE:DSD_LFS@DF_LFS_INDIC(1.1),Employment and unemployment by five-year age group and sex - indicators,I,POL,Poland,UNE_RATE,Unemployment rate,PT_LF_SUB,Percentage of labour force in the same subgroup,_T,Total,_T,Total,UNE,Unemployment,2019,,3.236,,A,Normal value,,,1,One
DATAFLOW,OECD.ELS.SAE:DSD_LFS@DF_LFS_INDIC(1.1),Employment and unemployment by five-year age group and sex - indicators,I,PRT,Portugal,UNE_RATE,Unemployment rate,PT_LF_SUB,Percentage of labour force in the same subgroup,_T,Total,Y15T64,From 15 to 64 years,UNE,Unemployment,2019,,6.723,,A,Normal value,,,1,One
DATAFLOW,OECD.ELS.SAE:DSD_LFS@DF_LFS_INDIC(1.1),Employment and unemployment by five-year age group and sex - indicators,I,PRT,Portugal,UNE_RATE,Unemployment rate,PT_LF_SUB,Percentage of labour force in the same subgroup,_T,Total,_T,Total,UNE,Unemployment,2019,,6.6,,A,Normal value,,,1,One
DATAFLOW,OECD.ELS.SAE:DSD_LFS@DF_LFS_INDIC(1.1),Employment and unemployment by five-year age group and sex - indicators,I,SVK,Slovak Republic,UNE_RATE,Unemployment rate,PT_LF_SUB,Percentage of labour force in the same subgroup,_T,Total,Y15T64,From 15 to 64 years,UNE,Unemployment,2019,,5.834,,A,Normal value,,,1,One
DATAFLOW,OECD.ELS.SAE:DSD_LFS@DF_LFS_INDIC(1.1),Employment and unemployment by five-year age group and sex - indicators,I,SVK,Slovak Republic,UNE_RATE,Unemployment rate,PT_LF_SUB,Percentage of labour force in the same subgroup,_T,Total,_T,Total,UNE,Unemployment,2019,,5.752,,A,Normal value,,,1,One
DATAFLOW,OECD.ELS.SAE:DSD_LFS@DF_LFS_INDIC(1.1),Employment and unemployment by five-year age group and sex - indicators,I,SVN,Slovenia,UNE_RATE,Unemployment rate,PT_LF_SUB,Percentage of labour force in the same subgroup,_T,Total,Y15T64,From 15 to 64 years,UNE,Unemployment,2019,,4.493,,A,Normal value,,,1,One
DATAFLOW,OECD.ELS.SAE:DSD_LFS@DF_LFS_INDIC(1.1),Employment and unemployment by five-year age group and sex - indicators,I,SVN,Slovenia,UNE_RATE,Unemployment rate,PT_LF_SUB,Percentage of labour force in the same subgroup,_T,Total,_T,Total,UNE,Unemployment,2019,,4.437,,A,Normal value,,,1,One
DATAFLOW,OECD.ELS.SAE:DSD_LFS@DF_LFS_INDIC(1.1),Employment and unemployment by five-year age group and sex - indicators,I,SWE,Sweden,UNE_RATE,Unemployment rate,PT_LF_SUB,Percentage of labour force in the same subgroup,_T,Total,_T,Total,UNE,Unemployment,2019,,6.769,,A,Normal value,,,1,One
DATAFLOW,OECD.ELS.SAE:DSD_LFS@DF_LFS_INDIC(1.1),Employment and unemployment by five-year age group and sex - indicators,I,SWE,Sweden,UNE_RATE,Unemployment rate,PT_LF_SUB,Percentage of labour force in the same subgroup,_T,Total,Y15T64,From 15 to 64 years,UNE,Unemployment,2019,,6.934,,A,Normal value,,,1,One
DATAFLOW,OECD.ELS.SAE:DSD_LFS@DF_LFS_INDIC(1.1),Employment and unemployment by five-year age group and sex - indicators,I,CHE,Switzerland,UNE_RATE,Unemployment rate,PT_LF_SUB,Percentage of labour force in the same subgroup,_T,Total,Y15T64,From 15 to 64 years,UNE,Unemployment,2019,,4.52,,A,Normal value,,,1,One
DATAFLOW,OECD.ELS.SAE:DSD_LFS@DF_LFS_INDIC(1.1),Employment and unemployment by five-year age group and sex - indicators,I,CHE,Switzerland,UNE_RATE,Unemployment rate,PT_LF_SUB,Percentage of labour force in the same subgroup,_T,Total,_T,Total,UNE,Unemployment,2019,,4.392,,A,Normal value,,,1,One
DATAFLOW,OECD.ELS.SAE:DSD_LFS@DF_LFS_INDIC(1.1),Employment and unemployment by five-year age group and sex - indicators,I,EU27,European Union (27 countries),UNE_RATE,Unemployment rate,PT_LF_SUB,Percentage of labour force in the same subgroup,_T,Total,_T,Total,UNE,Unemployment,2019,,6.72,,A,Normal value,,,1,One
DATAFLOW,OECD.ELS.SAE:DSD_LFS@DF_LFS_INDIC(1.1),Employment and unemployment by five-year age group and sex - indicators,I,EU27,European Union (27 countries),UNE_RATE,Unemployment rate,PT_LF_SUB,Percentage of labour force in the same subgroup,_T,Total,Y15T64,From 15 to 64 years,UNE,Unemployment,2019,,6.836,,A,Normal value,,,1,One
DATAFLOW,OECD.ELS.SAE:DSD_LFS@DF_LFS_INDIC(1.1),Employment and unemployment by five-year age group and sex - indicators,I,EU19OECD,European Union (19 countries) in OECD,UNE_RATE,Unemployment rate,PT_LF_SUB,Percentage of labour force in the same subgroup,_T,Total,_T,Total,UNE,Unemployment,2019,,7.58,,A,Normal value,,,1,One
DATAFLOW,OECD.ELS.SAE:DSD_LFS@DF_LFS_INDIC(1.1),Employment and unemployment by five-year age group and sex - indicators,I,EU19OECD,European Union (19 countries) in OECD,UNE_RATE,Unemployment rate,PT_LF_SUB,Percentage of labour force in the same subgroup,_T,Total,Y15T64,From 15 to 64 years,UNE,Unemployment,2019,,7.705,,A,Normal value,,,1,One
DATAFLOW,OECD.ELS.SAE:DSD_LFS@DF_LFS_INDIC(1.1),Employment and unemployment by five-year age group and sex - indicators,I,EU22OECD,European Union (22 countries) in OECD,UNE_RATE,Unemployment rate,PT_LF_SUB,Percentage of labour force in the same subgroup,_T,Total,_T,Total,UNE,Unemployment,2019,,6.892,,A,Normal value,,,1,One
DATAFLOW,OECD.ELS.SAE:DSD_LFS@DF_LFS_INDIC(1.1),Employment and unemployment by five-year age group and sex - indicators,I,EU22OECD,European Union (22 countries) in OECD,UNE_RATE,Unemployment rate,PT_LF_SUB,Percentage of labour force in the same subgroup,_T,Total,Y15T64,From 15 to 64 years,UNE,Unemployment,2019,,7.008,,A,Normal value,,,1,One
DATAFLOW,OECD.ELS.SAE:DSD_LFS@DF_LFS_INDIC(1.1),Employment and unemployment by five-year age group and sex - indicators,I,OECD_REP,OECD average country,UNE_RATE,Unemployment rate,PT_LF_SUB,Percentage of labour force in the same subgroup,_T,Total,_T,Total,UNE,Unemployment,2019,,6.03,,A,Normal value,,,1,One
DATAFLOW,OECD.ELS.SAE:DSD_LFS@DF_LFS_INDIC(1.1),Employment and unemployment by five-year age group and sex - indicators,I,OECD_REP,OECD average country,UNE_RATE,Unemployment rate,PT_LF_SUB,Percentage of labour force in the same subgroup,_T,Total,Y15T64,From 15 to 64 years,UNE,Unemployment,2019,,6.154,,A,Normal value,,,1,One
DATAFLOW,OECD.ELS.SAE:DSD_LFS@DF_LFS_INDIC(1.1),Employment and unemployment by five-year age group and sex - indicators,I,ARG,Argentina,UNE_RATE,Unemployment rate,PT_LF_SUB,Percentage of labour force in the same subgroup,_T,Total,_T,Total,UNE,Unemployment,2019,,8.9,,A,Normal value,,,1,One
DATAFLOW,OECD.ELS.SAE:DSD_LFS@DF_LFS_INDIC(1.1),Employment and unemployment by five-year age group and sex - indicators,I,BGR,Bulgaria,UNE_RATE,Unemployment rate,PT_LF_SUB,Percentage of labour force in the same subgroup,_T,Total,Y15T64,From 15 to 64 years,UNE,Unemployment,2019,,4.192,,A,Normal value,,,1,One
DATAFLOW,OECD.ELS.SAE:DSD_LFS@DF_LFS_INDIC(1.1),Employment and unemployment by five-year age group and sex - indicators,I,BGR,Bulgaria,UNE_RATE,Unemployment rate,PT_LF_SUB,Percentage of labour force in the same subgroup,_T,Total,_T,Total,UNE,Unemployment,2019,,4.144,,A,Normal value,,,1,One
DATAFLOW,OECD.ELS.SAE:DSD_LFS@DF_LFS_INDIC(1.1),Employment and unemployment by five-year age group and sex - indicators,I,HRV,Croatia,UNE_RATE,Unemployment rate,PT_LF_SUB,Percentage of labour force in the same subgroup,_T,Total,_T,Total,UNE,Unemployment,2019,,6.546,,A,Normal value,,,1,One
DATAFLOW,OECD.ELS.SAE:DSD_LFS@DF_LFS_INDIC(1.1),Employment and unemployment by five-year age group and sex - indicators,I,HRV,Croatia,UNE_RATE,Unemployment rate,PT_LF_SUB,Percentage of labour force in the same subgroup,_T,Total,Y15T64,From 15 to 64 years,UNE,Unemployment,2019,,6.641,,A,Normal value,,,1,One
DATAFLOW,OECD.ELS.SAE:DSD_LFS@DF_LFS_INDIC(1.1),Employment and unemployment by five-year age group and sex - indicators,I,CYP,Cyprus,UNE_RATE,Unemployment rate,PT_LF_SUB,Percentage of labour force in the same subgroup,_T,Total,_T,Total,UNE,Unemployment,2019,,7.108,,A,Normal value,,,1,One
DATAFLOW,OECD.ELS.SAE:DSD_LFS@DF_LFS_INDIC(1.1),Employment and unemployment by five-year age group and sex - indicators,I,CYP,Cyprus,UNE_RATE,Unemployment rate,PT_LF_SUB,Percentage of labour force in the same subgroup,_T,Total,Y15T64,From 15 to 64 years,UNE,Unemployment,2019,,7.284,,A,Normal value,,,1,One
DATAFLOW,OECD.ELS.SAE:DSD_LFS@DF_LFS_INDIC(1.1),Employment and unemployment by five-year age group and sex - indicators,I,MLT,Malta,UNE_RATE,Unemployment rate,PT_LF_SUB,Percentage of labour force in the same subgroup,_T,Total,_T,Total,UNE,Unemployment,2019,,4.028,,A,Normal value,,,1,One
DATAFLOW,OECD.ELS.SAE:DSD_LFS@DF_LFS_INDIC(1.1),Employment and unemployment by five-year age group and sex - indicators,I,MLT,Malta,UNE_RATE,Unemployment rate,PT_LF_SUB,Percentage of labour force in the same subgroup,_T,Total,Y15T64,From 15 to 64 years,UNE,Unemployment,2019,,4.102,,A,Normal value,,,1,One
DATAFLOW,OECD.ELS.SAE:DSD_LFS@DF_LFS_INDIC(1.1),Employment and unemployment by five-year age group and sex - indicators,I,MKD,North Macedonia,UNE_RATE,Unemployment rate,PT_LF_SUB,Percentage of labour force in the same subgroup,_T,Total,Y15T64,From 15 to 64 years,UNE,Unemployment,2019,,17.419,,A,Normal value,,,1,One
DATAFLOW,OECD.ELS.SAE:DSD_LFS@DF_LFS_INDIC(1.1),Employment and unemployment by five-year age group and sex - indicators,I,MKD,North Macedonia,UNE_RATE,Unemployment rate,PT_LF_SUB,Percentage of labour force in the same subgroup,_T,Total,_T,Total,UNE,Unemployment,2019,,17.251,,A,Normal value,,,1,One
DATAFLOW,OECD.ELS.SAE:DSD_LFS@DF_LFS_INDIC(1.1),Employment and unemployment by five-year age group and sex - indicators,I,PER,Peru,UNE_RATE,Unemployment rate,PT_LF_SUB,Percentage of labour force in the same subgroup,_T,Total,_T,Total,UNE,Unemployment,2019,,3.817,,A,Normal value,,,1,One
DATAFLOW,OECD.ELS.SAE:DSD_LFS@DF_LFS_INDIC(1.1),Employment and unemployment by five-year age group and sex - indicators,I,PER,Peru,UNE_RATE,Unemployment rate,PT_LF_SUB,Percentage of labour force in the same subgroup,_T,Total,Y15T64,From 15 to 64 years,UNE,Unemployment,2019,,3.951,,A,Normal value,,,1,One
DATAFLOW,OECD.ELS.SAE:DSD_LFS@DF_LFS_INDIC(1.1),Employment and unemployment by five-year age group and sex - indicators,I,ROU,Romania,UNE_RATE,Unemployment rate,PT_LF_SUB,Percentage of labour force in the same subgroup,_T,Total,_T,Total,UNE,Unemployment,2019,,3.911,,A,Normal value,,,1,One
DATAFLOW,OECD.ELS.SAE:DSD_LFS@DF_LFS_INDIC(1.1),Employment and unemployment by five-year age group and sex - indicators,I,ROU,Romania,UNE_RATE,Unemployment rate,PT_LF_SUB,Percentage of labour force in the same subgroup,_T,Total,Y15T64,From 15 to 64 years,UNE,Unemployment,2019,,4.026,,A,Normal value,,,1,One
DATAFLOW,OECD.ELS.SAE:DSD_LFS@DF_LFS_INDIC(1.1),Employment and unemployment by five-year age group and sex - indicators,I,THA,Thailand,UNE_RATE,Unemployment rate,PT_LF_SUB,Percentage of labour force in the same subgroup,_T,Total,_T,Total,UNE,Unemployment,2019,,0.721,,A,Normal value,,,1,One
DATAFLOW,OECD.ELS.SAE:DSD_LFS@DF_LFS_INDIC(1.1),Employment and unemployment by five-year age group and sex - indicators,I,THA,Thailand,UNE_RATE,Unemployment rate,PT_LF_SUB,Percentage of labour force in the same subgroup,_T,Total,Y15T64,From 15 to 64 years,UNE,Unemployment,2019,,0.757,,A,Normal value,,,1,One
DATAFLOW,OECD.ELS.SAE:DSD_LFS@DF_LFS_INDIC(1.1),Employment and unemployment by five-year age group and sex - indicators,I,AUS,Australia,UNE_RATE,Unemployment rate,PT_LF_SUB,Percentage of labour force in the same subgroup,_T,Total,_T,Total,UNE,Unemployment,2016,,5.713,,A,Normal value,,,1,One
DATAFLOW,OECD.ELS.SAE:DSD_LFS@DF_LFS_INDIC(1.1),Employment and unemployment by five-year age group and sex - indicators,I,AUT,Austria,UNE_RATE,Unemployment rate,PT_LF_SUB,Percentage of labour force in the same subgroup,_T,Total,_T,Total,UNE,Unemployment,2016,,6.01,,A,Normal value,,,1,One
DATAFLOW,OECD.ELS.SAE:DSD_LFS@DF_LFS_INDIC(1.1),Employment and unemployment by five-year age group and sex - indicators,I,AUT,Austria,UNE_RATE,Unemployment rate,PT_LF_SUB,Percentage of labour force in the same subgroup,_T,Total,Y15T64,From 15 to 64 years,UNE,Unemployment,2016,,6.108,,A,Normal value,,,1,One
DATAFLOW,OECD.ELS.SAE:DSD_LFS@DF_LFS_INDIC(1.1),Employment and unemployment by five-year age group and sex - indicators,I,BEL,Belgium,UNE_RATE,Unemployment rate,PT_LF_SUB,Percentage of labour force in the same subgroup,_T,Total,Y15T64,From 15 to 64 years,UNE,Unemployment,2016,,7.886,,A,Normal value,,,1,One
DATAFLOW,OECD.ELS.SAE:DSD_LFS@DF_LFS_INDIC(1.1),Employment and unemployment by five-year age group and sex - indicators,I,BEL,Belgium,UNE_RATE,Unemployment rate,PT_LF_SUB,Percentage of labour force in the same subgroup,_T,Total,_T,Total,UNE,Unemployment,2016,,7.828,,A,Normal value,,,1,One
DATAFLOW,OECD.ELS.SAE:DSD_LFS@DF_LFS_INDIC(1.1),Employment and unemployment by five-year age group and sex - indicators,I,CHL,Chile,UNE_RATE,Unemployment rate,PT_LF_SUB,Percentage of labour force in the same subgroup,_T,Total,_T,Total,UNE,Unemployment,2016,,6.689,,A,Normal value,,,1,One
DATAFLOW,OECD.ELS.SAE:DSD_LFS@DF_LFS_INDIC(1.1),Employment and unemployment by five-year age group and sex - indicators,I,CHL,Chile,UNE_RATE,Unemployment rate,PT_LF_SUB,Percentage of labour force in the same subgroup,_T,Total,Y15T64,From 15 to 64 years,UNE,Unemployment,2016,,6.938,,A,Normal value,,,1,One
DATAFLOW,OECD.ELS.SAE:DSD_LFS@DF_LFS_INDIC(1.1),Employment and unemployment by five-year age group and sex - indicators,I,CRI,Costa Rica,UNE_RATE,Unemployment rate,PT_LF_SUB,Percentage of labour force in the same subgroup,_T,Total,_T,Total,UNE,Unemployment,2016,,9.533,,A,Normal value,,,1,One
DATAFLOW,OECD.ELS.SAE:DSD_LFS@DF_LFS_INDIC(1.1),Employment and unemployment by five-year age group and sex - indicators,I,CRI,Costa Rica,UNE_RATE,Unemployment rate,PT_LF_SUB,Percentage of labour force in the same subgroup,_T,Total,Y15T64,From 15 to 64 years,UNE,Unemployment,2016,,9.681,,A,Normal value,,,1,One
DATAFLOW,OECD.ELS.SAE:DSD_LFS@DF_LFS_INDIC(1.1),Employment and unemployment by five-year age group and sex - indicators,I,CZE,Czechia,UNE_RATE,Unemployment rate,PT_LF_SUB,Percentage of labour force in the same subgroup,_T,Total,_T,Total,UNE,Unemployment,2016,,3.95,,A,Normal value,,,1,One
DATAFLOW,OECD.ELS.SAE:DSD_LFS@DF_LFS_INDIC(1.1),Employment and unemployment by five-year age group and sex - indicators,I,CZE,Czechia,UNE_RATE,Unemployment rate,PT_LF_SUB,Percentage of labour force in the same subgroup,_T,Total,Y15T64,From 15 to 64 years,UNE,Unemployment,2016,,4.025,,A,Normal value,,,1,One
DATAFLOW,OECD.ELS.SAE:DSD_LFS@DF_LFS_INDIC(1.1),Employment and unemployment by five-year age group and sex - indicators,I,DNK,Denmark,UNE_RATE,Unemployment rate,PT_LF_SUB,Percentage of labour force in the same subgroup,_T,Total,Y15T64,From 15 to 64 years,UNE,Unemployment,2016,,5.943,,A,Normal value,,,1,One
DATAFLOW,OECD.ELS.SAE:DSD_LFS@DF_LFS_INDIC(1.1),Employment and unemployment by five-year age group and sex - indicators,I,DNK,Denmark,UNE_RATE,Unemployment rate,PT_LF_SUB,Percentage of labour force in the same subgroup,_T,Total,_T,Total,UNE,Unemployment,2016,,5.755,,A,Normal value,,,1,One
DATAFLOW,OECD.ELS.SAE:DSD_LFS@DF_LFS_INDIC(1.1),Employment and unemployment by five-year age group and sex - indicators,I,EST,Estonia,UNE_RATE,Unemployment rate,PT_LF_SUB,Percentage of labour force in the same subgroup,_T,Total,_T,Total,UNE,Unemployment,2016,,6.72,,A,Normal value,,,1,One
DATAFLOW,OECD.ELS.SAE:DSD_LFS@DF_LFS_INDIC(1.1),Employment and unemployment by five-year age group and sex - indicators,I,EST,Estonia,UNE_RATE,Unemployment rate,PT_LF_SUB,Percentage of labour force in the same subgroup,_T,Total,Y15T64,From 15 to 64 years,UNE,Unemployment,2016,,6.926,,A,Normal value,,,1,One
DATAFLOW,OECD.ELS.SAE:DSD_LFS@DF_LFS_INDIC(1.1),Employment and unemployment by five-year age group and sex - indicators,I,FIN,Finland,UNE_RATE,Unemployment rate,PT_LF_SUB,Percentage of labour force in the same subgroup,_T,Total,_T,Total,UNE,Unemployment,2016,,8.757,,A,Normal value,,,1,One
DATAFLOW,OECD.ELS.SAE:DSD_LFS@DF_LFS_INDIC(1.1),Employment and unemployment by five-year age group and sex - indicators,I,FIN,Finland,UNE_RATE,Unemployment rate,PT_LF_SUB,Percentage of labour force in the same subgroup,_T,Total,Y15T64,From 15 to 64 years,UNE,Unemployment,2016,,8.944,,A,Normal value,,,1,One
DATAFLOW,OECD.ELS.SAE:DSD_LFS@DF_LFS_INDIC(1.1),Employment and unemployment by five-year age group and sex - indicators,I,GRC,Greece,UNE_RATE,Unemployment rate,PT_LF_SUB,Percentage of labour force in the same subgroup,_T,Total,_T,Total,UNE,Unemployment,2016,,23.538,,A,Normal value,,,1,One
DATAFLOW,OECD.ELS.SAE:DSD_LFS@DF_LFS_INDIC(1.1),Employment and unemployment by five-year age group and sex - indicators,I,GRC,Greece,UNE_RATE,Unemployment rate,PT_LF_SUB,Percentage of labour force in the same subgroup,_T,Total,Y15T64,From 15 to 64 years,UNE,Unemployment,2016,,23.703,,A,Normal value,,,1,One
DATAFLOW,OECD.ELS.SAE:DSD_LFS@DF_LFS_INDIC(1.1),Employment and unemployment by five-year age group and sex - indicators,I,HUN,Hungary,UNE_RATE,Unemployment rate,PT_LF_SUB,Percentage of labour force in the same subgroup,_T,Total,Y15T64,From 15 to 64 years,UNE,Unemployment,2016,,5.001,,A,Normal value,,,1,One
DATAFLOW,OECD.ELS.SAE:DSD_LFS@DF_LFS_INDIC(1.1),Employment and unemployment by five-year age group and sex - indicators,I,HUN,Hungary,UNE_RATE,Unemployment rate,PT_LF_SUB,Percentage of labour force in the same subgroup,_T,Total,_T,Total,UNE,Unemployment,2016,,4.97,,A,Normal value,,,1,One
DATAFLOW,OECD.ELS.SAE:DSD_LFS@DF_LFS_INDIC(1.1),Employment and unemployment by five-year age group and sex - indicators,I,ISL,Iceland,UNE_RATE,Unemployment rate,PT_LF_SUB,Percentage of labour force in the same subgroup,_T,Total,_T,Total,UNE,Unemployment,2016,,3.312,,A,Normal value,,,1,One
DATAFLOW,OECD.ELS.SAE:DSD_LFS@DF_LFS_INDIC(1.1),Employment and unemployment by five-year age group and sex - indicators,I,ISL,Iceland,UNE_RATE,Unemployment rate,PT_LF_SUB,Percentage of labour force in the same subgroup,_T,Total,Y15T64,From 15 to 64 years,UNE,Unemployment,2016,,3.481,,A,Normal value,,,1,One
DATAFLOW,OECD.ELS.SAE:DSD_LFS@DF_LFS_INDIC(1.1),Employment and unemployment by five-year age group and sex - indicators,I,IRL,Ireland,UNE_RATE,Unemployment rate,PT_LF_SUB,Percentage of labour force in the same subgroup,_T,Total,_T,Total,UNE,Unemployment,2016,,8.285,,A,Normal value,,,1,One
DATAFLOW,OECD.ELS.SAE:DSD_LFS@DF_LFS_INDIC(1.1),Employment and unemployment by five-year age group and sex - indicators,I,IRL,Ireland,UNE_RATE,Unemployment rate,PT_LF_SUB,Percentage of labour force in the same subgroup,_T,Total,Y15T64,From 15 to 64 years,UNE,Unemployment,2016,,8.517,,A,Normal value,,,1,One
DATAFLOW,OECD.ELS.SAE:DSD_LFS@DF_LFS_INDIC(1.1),Employment and unemployment by five-year age group and sex - indicators,I,ISR,Israel,UNE_RATE,Unemployment rate,PT_LF_SUB,Percentage of labour force in the same subgroup,_T,Total,_T,Total,UNE,Unemployment,2016,,4.795,,A,Normal value,,,1,One
DATAFLOW,OECD.ELS.SAE:DSD_LFS@DF_LFS_INDIC(1.1),Employment and unemployment by five-year age group and sex - indicators,I,ISR,Israel,UNE_RATE,Unemployment rate,PT_LF_SUB,Percentage of labour force in the same subgroup,_T,Total,Y15T64,From 15 to 64 years,UNE,Unemployment,2016,,4.889,,A,Normal value,,,1,One
DATAFLOW,OECD.ELS.SAE:DSD_LFS@DF_LFS_INDIC(1.1),Employment and unemployment by five-year age group and sex - indicators,I,LVA,Latvia,UNE_RATE,Unemployment rate,PT_LF_SUB,Percentage of labour force in the same subgroup,_T,Total,_T,Total,UNE,Unemployment,2016,,9.634,,A,Normal value,,,1,One
DATAFLOW,OECD.ELS.SAE:DSD_LFS@DF_LFS_INDIC(1.1),Employment and unemployment by five-year age group and sex - indicators,I,LVA,Latvia,UNE_RATE,Unemployment rate,PT_LF_SUB,Percentage of labour force in the same subgroup,_T,Total,Y15T64,From 15 to 64 years,UNE,Unemployment,2016,,9.892,,A,Normal value,,,1,One
DATAFLOW,OECD.ELS.SAE:DSD_LFS@DF_LFS_INDIC(1.1),Employment and unemployment by five-year age group and sex - indicators,I,LTU,Lithuania,UNE_RATE,Unemployment rate,PT_LF_SUB,Percentage of labour force in the same subgroup,_T,Total,Y15T64,From 15 to 64 years,UNE,Unemployment,2016,,8.057,,A,Normal value,,,1,One
DATAFLOW,OECD.ELS.SAE:DSD_LFS@DF_LFS_INDIC(1.1),Employment and unemployment by five-year age group and sex - indicators,I,LTU,Lithuania,UNE_RATE,Unemployment rate,PT_LF_SUB,Percentage of labour force in the same subgroup,_T,Total,_T,Total,UNE,Unemployment,2016,,7.856,,A,Normal value,,,1,One
DATAFLOW,OECD.ELS.SAE:DSD_LFS@DF_LFS_INDIC(1.1),Employment and unemployment by five-year age group and sex - indicators,I,LUX,Luxembourg,UNE_RATE,Unemployment rate,PT_LF_SUB,Percentage of labour force in the same subgroup,_T,Total,Y15T64,From 15 to 64 years,UNE,Unemployment,2016,,6.285,,A,Normal value,,,1,One
DATAFLOW,OECD.ELS.SAE:DSD_LFS@DF_LFS_INDIC(1.1),Employment and unemployment by five-year age group and sex - indicators,I,LUX,Luxembourg,UNE_RATE,Unemployment rate,PT_LF_SUB,Percentage of labour force in the same subgroup,_T,Total,_T,Total,UNE,Unemployment,2016,,6.268,,A,Normal value,,,1,One
DATAFLOW,OECD.ELS.SAE:DSD_LFS@DF_LFS_INDIC(1.1),Employment and unemployment by five-year age group and sex - indicators,I,MEX,Mexico,UNE_RATE,Unemployment rate,PT_LF_SUB,Percentage of labour force in the same subgroup,_T,Total,_T,Total,UNE,Unemployment,2016,,3.884,,A,Normal value,,,1,One
DATAFLOW,OECD.ELS.SAE:DSD_LFS@DF_LFS_INDIC(1.1),Employment and unemployment by five-year age group and sex - indicators,I,MEX,Mexico,UNE_RATE,Unemployment rate,PT_LF_SUB,Percentage of labour force in the same subgroup,_T,Total,Y15T64,From 15 to 64 years,UNE,Unemployment,2016,,4.035,,A,Normal value,,,1,One
DATAFLOW,OECD.ELS.SAE:DSD_LFS@DF_LFS_INDIC(1.1),Employment and unemployment by five-year age group and sex - indicators,I,NZL,New Zealand,UNE_RATE,Unemployment rate,PT_LF_SUB,Percentage of labour force in the same subgroup,_T,Total,_T,Total,UNE,Unemployment,2016,,5.145,,A,Normal value,,,1,One
DATAFLOW,OECD.ELS.SAE:DSD_LFS@DF_LFS_INDIC(1.1),Employment and unemployment by five-year age group and sex - indicators,I,NZL,New Zealand,UNE_RATE,Unemployment rate,PT_LF_SUB,Percentage of labour force in the same subgroup,_T,Total,Y15T64,From 15 to 64 years,UNE,Unemployment,2016,,5.393,,A,Normal value,,,1,One
DATAFLOW,OECD.ELS.SAE:DSD_LFS@DF_LFS_INDIC(1.1),Employment and unemployment by five-year age group and sex - indicators,I,NOR,Norway,UNE_RATE,Unemployment rate,PT_LF_SUB,Percentage of labour force in the same subgroup,_T,Total,Y15T64,From 15 to 64 years,UNE,Unemployment,2016,,4.809,,A,Normal value,,,1,One
DATAFLOW,OECD.ELS.SAE:DSD_LFS@DF_LFS_INDIC(1.1),Employment and unemployment by five-year age group and sex - indicators,I,NOR,Norway,UNE_RATE,Unemployment rate,PT_LF_SUB,Percentage of labour force in the same subgroup,_T,Total,_T,Total,UNE,Unemployment,2016,,4.676,,A,Normal value,,,1,One
DATAFLOW,OECD.ELS.SAE:DSD_LFS@DF_LFS_INDIC(1.1),Employment and unemployment by five-year age group and sex - indicators,I,POL,Poland,UNE_RATE,Unemployment rate,PT_LF_SUB,Percentage of labour force in the same subgroup,_T,Total,_T,Total,UNE,Unemployment,2016,,6.16,,A,Normal value,,,1,One
DATAFLOW,OECD.ELS.SAE:DSD_LFS@DF_LFS_INDIC(1.1),Employment and unemployment by five-year age group and sex - indicators,I,PRT,Portugal,UNE_RATE,Unemployment rate,PT_LF_SUB,Percentage of labour force in the same subgroup,_T,Total,_T,Total,UNE,Unemployment,2016,,11.449,,A,Normal value,,,1,One
DATAFLOW,OECD.ELS.SAE:DSD_LFS@DF_LFS_INDIC(1.1),Employment and unemployment by five-year age group and sex - indicators,I,PRT,Portugal,UNE_RATE,Unemployment rate,PT_LF_SUB,Percentage of labour force in the same subgroup,_T,Total,Y15T64,From 15 to 64 years,UNE,Unemployment,2016,,11.663,,A,Normal value,,,1,One
DATAFLOW,OECD.ELS.SAE:DSD_LFS@DF_LFS_INDIC(1.1),Employment and unemployment by five-year age group and sex - indicators,I,SVK,Slovak Republic,UNE_RATE,Unemployment rate,PT_LF_SUB,Percentage of labour force in the same subgroup,_T,Total,_T,Total,UNE,Unemployment,2016,,9.641,,A,Normal value,,,1,One
DATAFLOW,OECD.ELS.SAE:DSD_LFS@DF_LFS_INDIC(1.1),Employment and unemployment by five-year age group and sex - indicators,I,SVK,Slovak Republic,UNE_RATE,Unemployment rate,PT_LF_SUB,Percentage of labour force in the same subgroup,_T,Total,Y15T64,From 15 to 64 years,UNE,Unemployment,2016,,9.696,,A,Normal value,,,1,One
DATAFLOW,OECD.ELS.SAE:DSD_LFS@DF_LFS_INDIC(1.1),Employment and unemployment by five-year age group and sex - indicators,I,SVN,Slovenia,UNE_RATE,Unemployment rate,PT_LF_SUB,Percentage of labour force in the same subgroup,_T,Total,_T,Total,UNE,Unemployment,2016,,7.991,,A,Normal value,,,1,One
DATAFLOW,OECD.ELS.SAE:DSD_LFS@DF_LFS_INDIC(1.1),Employment and unemployment by five-year age group and sex - indicators,I,SVN,Slovenia,UNE_RATE,Unemployment rate,PT_LF_SUB,Percentage of labour force in the same subgroup,_T,Total,Y15T64,From 15 to 64 years,UNE,Unemployment,2016,,8.093,,A,Normal value,,,1,One
DATAFLOW,OECD.ELS.SAE:DSD_LFS@DF_LFS_INDIC(1.1),Employment and unemployment by five-year age group and sex - indicators,I,ESP,Spain,UNE_RATE,Unemployment rate,PT_LF_SUB,Percentage of labour force in the same subgroup,_T,Total,_T,Total,UNE,Unemployment,2016,,19.634,,A,Normal value,,,1,One
DATAFLOW,OECD.ELS.SAE:DSD_LFS@DF_LFS_INDIC(1.1),Employment and unemployment by five-year age group and sex - indicators,I,SWE,Sweden,UNE_RATE,Unemployment rate,PT_LF_SUB,Percentage of labour force in the same subgroup,_T,Total,Y15T64,From 15 to 64 years,UNE,Unemployment,2016,,7.105,,A,Normal value,,,1,One
DATAFLOW,OECD.ELS.SAE:DSD_LFS@DF_LFS_INDIC(1.1),Employment and unemployment by five-year age group and sex - indicators,I,SWE,Sweden,UNE_RATE,Unemployment rate,PT_LF_SUB,Percentage of labour force in the same subgroup,_T,Total,_T,Total,UNE,Unemployment,2016,,6.943,,A,Normal value,,,1,One
DATAFLOW,OECD.ELS.SAE:DSD_LFS@DF_LFS_INDIC(1.1),Employment and unemployment by five-year age group and sex - indicators,I,CHE,Switzerland,UNE_RATE,Unemployment rate,PT_LF_SUB,Percentage of labour force in the same subgroup,_T,Total,_T,Total,UNE,Unemployment,2016,,4.916,,A,Normal value,,,1,One
DATAFLOW,OECD.ELS.SAE:DSD_LFS@DF_LFS_INDIC(1.1),Employment and unemployment by five-year age group and sex - indicators,I,CHE,Switzerland,UNE_RATE,Unemployment rate,PT_LF_SUB,Percentage of labour force in the same subgroup,_T,Total,Y15T64,From 15 to 64 years,UNE,Unemployment,2016,,5.084,,A,Normal value,,,1,One
DATAFLOW,OECD.ELS.SAE:DSD_LFS@DF_LFS_INDIC(1.1),Employment and unemployment by five-year age group and sex - indicators,I,GBR,United Kingdom,UNE_RATE,Unemployment rate,PT_LF_SUB,Percentage of labour force in the same subgroup,_T,Total,_T,Total,UNE,Unemployment,2016,,4.851,,A,Normal value,,,1,One
DATAFLOW,OECD.ELS.SAE:DSD_LFS@DF_LFS_INDIC(1.1),Employment and unemployment by five-year age group and sex - indicators,I,EU27,European Union (27 countries),UNE_RATE,Unemployment rate,PT_LF_SUB,Percentage of labour force in the same subgroup,_T,Total,Y15T64,From 15 to 64 years,UNE,Unemployment,2016,,9.295,,A,Normal value,,,1,One
DATAFLOW,OECD.ELS.SAE:DSD_LFS@DF_LFS_INDIC(1.1),Employment and unemployment by five-year age group and sex - indicators,I,EU27,European Union (27 countries),UNE_RATE,Unemployment rate,PT_LF_SUB,Percentage of labour force in the same subgroup,_T,Total,_T,Total,UNE,Unemployment,2016,,9.153,,A,Normal value,,,1,One
DATAFLOW,OECD.ELS.SAE:DSD_LFS@DF_LFS_INDIC(1.1),Employment and unemployment by five-year age group and sex - indicators,I,EU19OECD,European Union (19 countries) in OECD,UNE_RATE,Unemployment rate,PT_LF_SUB,Percentage of labour force in the same subgroup,_T,Total,Y15T64,From 15 to 64 years,UNE,Unemployment,2016,,10.212,,A,Normal value,,,1,One
DATAFLOW,OECD.ELS.SAE:DSD_LFS@DF_LFS_INDIC(1.1),Employment and unemployment by five-year age group and sex - indicators,I,EU19OECD,European Union (19 countries) in OECD,UNE_RATE,Unemployment rate,PT_LF_SUB,Percentage of labour force in the same subgroup,_T,Total,_T,Total,UNE,Unemployment,2016,,10.065,,A,Normal value,,,1,One
DATAFLOW,OECD.ELS.SAE:DSD_LFS@DF_LFS_INDIC(1.1),Employment and unemployment by five-year age group and sex - indicators,I,EU22OECD,European Union (22 countries) in OECD,UNE_RATE,Unemployment rate,PT_LF_SUB,Percentage of labour force in the same subgroup,_T,Total,Y15T64,From 15 to 64 years,UNE,Unemployment,2016,,9.428,,A,Normal value,,,1,One
DATAFLOW,OECD.ELS.SAE:DSD_LFS@DF_LFS_INDIC(1.1),Employment and unemployment by five-year age group and sex - indicators,I,EU22OECD,European Union (22 countries) in OECD,UNE_RATE,Unemployment rate,PT_LF_SUB,Percentage of labour force in the same subgroup,_T,Total,_T,Total,UNE,Unemployment,2016,,9.289,,A,Normal value,,,1,One
DATAFLOW,OECD.ELS.SAE:DSD_LFS@DF_LFS_INDIC(1.1),Employment and unemployment by five-year age group and sex - indicators,I,OECD,OECD,UNE_RATE,Unemployment rate,PT_LF_SUB,Percentage of labour force in the same subgroup,_T,Total,Y15T64,From 15 to 64 years,UNE,Unemployment,2016,,6.671,,A,Normal value,,,1,One
DATAFLOW,OECD.ELS.SAE:DSD_LFS@DF_LFS_INDIC(1.1),Employment and unemployment by five-year age group and sex - indicators,I,OECD_REP,OECD average country,UNE_RATE,Unemployment rate,PT_LF_SUB,Percentage of labour force in the same subgroup,_T,Total,Y15T64,From 15 to 64 years,UNE,Unemployment,2016,,7.694,,A,Normal value,,,1,One
DATAFLOW,OECD.ELS.SAE:DSD_LFS@DF_LFS_INDIC(1.1),Employment and unemployment by five-year age group and sex - indicators,I,OECD_REP,OECD average country,UNE_RATE,Unemployment rate,PT_LF_SUB,Percentage of labour force in the same subgroup,_T,Total,_T,Total,UNE,Unemployment,2016,,7.551,,A,Normal value,,,1,One
DATAFLOW,OECD.ELS.SAE:DSD_LFS@DF_LFS_INDIC(1.1),Employment and unemployment by five-year age group and sex - indicators,I,ARG,Argentina,UNE_RATE,Unemployment rate,PT_LF_SUB,Percentage of labour force in the same subgroup,_T,Total,Y15T64,From 15 to 64 years,UNE,Unemployment,2016,,7.687,,A,Normal value,,,1,One
DATAFLOW,OECD.ELS.SAE:DSD_LFS@DF_LFS_INDIC(1.1),Employment and unemployment by five-year age group and sex - indicators,I,BGR,Bulgaria,UNE_RATE,Unemployment rate,PT_LF_SUB,Percentage of labour force in the same subgroup,_T,Total,_T,Total,UNE,Unemployment,2016,,7.572,,A,Normal value,,,1,One
DATAFLOW,OECD.ELS.SAE:DSD_LFS@DF_LFS_INDIC(1.1),Employment and unemployment by five-year age group and sex - indicators,I,BGR,Bulgaria,UNE_RATE,Unemployment rate,PT_LF_SUB,Percentage of labour force in the same subgroup,_T,Total,Y15T64,From 15 to 64 years,UNE,Unemployment,2016,,7.664,,A,Normal value,,,1,One
DATAFLOW,OECD.ELS.SAE:DSD_LFS@DF_LFS_INDIC(1.1),Employment and unemployment by five-year age group and sex - indicators,I,HRV,Croatia,UNE_RATE,Unemployment rate,PT_LF_SUB,Percentage of labour force in the same subgroup,_T,Total,Y15T64,From 15 to 64 years,UNE,Unemployment,2016,,13.169,,A,Normal value,,,1,One
DATAFLOW,OECD.ELS.SAE:DSD_LFS@DF_LFS_INDIC(1.1),Employment and unemployment by five-year age group and sex - indicators,I,HRV,Croatia,UNE_RATE,Unemployment rate,PT_LF_SUB,Percentage of labour force in the same subgroup,_T,Total,_T,Total,UNE,Unemployment,2016,,13.011,,A,Normal value,,,1,One
DATAFLOW,OECD.ELS.SAE:DSD_LFS@DF_LFS_INDIC(1.1),Employment and unemployment by five-year age group and sex - indicators,I,CYP,Cyprus,UNE_RATE,Unemployment rate,PT_LF_SUB,Percentage of labour force in the same subgroup,_T,Total,Y15T64,From 15 to 64 years,UNE,Unemployment,2016,,13.178,,A,Normal value,,,1,One
DATAFLOW,OECD.ELS.SAE:DSD_LFS@DF_LFS_INDIC(1.1),Employment and unemployment by five-year age group and sex - indicators,I,CYP,Cyprus,UNE_RATE,Unemployment rate,PT_LF_SUB,Percentage of labour force in the same subgroup,_T,Total,_T,Total,UNE,Unemployment,2016,,12.936,,A,Normal value,,,1,One
DATAFLOW,OECD.ELS.SAE:DSD_LFS@DF_LFS_INDIC(1.1),Employment and unemployment by five-year age group and sex - indicators,I,MLT,Malta,UNE_RATE,Unemployment rate,PT_LF_SUB,Percentage of labour force in the same subgroup,_T,Total,Y15T64,From 15 to 64 years,UNE,Unemployment,2016,,4.68,,A,Normal value,,,1,One
DATAFLOW,OECD.ELS.SAE:DSD_LFS@DF_LFS_INDIC(1.1),Employment and unemployment by five-year age group and sex - indicators,I,MLT,Malta,UNE_RATE,Unemployment rate,PT_LF_SUB,Percentage of labour force in the same subgroup,_T,Total,_T,Total,UNE,Unemployment,2016,,4.648,,A,Normal value,,,1,One
DATAFLOW,OECD.ELS.SAE:DSD_LFS@DF_LFS_INDIC(1.1),Employment and unemployment by five-year age group and sex - indicators,I,MKD,North Macedonia,UNE_RATE,Unemployment rate,PT_LF_SUB,Percentage of labour force in the same subgroup,_T,Total,_T,Total,UNE,Unemployment,2016,,23.719,,A,Normal value,,,1,One
DATAFLOW,OECD.ELS.SAE:DSD_LFS@DF_LFS_INDIC(1.1),Employment and unemployment by five-year age group and sex - indicators,I,MKD,North Macedonia,UNE_RATE,Unemployment rate,PT_LF_SUB,Percentage of labour force in the same subgroup,_T,Total,Y15T64,From 15 to 64 years,UNE,Unemployment,2016,,23.952,,A,Normal value,,,1,One
DATAFLOW,OECD.ELS.SAE:DSD_LFS@DF_LFS_INDIC(1.1),Employment and unemployment by five-year age group and sex - indicators,I,PER,Peru,UNE_RATE,Unemployment rate,PT_LF_SUB,Percentage of labour force in the same subgroup,_T,Total,Y15T64,From 15 to 64 years,UNE,Unemployment,2016,,4.212,,A,Normal value,,,1,One
DATAFLOW,OECD.ELS.SAE:DSD_LFS@DF_LFS_INDIC(1.1),Employment and unemployment by five-year age group and sex - indicators,I,PER,Peru,UNE_RATE,Unemployment rate,PT_LF_SUB,Percentage of labour force in the same subgroup,_T,Total,_T,Total,UNE,Unemployment,2016,,4.089,,A,Normal value,,,1,One
DATAFLOW,OECD.ELS.SAE:DSD_LFS@DF_LFS_INDIC(1.1),Employment and unemployment by five-year age group and sex - indicators,I,ROU,Romania,UNE_RATE,Unemployment rate,PT_LF_SUB,Percentage of labour force in the same subgroup,_T,Total,Y15T64,From 15 to 64 years,UNE,Unemployment,2016,,6.09,,A,Normal value,,,1,One
DATAFLOW,OECD.ELS.SAE:DSD_LFS@DF_LFS_INDIC(1.1),Employment and unemployment by five-year age group and sex - indicators,I,ROU,Romania,UNE_RATE,Unemployment rate,PT_LF_SUB,Percentage of labour force in the same subgroup,_T,Total,_T,Total,UNE,Unemployment,2016,,5.9,,A,Normal value,,,1,One
DATAFLOW,OECD.ELS.SAE:DSD_LFS@DF_LFS_INDIC(1.1),Employment and unemployment by five-year age group and sex - indicators,I,THA,Thailand,UNE_RATE,Unemployment rate,PT_LF_SUB,Percentage of labour force in the same subgroup,_T,Total,Y15T64,From 15 to 64 years,UNE,Unemployment,2016,,0.719,,A,Normal value,,,1,One
DATAFLOW,OECD.ELS.SAE:DSD_LFS@DF_LFS_INDIC(1.1),Employment and unemployment by five-year age group and sex - indicators,I,THA,Thailand,UNE_RATE,Unemployment rate,PT_LF_SUB,Percentage of labour force in the same subgroup,_T,Total,_T,Total,UNE,Unemployment,2016,,0.688,,A,Normal value,,,1,One
DATAFLOW,OECD.ELS.SAE:DSD_LFS@DF_LFS_INDIC(1.1),Employment and unemployment by five-year age group and sex - indicators,I,AUS,Australia,UNE_RATE,Unemployment rate,PT_LF_SUB,Percentage of labour force in the same subgroup,_T,Total,_T,Total,UNE,Unemployment,2015,,6.054,,A,Normal value,,,1,One
DATAFLOW,OECD.ELS.SAE:DSD_LFS@DF_LFS_INDIC(1.1),Employment and unemployment by five-year age group and sex - indicators,I,AUS,Australia,UNE_RATE,Unemployment rate,PT_LF_SUB,Percentage of labour force in the same subgroup,_T,Total,Y15T64,From 15 to 64 years,UNE,Unemployment,2015,,6.217,,A,Normal value,,,1,One
DATAFLOW,OECD.ELS.SAE:DSD_LFS@DF_LFS_INDIC(1.1),Employment and unemployment by five-year age group and sex - indicators,I,AUT,Austria,UNE_RATE,Unemployment rate,PT_LF_SUB,Percentage of labour force in the same subgroup,_T,Total,Y15T64,From 15 to 64 years,UNE,Unemployment,2015,,5.821,,A,Normal value,,,1,One
DATAFLOW,OECD.ELS.SAE:DSD_LFS@DF_LFS_INDIC(1.1),Employment and unemployment by five-year age group and sex - indicators,I,AUT,Austria,UNE_RATE,Unemployment rate,PT_LF_SUB,Percentage of labour force in the same subgroup,_T,Total,_T,Total,UNE,Unemployment,2015,,5.72,,A,Normal value,,,1,One
DATAFLOW,OECD.ELS.SAE:DSD_LFS@DF_LFS_INDIC(1.1),Employment and unemployment by five-year age group and sex - indicators,I,BEL,Belgium,UNE_RATE,Unemployment rate,PT_LF_SUB,Percentage of labour force in the same subgroup,_T,Total,_T,Total,UNE,Unemployment,2015,,8.48,,A,Normal value,,,1,One
DATAFLOW,OECD.ELS.SAE:DSD_LFS@DF_LFS_INDIC(1.1),Employment and unemployment by five-year age group and sex - indicators,I,BEL,Belgium,UNE_RATE,Unemployment rate,PT_LF_SUB,Percentage of labour force in the same subgroup,_T,Total,Y15T64,From 15 to 64 years,UNE,Unemployment,2015,,8.562,,A,Normal value,,,1,One
DATAFLOW,OECD.ELS.SAE:DSD_LFS@DF_LFS_INDIC(1.1),Employment and unemployment by five-year age group and sex - indicators,I,CAN,Canada,UNE_RATE,Unemployment rate,PT_LF_SUB,Percentage of labour force in the same subgroup,_T,Total,Y15T64,From 15 to 64 years,UNE,Unemployment,2015,,7.081,,A,Normal value,,,1,One
DATAFLOW,OECD.ELS.SAE:DSD_LFS@DF_LFS_INDIC(1.1),Employment and unemployment by five-year age group and sex - indicators,I,CHL,Chile,UNE_RATE,Unemployment rate,PT_LF_SUB,Percentage of labour force in the same subgroup,_T,Total,Y15T64,From 15 to 64 years,UNE,Unemployment,2015,,6.527,,A,Normal value,,,1,One
DATAFLOW,OECD.ELS.SAE:DSD_LFS@DF_LFS_INDIC(1.1),Employment and unemployment by five-year age group and sex - indicators,I,CHL,Chile,UNE_RATE,Unemployment rate,PT_LF_SUB,Percentage of labour force in the same subgroup,_T,Total,_T,Total,UNE,Unemployment,2015,,6.331,,A,Normal value,,,1,One
DATAFLOW,OECD.ELS.SAE:DSD_LFS@DF_LFS_INDIC(1.1),Employment and unemployment by five-year age group and sex - indicators,I,CRI,Costa Rica,UNE_RATE,Unemployment rate,PT_LF_SUB,Percentage of labour force in the same subgroup,_T,Total,Y15T64,From 15 to 64 years,UNE,Unemployment,2015,,9.816,,A,Normal value,,,1,One
DATAFLOW,OECD.ELS.SAE:DSD_LFS@DF_LFS_INDIC(1.1),Employment and unemployment by five-year age group and sex - indicators,I,CRI,Costa Rica,UNE_RATE,Unemployment rate,PT_LF_SUB,Percentage of labour force in the same subgroup,_T,Total,_T,Total,UNE,Unemployment,2015,,9.608,,A,Normal value,,,1,One
DATAFLOW,OECD.ELS.SAE:DSD_LFS@DF_LFS_INDIC(1.1),Employment and unemployment by five-year age group and sex - indicators,I,CZE,Czechia,UNE_RATE,Unemployment rate,PT_LF_SUB,Percentage of labour force in the same subgroup,_T,Total,Y15T64,From 15 to 64 years,UNE,Unemployment,2015,,5.129,,A,Normal value,,,1,One
DATAFLOW,OECD.ELS.SAE:DSD_LFS@DF_LFS_INDIC(1.1),Employment and unemployment by five-year age group and sex - indicators,I,CZE,Czechia,UNE_RATE,Unemployment rate,PT_LF_SUB,Percentage of labour force in the same subgroup,_T,Total,_T,Total,UNE,Unemployment,2015,,5.046,,A,Normal value,,,1,One
DATAFLOW,OECD.ELS.SAE:DSD_LFS@DF_LFS_INDIC(1.1),Employment and unemployment by five-year age group and sex - indicators,I,DNK,Denmark,UNE_RATE,Unemployment rate,PT_LF_SUB,Percentage of labour force in the same subgroup,_T,Total,_T,Total,UNE,Unemployment,2015,,6.079,,A,Normal value,,,1,One
DATAFLOW,OECD.ELS.SAE:DSD_LFS@DF_LFS_INDIC(1.1),Employment and unemployment by five-year age group and sex - indicators,I,DNK,Denmark,UNE_RATE,Unemployment rate,PT_LF_SUB,Percentage of labour force in the same subgroup,_T,Total,Y15T64,From 15 to 64 years,UNE,Unemployment,2015,,6.266,,A,Normal value,,,1,One
DATAFLOW,OECD.ELS.SAE:DSD_LFS@DF_LFS_INDIC(1.1),Employment and unemployment by five-year age group and sex - indicators,I,EST,Estonia,UNE_RATE,Unemployment rate,PT_LF_SUB,Percentage of labour force in the same subgroup,_T,Total,Y15T64,From 15 to 64 years,UNE,Unemployment,2015,,6.253,,A,Normal value,,,1,One
DATAFLOW,OECD.ELS.SAE:DSD_LFS@DF_LFS_INDIC(1.1),Employment and unemployment by five-year age group and sex - indicators,I,EST,Estonia,UNE_RATE,Unemployment rate,PT_LF_SUB,Percentage of labour force in the same subgroup,_T,Total,_T,Total,UNE,Unemployment,2015,,6.148,,A,Normal value,,,1,One
DATAFLOW,OECD.ELS.SAE:DSD_LFS@DF_LFS_INDIC(1.1),Employment and unemployment by five-year age group and sex - indicators,I,GRC,Greece,UNE_RATE,Unemployment rate,PT_LF_SUB,Percentage of labour force in the same subgroup,_T,Total,Y15T64,From 15 to 64 years,UNE,Unemployment,2015,,25.115,,A,Normal value,,,1,One
DATAFLOW,OECD.ELS.SAE:DSD_LFS@DF_LFS_INDIC(1.1),Employment and unemployment by five-year age group and sex - indicators,I,GRC,Greece,UNE_RATE,Unemployment rate,PT_LF_SUB,Percentage of labour force in the same subgroup,_T,Total,_T,Total,UNE,Unemployment,2015,,24.896,,A,Normal value,,,1,One
DATAFLOW,OECD.ELS.SAE:DSD_LFS@DF_LFS_INDIC(1.1),Employment and unemployment by five-year age group and sex - indicators,I,HUN,Hungary,UNE_RATE,Unemployment rate,PT_LF_SUB,Percentage of labour force in the same subgroup,_T,Total,_T,Total,UNE,Unemployment,2015,,6.625,,A,Normal value,,,1,One
DATAFLOW,OECD.ELS.SAE:DSD_LFS@DF_LFS_INDIC(1.1),Employment and unemployment by five-year age group and sex - indicators,I,HUN,Hungary,UNE_RATE,Unemployment rate,PT_LF_SUB,Percentage of labour force in the same subgroup,_T,Total,Y15T64,From 15 to 64 years,UNE,Unemployment,2015,,6.658,,A,Normal value,,,1,One
DATAFLOW,OECD.ELS.SAE:DSD_LFS@DF_LFS_INDIC(1.1),Employment and unemployment by five-year age group and sex - indicators,I,ISL,Iceland,UNE_RATE,Unemployment rate,PT_LF_SUB,Percentage of labour force in the same subgroup,_T,Total,Y15T64,From 15 to 64 years,UNE,Unemployment,2015,,4.666,,A,Normal value,,,1,One
DATAFLOW,OECD.ELS.SAE:DSD_LFS@DF_LFS_INDIC(1.1),Employment and unemployment by five-year age group and sex - indicators,I,ISL,Iceland,UNE_RATE,Unemployment rate,PT_LF_SUB,Percentage of labour force in the same subgroup,_T,Total,_T,Total,UNE,Unemployment,2015,,4.454,,A,Normal value,,,1,One
DATAFLOW,OECD.ELS.SAE:DSD_LFS@DF_LFS_INDIC(1.1),Employment and unemployment by five-year age group and sex - indicators,I,IRL,Ireland,UNE_RATE,Unemployment rate,PT_LF_SUB,Percentage of labour force in the same subgroup,_T,Total,Y15T64,From 15 to 64 years,UNE,Unemployment,2015,,10.133,,A,Normal value,,,1,One
DATAFLOW,OECD.ELS.SAE:DSD_LFS@DF_LFS_INDIC(1.1),Employment and unemployment by five-year age group and sex - indicators,I,IRL,Ireland,UNE_RATE,Unemployment rate,PT_LF_SUB,Percentage of labour force in the same subgroup,_T,Total,_T,Total,UNE,Unemployment,2015,,9.866,,A,Normal value,,,1,One
DATAFLOW,OECD.ELS.SAE:DSD_LFS@DF_LFS_INDIC(1.1),Employment and unemployment by five-year age group and sex - indicators,I,ISR,Israel,UNE_RATE,Unemployment rate,PT_LF_SUB,Percentage of labour force in the same subgroup,_T,Total,Y15T64,From 15 to 64 years,UNE,Unemployment,2015,,5.34,,A,Normal value,,,1,One
DATAFLOW,OECD.ELS.SAE:DSD_LFS@DF_LFS_INDIC(1.1),Employment and unemployment by five-year age group and sex - indicators,I,ISR,Israel,UNE_RATE,Unemployment rate,PT_LF_SUB,Percentage of labour force in the same subgroup,_T,Total,_T,Total,UNE,Unemployment,2015,,5.247,,A,Normal value,,,1,One
DATAFLOW,OECD.ELS.SAE:DSD_LFS@DF_LFS_INDIC(1.1),Employment and unemployment by five-year age group and sex - indicators,I,ITA,Italy,UNE_RATE,Unemployment rate,PT_LF_SUB,Percentage of labour force in the same subgroup,_T,Total,Y15T64,From 15 to 64 years,UNE,Unemployment,2015,,12.098,,A,Normal value,,,1,One
DATAFLOW,OECD.ELS.SAE:DSD_LFS@DF_LFS_INDIC(1.1),Employment and unemployment by five-year age group and sex - indicators,I,LVA,Latvia,UNE_RATE,Unemployment rate,PT_LF_SUB,Percentage of labour force in the same subgroup,_T,Total,Y15T64,From 15 to 64 years,UNE,Unemployment,2015,,10.068,,A,Normal value,,,1,One
DATAFLOW,OECD.ELS.SAE:DSD_LFS@DF_LFS_INDIC(1.1),Employment and unemployment by five-year age group and sex - indicators,I,LVA,Latvia,UNE_RATE,Unemployment rate,PT_LF_SUB,Percentage of labour force in the same subgroup,_T,Total,_T,Total,UNE,Unemployment,2015,,9.863,,A,Normal value,,,1,One
DATAFLOW,OECD.ELS.SAE:DSD_LFS@DF_LFS_INDIC(1.1),Employment and unemployment by five-year age group and sex - indicators,I,LTU,Lithuania,UNE_RATE,Unemployment rate,PT_LF_SUB,Percentage of labour force in the same subgroup,_T,Total,_T,Total,UNE,Unemployment,2015,,9.115,,A,Normal value,,,1,One
DATAFLOW,OECD.ELS.SAE:DSD_LFS@DF_LFS_INDIC(1.1),Employment and unemployment by five-year age group and sex - indicators,I,LTU,Lithuania,UNE_RATE,Unemployment rate,PT_LF_SUB,Percentage of labour force in the same subgroup,_T,Total,Y15T64,From 15 to 64 years,UNE,Unemployment,2015,,9.311,,A,Normal value,,,1,One
DATAFLOW,OECD.ELS.SAE:DSD_LFS@DF_LFS_INDIC(1.1),Employment and unemployment by five-year age group and sex - indicators,I,LUX,Luxembourg,UNE_RATE,Unemployment rate,PT_LF_SUB,Percentage of labour force in the same subgroup,_T,Total,_T,Total,UNE,Unemployment,2015,,6.639,,A,Normal value,,,1,One
DATAFLOW,OECD.ELS.SAE:DSD_LFS@DF_LFS_INDIC(1.1),Employment and unemployment by five-year age group and sex - indicators,I,LUX,Luxembourg,UNE_RATE,Unemployment rate,PT_LF_SUB,Percentage of labour force in the same subgroup,_T,Total,Y15T64,From 15 to 64 years,UNE,Unemployment,2015,,6.677,,A,Normal value,,,1,One
DATAFLOW,OECD.ELS.SAE:DSD_LFS@DF_LFS_INDIC(1.1),Employment and unemployment by five-year age group and sex - indicators,I,MEX,Mexico,UNE_RATE,Unemployment rate,PT_LF_SUB,Percentage of labour force in the same subgroup,_T,Total,_T,Total,UNE,Unemployment,2015,,4.335,,A,Normal value,,,1,One
DATAFLOW,OECD.ELS.SAE:DSD_LFS@DF_LFS_INDIC(1.1),Employment and unemployment by five-year age group and sex - indicators,I,NZL,New Zealand,UNE_RATE,Unemployment rate,PT_LF_SUB,Percentage of labour force in the same subgroup,_T,Total,Y15T64,From 15 to 64 years,UNE,Unemployment,2015,,5.641,,A,Normal value,,,1,One
DATAFLOW,OECD.ELS.SAE:DSD_LFS@DF_LFS_INDIC(1.1),Employment and unemployment by five-year age group and sex - indicators,I,NZL,New Zealand,UNE_RATE,Unemployment rate,PT_LF_SUB,Percentage of labour force in the same subgroup,_T,Total,_T,Total,UNE,Unemployment,2015,,5.413,,A,Normal value,,,1,One
DATAFLOW,OECD.ELS.SAE:DSD_LFS@DF_LFS_INDIC(1.1),Employment and unemployment by five-year age group and sex - indicators,I,NOR,Norway,UNE_RATE,Unemployment rate,PT_LF_SUB,Percentage of labour force in the same subgroup,_T,Total,_T,Total,UNE,Unemployment,2015,,4.293,,A,Normal value,,,1,One
DATAFLOW,OECD.ELS.SAE:DSD_LFS@DF_LFS_INDIC(1.1),Employment and unemployment by five-year age group and sex - indicators,I,NOR,Norway,UNE_RATE,Unemployment rate,PT_LF_SUB,Percentage of labour force in the same subgroup,_T,Total,Y15T64,From 15 to 64 years,UNE,Unemployment,2015,,4.418,,A,Normal value,,,1,One
DATAFLOW,OECD.ELS.SAE:DSD_LFS@DF_LFS_INDIC(1.1),Employment and unemployment by five-year age group and sex - indicators,I,PRT,Portugal,UNE_RATE,Unemployment rate,PT_LF_SUB,Percentage of labour force in the same subgroup,_T,Total,Y15T64,From 15 to 64 years,UNE,Unemployment,2015,,13.104,,A,Normal value,,,1,One
DATAFLOW,OECD.ELS.SAE:DSD_LFS@DF_LFS_INDIC(1.1),Employment and unemployment by five-year age group and sex - indicators,I,PRT,Portugal,UNE_RATE,Unemployment rate,PT_LF_SUB,Percentage of labour force in the same subgroup,_T,Total,_T,Total,UNE,Unemployment,2015,,12.903,,A,Normal value,,,1,One
DATAFLOW,OECD.ELS.SAE:DSD_LFS@DF_LFS_INDIC(1.1),Employment and unemployment by five-year age group and sex - indicators,I,SVK,Slovak Republic,UNE_RATE,Unemployment rate,PT_LF_SUB,Percentage of labour force in the same subgroup,_T,Total,Y15T64,From 15 to 64 years,UNE,Unemployment,2015,,11.536,,A,Normal value,,,1,One
DATAFLOW,OECD.ELS.SAE:DSD_LFS@DF_LFS_INDIC(1.1),Employment and unemployment by five-year age group and sex - indicators,I,SVK,Slovak Republic,UNE_RATE,Unemployment rate,PT_LF_SUB,Percentage of labour force in the same subgroup,_T,Total,_T,Total,UNE,Unemployment,2015,,11.47,,A,Normal value,,,1,One
DATAFLOW,OECD.ELS.SAE:DSD_LFS@DF_LFS_INDIC(1.1),Employment and unemployment by five-year age group and sex - indicators,I,SVN,Slovenia,UNE_RATE,Unemployment rate,PT_LF_SUB,Percentage of labour force in the same subgroup,_T,Total,Y15T64,From 15 to 64 years,UNE,Unemployment,2015,,9.097,,A,Normal value,,,1,One
DATAFLOW,OECD.ELS.SAE:DSD_LFS@DF_LFS_INDIC(1.1),Employment and unemployment by five-year age group and sex - indicators,I,SVN,Slovenia,UNE_RATE,Unemployment rate,PT_LF_SUB,Percentage of labour force in the same subgroup,_T,Total,_T,Total,UNE,Unemployment,2015,,8.955,,A,Normal value,,,1,One
DATAFLOW,OECD.ELS.SAE:DSD_LFS@DF_LFS_INDIC(1.1),Employment and unemployment by five-year age group and sex - indicators,I,ESP,Spain,UNE_RATE,Unemployment rate,PT_LF_SUB,Percentage of labour force in the same subgroup,_T,Total,Y15T64,From 15 to 64 years,UNE,Unemployment,2015,,22.179,,A,Normal value,,,1,One
DATAFLOW,OECD.ELS.SAE:DSD_LFS@DF_LFS_INDIC(1.1),Employment and unemployment by five-year age group and sex - indicators,I,SWE,Sweden,UNE_RATE,Unemployment rate,PT_LF_SUB,Percentage of labour force in the same subgroup,_T,Total,_T,Total,UNE,Unemployment,2015,,7.389,,A,Normal value,,,1,One
DATAFLOW,OECD.ELS.SAE:DSD_LFS@DF_LFS_INDIC(1.1),Employment and unemployment by five-year age group and sex - indicators,I,SWE,Sweden,UNE_RATE,Unemployment rate,PT_LF_SUB,Percentage of labour force in the same subgroup,_T,Total,Y15T64,From 15 to 64 years,UNE,Unemployment,2015,,7.573,,A,Normal value,,,1,One
DATAFLOW,OECD.ELS.SAE:DSD_LFS@DF_LFS_INDIC(1.1),Employment and unemployment by five-year age group and sex - indicators,I,CHE,Switzerland,UNE_RATE,Unemployment rate,PT_LF_SUB,Percentage of labour force in the same subgroup,_T,Total,Y15T64,From 15 to 64 years,UNE,Unemployment,2015,,4.918,,A,Normal value,,,1,One
DATAFLOW,OECD.ELS.SAE:DSD_LFS@DF_LFS_INDIC(1.1),Employment and unemployment by five-year age group and sex - indicators,I,CHE,Switzerland,UNE_RATE,Unemployment rate,PT_LF_SUB,Percentage of labour force in the same subgroup,_T,Total,_T,Total,UNE,Unemployment,2015,,4.798,,A,Normal value,,,1,One
DATAFLOW,OECD.ELS.SAE:DSD_LFS@DF_LFS_INDIC(1.1),Employment and unemployment by five-year age group and sex - indicators,I,EU27,European Union (27 countries),UNE_RATE,Unemployment rate,PT_LF_SUB,Percentage of labour force in the same subgroup,_T,Total,_T,Total,UNE,Unemployment,2015,,10.067,,A,Normal value,,,1,One
DATAFLOW,OECD.ELS.SAE:DSD_LFS@DF_LFS_INDIC(1.1),Employment and unemployment by five-year age group and sex - indicators,I,EU27,European Union (27 countries),UNE_RATE,Unemployment rate,PT_LF_SUB,Percentage of labour force in the same subgroup,_T,Total,Y15T64,From 15 to 64 years,UNE,Unemployment,2015,,10.221,,A,Normal value,,,1,One
DATAFLOW,OECD.ELS.SAE:DSD_LFS@DF_LFS_INDIC(1.1),Employment and unemployment by five-year age group and sex - indicators,I,EU19OECD,European Union (19 countries) in OECD,UNE_RATE,Unemployment rate,PT_LF_SUB,Percentage of labour force in the same subgroup,_T,Total,_T,Total,UNE,Unemployment,2015,,10.901,,A,Normal value,,,1,One
DATAFLOW,OECD.ELS.SAE:DSD_LFS@DF_LFS_INDIC(1.1),Employment and unemployment by five-year age group and sex - indicators,I,EU19OECD,European Union (19 countries) in OECD,UNE_RATE,Unemployment rate,PT_LF_SUB,Percentage of labour force in the same subgroup,_T,Total,Y15T64,From 15 to 64 years,UNE,Unemployment,2015,,11.057,,A,Normal value,,,1,One
DATAFLOW,OECD.ELS.SAE:DSD_LFS@DF_LFS_INDIC(1.1),Employment and unemployment by five-year age group and sex - indicators,I,EU22OECD,European Union (22 countries) in OECD,UNE_RATE,Unemployment rate,PT_LF_SUB,Percentage of labour force in the same subgroup,_T,Total,_T,Total,UNE,Unemployment,2015,,10.172,,A,Normal value,,,1,One
DATAFLOW,OECD.ELS.SAE:DSD_LFS@DF_LFS_INDIC(1.1),Employment and unemployment by five-year age group and sex - indicators,I,OECD,OECD,UNE_RATE,Unemployment rate,PT_LF_SUB,Percentage of labour force in the same subgroup,_T,Total,Y15T64,From 15 to 64 years,UNE,Unemployment,2015,,7.092,,A,Normal value,,,1,One
DATAFLOW,OECD.ELS.SAE:DSD_LFS@DF_LFS_INDIC(1.1),Employment and unemployment by five-year age group and sex - indicators,I,OECD,OECD,UNE_RATE,Unemployment rate,PT_LF_SUB,Percentage of labour force in the same subgroup,_T,Total,_T,Total,UNE,Unemployment,2015,,6.886,,A,Normal value,,,1,One
DATAFLOW,OECD.ELS.SAE:DSD_LFS@DF_LFS_INDIC(1.1),Employment and unemployment by five-year age group and sex - indicators,I,OECD_REP,OECD average country,UNE_RATE,Unemployment rate,PT_LF_SUB,Percentage of labour force in the same subgroup,_T,Total,_T,Total,UNE,Unemployment,2015,,8.085,,A,Normal value,,,1,One
DATAFLOW,OECD.ELS.SAE:DSD_LFS@DF_LFS_INDIC(1.1),Employment and unemployment by five-year age group and sex - indicators,I,OECD_REP,OECD average country,UNE_RATE,Unemployment rate,PT_LF_SUB,Percentage of labour force in the same subgroup,_T,Total,Y15T64,From 15 to 64 years,UNE,Unemployment,2015,,8.231,,A,Normal value,,,1,One
DATAFLOW,OECD.ELS.SAE:DSD_LFS@DF_LFS_INDIC(1.1),Employment and unemployment by five-year age group and sex - indicators,I,BGR,Bulgaria,UNE_RATE,Unemployment rate,PT_LF_SUB,Percentage of labour force in the same subgroup,_T,Total,Y15T64,From 15 to 64 years,UNE,Unemployment,2015,,9.232,,A,Normal value,,,1,One
DATAFLOW,OECD.ELS.SAE:DSD_LFS@DF_LFS_INDIC(1.1),Employment and unemployment by five-year age group and sex - indicators,I,BGR,Bulgaria,UNE_RATE,Unemployment rate,PT_LF_SUB,Percentage of labour force in the same subgroup,_T,Total,_T,Total,UNE,Unemployment,2015,,9.141,,A,Normal value,,,1,One
DATAFLOW,OECD.ELS.SAE:DSD_LFS@DF_LFS_INDIC(1.1),Employment and unemployment by five-year age group and sex - indicators,I,HRV,Croatia,UNE_RATE,Unemployment rate,PT_LF_SUB,Percentage of labour force in the same subgroup,_T,Total,_T,Total,UNE,Unemployment,2015,,16.146,,A,Normal value,,,1,One
DATAFLOW,OECD.ELS.SAE:DSD_LFS@DF_LFS_INDIC(1.1),Employment and unemployment by five-year age group and sex - indicators,I,HRV,Croatia,UNE_RATE,Unemployment rate,PT_LF_SUB,Percentage of labour force in the same subgroup,_T,Total,Y15T64,From 15 to 64 years,UNE,Unemployment,2015,,16.356,,A,Normal value,,,1,One
DATAFLOW,OECD.ELS.SAE:DSD_LFS@DF_LFS_INDIC(1.1),Employment and unemployment by five-year age group and sex - indicators,I,CYP,Cyprus,UNE_RATE,Unemployment rate,PT_LF_SUB,Percentage of labour force in the same subgroup,_T,Total,_T,Total,UNE,Unemployment,2015,,14.894,,A,Normal value,,,1,One
DATAFLOW,OECD.ELS.SAE:DSD_LFS@DF_LFS_INDIC(1.1),Employment and unemployment by five-year age group and sex - indicators,I,CYP,Cyprus,UNE_RATE,Unemployment rate,PT_LF_SUB,Percentage of labour force in the same subgroup,_T,Total,Y15T64,From 15 to 64 years,UNE,Unemployment,2015,,15.171,,A,Normal value,,,1,One
DATAFLOW,OECD.ELS.SAE:DSD_LFS@DF_LFS_INDIC(1.1),Employment and unemployment by five-year age group and sex - indicators,I,MLT,Malta,UNE_RATE,Unemployment rate,PT_LF_SUB,Percentage of labour force in the same subgroup,_T,Total,_T,Total,UNE,Unemployment,2015,,5.328,,A,Normal value,,,1,One
DATAFLOW,OECD.ELS.SAE:DSD_LFS@DF_LFS_INDIC(1.1),Employment and unemployment by five-year age group and sex - indicators,I,MLT,Malta,UNE_RATE,Unemployment rate,PT_LF_SUB,Percentage of labour force in the same subgroup,_T,Total,Y15T64,From 15 to 64 years,UNE,Unemployment,2015,,5.386,,A,Normal value,,,1,One
DATAFLOW,OECD.ELS.SAE:DSD_LFS@DF_LFS_INDIC(1.1),Employment and unemployment by five-year age group and sex - indicators,I,MKD,North Macedonia,UNE_RATE,Unemployment rate,PT_LF_SUB,Percentage of labour force in the same subgroup,_T,Total,Y15T64,From 15 to 64 years,UNE,Unemployment,2015,,26.305,,A,Normal value,,,1,One
DATAFLOW,OECD.ELS.SAE:DSD_LFS@DF_LFS_INDIC(1.1),Employment and unemployment by five-year age group and sex - indicators,I,MKD,North Macedonia,UNE_RATE,Unemployment rate,PT_LF_SUB,Percentage of labour force in the same subgroup,_T,Total,_T,Total,UNE,Unemployment,2015,,26.063,,A,Normal value,,,1,One
DATAFLOW,OECD.ELS.SAE:DSD_LFS@DF_LFS_INDIC(1.1),Employment and unemployment by five-year age group and sex - indicators,I,PER,Peru,UNE_RATE,Unemployment rate,PT_LF_SUB,Percentage of labour force in the same subgroup,_T,Total,_T,Total,UNE,Unemployment,2015,,3.43,,A,Normal value,,,1,One
DATAFLOW,OECD.ELS.SAE:DSD_LFS@DF_LFS_INDIC(1.1),Employment and unemployment by five-year age group and sex - indicators,I,PER,Peru,UNE_RATE,Unemployment rate,PT_LF_SUB,Percentage of labour force in the same subgroup,_T,Total,Y15T64,From 15 to 64 years,UNE,Unemployment,2015,,3.531,,A,Normal value,,,1,One
DATAFLOW,OECD.ELS.SAE:DSD_LFS@DF_LFS_INDIC(1.1),Employment and unemployment by five-year age group and sex - indicators,I,ROU,Romania,UNE_RATE,Unemployment rate,PT_LF_SUB,Percentage of labour force in the same subgroup,_T,Total,_T,Total,UNE,Unemployment,2015,,6.811,,A,Normal value,,,1,One
DATAFLOW,OECD.ELS.SAE:DSD_LFS@DF_LFS_INDIC(1.1),Employment and unemployment by five-year age group and sex - indicators,I,ROU,Romania,UNE_RATE,Unemployment rate,PT_LF_SUB,Percentage of labour force in the same subgroup,_T,Total,Y15T64,From 15 to 64 years,UNE,Unemployment,2015,,7.036,,A,Normal value,,,1,One
DATAFLOW,OECD.ELS.SAE:DSD_LFS@DF_LFS_INDIC(1.1),Employment and unemployment by five-year age group and sex - indicators,I,ZAF,South Africa,UNE_RATE,Unemployment rate,PT_LF_SUB,Percentage of labour force in the same subgroup,_T,Total,_T,Total,UNE,Unemployment,2015,,25.149,,A,Normal value,,,1,One
DATAFLOW,OECD.ELS.SAE:DSD_LFS@DF_LFS_INDIC(1.1),Employment and unemployment by five-year age group and sex - indicators,I,THA,Thailand,UNE_RATE,Unemployment rate,PT_LF_SUB,Percentage of labour force in the same subgroup,_T,Total,_T,Total,UNE,Unemployment,2015,,0.591,,A,Normal value,,,1,One
DATAFLOW,OECD.ELS.SAE:DSD_LFS@DF_LFS_INDIC(1.1),Employment and unemployment by five-year age group and sex - indicators,I,THA,Thailand,UNE_RATE,Unemployment rate,PT_LF_SUB,Percentage of labour force in the same subgroup,_T,Total,Y15T64,From 15 to 64 years,UNE,Unemployment,2015,,0.617,,A,Normal value,,,1,One
DATAFLOW,OECD.ELS.SAE:DSD_LFS@DF_LFS_INDIC(1.1),Employment and unemployment by five-year age group and sex - indicators,I,AUS,Australia,UNE_RATE,Unemployment rate,PT_LF_SUB,Percentage of labour force in the same subgroup,_T,Total,_T,Total,UNE,Unemployment,2018,,5.306,,A,Normal value,,,1,One
DATAFLOW,OECD.ELS.SAE:DSD_LFS@DF_LFS_INDIC(1.1),Employment and unemployment by five-year age group and sex - indicators,I,AUT,Austria,UNE_RATE,Unemployment rate,PT_LF_SUB,Percentage of labour force in the same subgroup,_T,Total,_T,Total,UNE,Unemployment,2018,,4.846,,A,Normal value,,,1,One
DATAFLOW,OECD.ELS.SAE:DSD_LFS@DF_LFS_INDIC(1.1),Employment and unemployment by five-year age group and sex - indicators,I,AUT,Austria,UNE_RATE,Unemployment rate,PT_LF_SUB,Percentage of labour force in the same subgroup,_T,Total,Y15T64,From 15 to 64 years,UNE,Unemployment,2018,,4.92,,A,Normal value,,,1,One
DATAFLOW,OECD.ELS.SAE:DSD_LFS@DF_LFS_INDIC(1.1),Employment and unemployment by five-year age group and sex - indicators,I,BEL,Belgium,UNE_RATE,Unemployment rate,PT_LF_SUB,Percentage of labour force in the same subgroup,_T,Total,Y15T64,From 15 to 64 years,UNE,Unemployment,2018,,6.002,,A,Normal value,,,1,One
DATAFLOW,OECD.ELS.SAE:DSD_LFS@DF_LFS_INDIC(1.1),Employment and unemployment by five-year age group and sex - indicators,I,BEL,Belgium,UNE_RATE,Unemployment rate,PT_LF_SUB,Percentage of labour force in the same subgroup,_T,Total,_T,Total,UNE,Unemployment,2018,,5.947,,A,Normal value,,,1,One
DATAFLOW,OECD.ELS.SAE:DSD_LFS@DF_LFS_INDIC(1.1),Employment and unemployment by five-year age group and sex - indicators,I,CAN,Canada,UNE_RATE,Unemployment rate,PT_LF_SUB,Percentage of labour force in the same subgroup,_T,Total,Y15T64,From 15 to 64 years,UNE,Unemployment,2018,,5.908,,A,Normal value,,,1,One
DATAFLOW,OECD.ELS.SAE:DSD_LFS@DF_LFS_INDIC(1.1),Employment and unemployment by five-year age group and sex - indicators,I,CHL,Chile,UNE_RATE,Unemployment rate,PT_LF_SUB,Percentage of labour force in the same subgroup,_T,Total,_T,Total,UNE,Unemployment,2018,,7.376,,A,Normal value,,,1,One
DATAFLOW,OECD.ELS.SAE:DSD_LFS@DF_LFS_INDIC(1.1),Employment and unemployment by five-year age group and sex - indicators,I,CHL,Chile,UNE_RATE,Unemployment rate,PT_LF_SUB,Percentage of labour force in the same subgroup,_T,Total,Y15T64,From 15 to 64 years,UNE,Unemployment,2018,,7.677,,A,Normal value,,,1,One
DATAFLOW,OECD.ELS.SAE:DSD_LFS@DF_LFS_INDIC(1.1),Employment and unemployment by five-year age group and sex - indicators,I,CRI,Costa Rica,UNE_RATE,Unemployment rate,PT_LF_SUB,Percentage of labour force in the same subgroup,_T,Total,_T,Total,UNE,Unemployment,2018,,10.277,,A,Normal value,,,1,One
DATAFLOW,OECD.ELS.SAE:DSD_LFS@DF_LFS_INDIC(1.1),Employment and unemployment by five-year age group and sex - indicators,I,CRI,Costa Rica,UNE_RATE,Unemployment rate,PT_LF_SUB,Percentage of labour force in the same subgroup,_T,Total,Y15T64,From 15 to 64 years,UNE,Unemployment,2018,,10.515,,A,Normal value,,,1,One
DATAFLOW,OECD.ELS.SAE:DSD_LFS@DF_LFS_INDIC(1.1),Employment and unemployment by five-year age group and sex - indicators,I,CZE,Czechia,UNE_RATE,Unemployment rate,PT_LF_SUB,Percentage of labour force in the same subgroup,_T,Total,_T,Total,UNE,Unemployment,2018,,2.244,,A,Normal value,,,1,One
DATAFLOW,OECD.ELS.SAE:DSD_LFS@DF_LFS_INDIC(1.1),Employment and unemployment by five-year age group and sex - indicators,I,CZE,Czechia,UNE_RATE,Unemployment rate,PT_LF_SUB,Percentage of labour force in the same subgroup,_T,Total,Y15T64,From 15 to 64 years,UNE,Unemployment,2018,,2.282,,A,Normal value,,,1,One
DATAFLOW,OECD.ELS.SAE:DSD_LFS@DF_LFS_INDIC(1.1),Employment and unemployment by five-year age group and sex - indicators,I,DNK,Denmark,UNE_RATE,Unemployment rate,PT_LF_SUB,Percentage of labour force in the same subgroup,_T,Total,Y15T64,From 15 to 64 years,UNE,Unemployment,2018,,4.983,,A,Normal value,,,1,One
DATAFLOW,OECD.ELS.SAE:DSD_LFS@DF_LFS_INDIC(1.1),Employment and unemployment by five-year age group and sex - indicators,I,DNK,Denmark,UNE_RATE,Unemployment rate,PT_LF_SUB,Percentage of labour force in the same subgroup,_T,Total,_T,Total,UNE,Unemployment,2018,,4.827,,A,Normal value,,,1,One
DATAFLOW,OECD.ELS.SAE:DSD_LFS@DF_LFS_INDIC(1.1),Employment and unemployment by five-year age group and sex - indicators,I,EST,Estonia,UNE_RATE,Unemployment rate,PT_LF_SUB,Percentage of labour force in the same subgroup,_T,Total,_T,Total,UNE,Unemployment,2018,,5.336,,A,Normal value,,,1,One
DATAFLOW,OECD.ELS.SAE:DSD_LFS@DF_LFS_INDIC(1.1),Employment and unemployment by five-year age group and sex - indicators,I,EST,Estonia,UNE_RATE,Unemployment rate,PT_LF_SUB,Percentage of labour force in the same subgroup,_T,Total,Y15T64,From 15 to 64 years,UNE,Unemployment,2018,,5.408,,A,Normal value,,,1,One
DATAFLOW,OECD.ELS.SAE:DSD_LFS@DF_LFS_INDIC(1.1),Employment and unemployment by five-year age group and sex - indicators,I,FIN,Finland,UNE_RATE,Unemployment rate,PT_LF_SUB,Percentage of labour force in the same subgroup,_T,Total,_T,Total,UNE,Unemployment,2018,,7.309,,A,Normal value,,,1,One
DATAFLOW,OECD.ELS.SAE:DSD_LFS@DF_LFS_INDIC(1.1),Employment and unemployment by five-year age group and sex - indicators,I,FIN,Finland,UNE_RATE,Unemployment rate,PT_LF_SUB,Percentage of labour force in the same subgroup,_T,Total,Y15T64,From 15 to 64 years,UNE,Unemployment,2018,,7.468,,A,Normal value,,,1,One
DATAFLOW,OECD.ELS.SAE:DSD_LFS@DF_LFS_INDIC(1.1),Employment and unemployment by five-year age group and sex - indicators,I,DEU,Germany,UNE_RATE,Unemployment rate,PT_LF_SUB,Percentage of labour force in the same subgroup,_T,Total,_T,Total,UNE,Unemployment,2018,,3.383,,A,Normal value,,,1,One
DATAFLOW,OECD.ELS.SAE:DSD_LFS@DF_LFS_INDIC(1.1),Employment and unemployment by five-year age group and sex - indicators,I,GRC,Greece,UNE_RATE,Unemployment rate,PT_LF_SUB,Percentage of labour force in the same subgroup,_T,Total,_T,Total,UNE,Unemployment,2018,,19.29,,A,Normal value,,,1,One
DATAFLOW,OECD.ELS.SAE:DSD_LFS@DF_LFS_INDIC(1.1),Employment and unemployment by five-year age group and sex - indicators,I,GRC,Greece,UNE_RATE,Unemployment rate,PT_LF_SUB,Percentage of labour force in the same subgroup,_T,Total,Y15T64,From 15 to 64 years,UNE,Unemployment,2018,,19.451,,A,Normal value,,,1,One
DATAFLOW,OECD.ELS.SAE:DSD_LFS@DF_LFS_INDIC(1.1),Employment and unemployment by five-year age group and sex - indicators,I,HUN,Hungary,UNE_RATE,Unemployment rate,PT_LF_SUB,Percentage of labour force in the same subgroup,_T,Total,Y15T64,From 15 to 64 years,UNE,Unemployment,2018,,3.705,,A,Normal value,,,1,One
DATAFLOW,OECD.ELS.SAE:DSD_LFS@DF_LFS_INDIC(1.1),Employment and unemployment by five-year age group and sex - indicators,I,HUN,Hungary,UNE_RATE,Unemployment rate,PT_LF_SUB,Percentage of labour force in the same subgroup,_T,Total,_T,Total,UNE,Unemployment,2018,,3.665,,A,Normal value,,,1,One
DATAFLOW,OECD.ELS.SAE:DSD_LFS@DF_LFS_INDIC(1.1),Employment and unemployment by five-year age group and sex - indicators,I,ISL,Iceland,UNE_RATE,Unemployment rate,PT_LF_SUB,Percentage of labour force in the same subgroup,_T,Total,_T,Total,UNE,Unemployment,2018,,3.033,,A,Normal value,,,1,One
DATAFLOW,OECD.ELS.SAE:DSD_LFS@DF_LFS_INDIC(1.1),Employment and unemployment by five-year age group and sex - indicators,I,ISL,Iceland,UNE_RATE,Unemployment rate,PT_LF_SUB,Percentage of labour force in the same subgroup,_T,Total,Y15T64,From 15 to 64 years,UNE,Unemployment,2018,,3.105,,A,Normal value,,,1,One
DATAFLOW,OECD.ELS.SAE:DSD_LFS@DF_LFS_INDIC(1.1),Employment and unemployment by five-year age group and sex - indicators,I,IRL,Ireland,UNE_RATE,Unemployment rate,PT_LF_SUB,Percentage of labour force in the same subgroup,_T,Total,_T,Total,UNE,Unemployment,2018,,5.43,,A,Normal value,,,1,One
DATAFLOW,OECD.ELS.SAE:DSD_LFS@DF_LFS_INDIC(1.1),Employment and unemployment by five-year age group and sex - indicators,I,IRL,Ireland,UNE_RATE,Unemployment rate,PT_LF_SUB,Percentage of labour force in the same subgroup,_T,Total,Y15T64,From 15 to 64 years,UNE,Unemployment,2018,,5.596,,A,Normal value,,,1,One
DATAFLOW,OECD.ELS.SAE:DSD_LFS@DF_LFS_INDIC(1.1),Employment and unemployment by five-year age group and sex - indicators,I,ISR,Israel,UNE_RATE,Unemployment rate,PT_LF_SUB,Percentage of labour force in the same subgroup,_T,Total,_T,Total,UNE,Unemployment,2018,,3.995,,A,Normal value,,,1,One
DATAFLOW,OECD.ELS.SAE:DSD_LFS@DF_LFS_INDIC(1.1),Employment and unemployment by five-year age group and sex - indicators,I,ISR,Israel,UNE_RATE,Unemployment rate,PT_LF_SUB,Percentage of labour force in the same subgroup,_T,Total,Y15T64,From 15 to 64 years,UNE,Unemployment,2018,,4.09,,A,Normal value,,,1,One
DATAFLOW,OECD.ELS.SAE:DSD_LFS@DF_LFS_INDIC(1.1),Employment and unemployment by five-year age group and sex - indicators,I,KOR,Korea,UNE_RATE,Unemployment rate,PT_LF_SUB,Percentage of labour force in the same subgroup,_T,Total,_T,Total,UNE,Unemployment,2018,,3.847,,A,Normal value,,,1,One
DATAFLOW,OECD.ELS.SAE:DSD_LFS@DF_LFS_INDIC(1.1),Employment and unemployment by five-year age group and sex - indicators,I,LVA,Latvia,UNE_RATE,Unemployment rate,PT_LF_SUB,Percentage of labour force in the same subgroup,_T,Total,_T,Total,UNE,Unemployment,2018,,7.404,,A,Normal value,,,1,One
DATAFLOW,OECD.ELS.SAE:DSD_LFS@DF_LFS_INDIC(1.1),Employment and unemployment by five-year age group and sex - indicators,I,LVA,Latvia,UNE_RATE,Unemployment rate,PT_LF_SUB,Percentage of labour force in the same subgroup,_T,Total,Y15T64,From 15 to 64 years,UNE,Unemployment,2018,,7.585,,A,Normal value,,,1,One
DATAFLOW,OECD.ELS.SAE:DSD_LFS@DF_LFS_INDIC(1.1),Employment and unemployment by five-year age group and sex - indicators,I,LTU,Lithuania,UNE_RATE,Unemployment rate,PT_LF_SUB,Percentage of labour force in the same subgroup,_T,Total,Y15T64,From 15 to 64 years,UNE,Unemployment,2018,,6.328,,A,Normal value,,,1,One
DATAFLOW,OECD.ELS.SAE:DSD_LFS@DF_LFS_INDIC(1.1),Employment and unemployment by five-year age group and sex - indicators,I,LTU,Lithuania,UNE_RATE,Unemployment rate,PT_LF_SUB,Percentage of labour force in the same subgroup,_T,Total,_T,Total,UNE,Unemployment,2018,,6.14,,A,Normal value,,,1,One
DATAFLOW,OECD.ELS.SAE:DSD_LFS@DF_LFS_INDIC(1.1),Employment and unemployment by five-year age group and sex - indicators,I,LUX,Luxembourg,UNE_RATE,Unemployment rate,PT_LF_SUB,Percentage of labour force in the same subgroup,_T,Total,Y15T64,From 15 to 64 years,UNE,Unemployment,2018,,5.588,,A,Normal value,,,1,One
DATAFLOW,OECD.ELS.SAE:DSD_LFS@DF_LFS_INDIC(1.1),Employment and unemployment by five-year age group and sex - indicators,I,LUX,Luxembourg,UNE_RATE,Unemployment rate,PT_LF_SUB,Percentage of labour force in the same subgroup,_T,Total,_T,Total,UNE,Unemployment,2018,,5.563,,A,Normal value,,,1,One
DATAFLOW,OECD.ELS.SAE:DSD_LFS@DF_LFS_INDIC(1.1),Employment and unemployment by five-year age group and sex - indicators,I,MEX,Mexico,UNE_RATE,Unemployment rate,PT_LF_SUB,Percentage of labour force in the same subgroup,_T,Total,_T,Total,UNE,Unemployment,2018,,3.3,,A,Normal value,,,1,One
DATAFLOW,OECD.ELS.SAE:DSD_LFS@DF_LFS_INDIC(1.1),Employment and unemployment by five-year age group and sex - indicators,I,MEX,Mexico,UNE_RATE,Unemployment rate,PT_LF_SUB,Percentage of labour force in the same subgroup,_T,Total,Y15T64,From 15 to 64 years,UNE,Unemployment,2018,,3.432,,A,Normal value,,,1,One
DATAFLOW,OECD.ELS.SAE:DSD_LFS@DF_LFS_INDIC(1.1),Employment and unemployment by five-year age group and sex - indicators,I,NOR,Norway,UNE_RATE,Unemployment rate,PT_LF_SUB,Percentage of labour force in the same subgroup,_T,Total,Y15T64,From 15 to 64 years,UNE,Unemployment,2018,,3.916,,A,Normal value,,,1,One
DATAFLOW,OECD.ELS.SAE:DSD_LFS@DF_LFS_INDIC(1.1),Employment and unemployment by five-year age group and sex - indicators,I,NOR,Norway,UNE_RATE,Unemployment rate,PT_LF_SUB,Percentage of labour force in the same subgroup,_T,Total,_T,Total,UNE,Unemployment,2018,,3.796,,A,Normal value,,,1,One
DATAFLOW,OECD.ELS.SAE:DSD_LFS@DF_LFS_INDIC(1.1),Employment and unemployment by five-year age group and sex - indicators,I,POL,Poland,UNE_RATE,Unemployment rate,PT_LF_SUB,Percentage of labour force in the same subgroup,_T,Total,_T,Total,UNE,Unemployment,2018,,3.845,,A,Normal value,,,1,One
DATAFLOW,OECD.ELS.SAE:DSD_LFS@DF_LFS_INDIC(1.1),Employment and unemployment by five-year age group and sex - indicators,I,PRT,Portugal,UNE_RATE,Unemployment rate,PT_LF_SUB,Percentage of labour force in the same subgroup,_T,Total,_T,Total,UNE,Unemployment,2018,,7.172,,A,Normal value,,,1,One
DATAFLOW,OECD.ELS.SAE:DSD_LFS@DF_LFS_INDIC(1.1),Employment and unemployment by five-year age group and sex - indicators,I,PRT,Portugal,UNE_RATE,Unemployment rate,PT_LF_SUB,Percentage of labour force in the same subgroup,_T,Total,Y15T64,From 15 to 64 years,UNE,Unemployment,2018,,7.299,,A,Normal value,,,1,One
DATAFLOW,OECD.ELS.SAE:DSD_LFS@DF_LFS_INDIC(1.1),Employment and unemployment by five-year age group and sex - indicators,I,SVK,Slovak Republic,UNE_RATE,Unemployment rate,PT_LF_SUB,Percentage of labour force in the same subgroup,_T,Total,_T,Total,UNE,Unemployment,2018,,6.531,,A,Normal value,,,1,One
DATAFLOW,OECD.ELS.SAE:DSD_LFS@DF_LFS_INDIC(1.1),Employment and unemployment by five-year age group and sex - indicators,I,SVK,Slovak Republic,UNE_RATE,Unemployment rate,PT_LF_SUB,Percentage of labour force in the same subgroup,_T,Total,Y15T64,From 15 to 64 years,UNE,Unemployment,2018,,6.604,,A,Normal value,,,1,One
DATAFLOW,OECD.ELS.SAE:DSD_LFS@DF_LFS_INDIC(1.1),Employment and unemployment by five-year age group and sex - indicators,I,SVN,Slovenia,UNE_RATE,Unemployment rate,PT_LF_SUB,Percentage of labour force in the same subgroup,_T,Total,_T,Total,UNE,Unemployment,2018,,5.102,,A,Normal value,,,1,One
DATAFLOW,OECD.ELS.SAE:DSD_LFS@DF_LFS_INDIC(1.1),Employment and unemployment by five-year age group and sex - indicators,I,SVN,Slovenia,UNE_RATE,Unemployment rate,PT_LF_SUB,Percentage of labour force in the same subgroup,_T,Total,Y15T64,From 15 to 64 years,UNE,Unemployment,2018,,5.196,,A,Normal value,,,1,One
DATAFLOW,OECD.ELS.SAE:DSD_LFS@DF_LFS_INDIC(1.1),Employment and unemployment by five-year age group and sex - indicators,I,ESP,Spain,UNE_RATE,Unemployment rate,PT_LF_SUB,Percentage of labour force in the same subgroup,_T,Total,_T,Total,UNE,Unemployment,2018,,15.254,,A,Normal value,,,1,One
DATAFLOW,OECD.ELS.SAE:DSD_LFS@DF_LFS_INDIC(1.1),Employment and unemployment by five-year age group and sex - indicators,I,SWE,Sweden,UNE_RATE,Unemployment rate,PT_LF_SUB,Percentage of labour force in the same subgroup,_T,Total,Y15T64,From 15 to 64 years,UNE,Unemployment,2018,,6.466,,A,Normal value,,,1,One
DATAFLOW,OECD.ELS.SAE:DSD_LFS@DF_LFS_INDIC(1.1),Employment and unemployment by five-year age group and sex - indicators,I,SWE,Sweden,UNE_RATE,Unemployment rate,PT_LF_SUB,Percentage of labour force in the same subgroup,_T,Total,_T,Total,UNE,Unemployment,2018,,6.331,,A,Normal value,,,1,One
DATAFLOW,OECD.ELS.SAE:DSD_LFS@DF_LFS_INDIC(1.1),Employment and unemployment by five-year age group and sex - indicators,I,CHE,Switzerland,UNE_RATE,Unemployment rate,PT_LF_SUB,Percentage of labour force in the same subgroup,_T,Total,_T,Total,UNE,Unemployment,2018,,4.711,,A,Normal value,,,1,One
DATAFLOW,OECD.ELS.SAE:DSD_LFS@DF_LFS_INDIC(1.1),Employment and unemployment by five-year age group and sex - indicators,I,CHE,Switzerland,UNE_RATE,Unemployment rate,PT_LF_SUB,Percentage of labour force in the same subgroup,_T,Total,Y15T64,From 15 to 64 years,UNE,Unemployment,2018,,4.871,,A,Normal value,,,1,One
DATAFLOW,OECD.ELS.SAE:DSD_LFS@DF_LFS_INDIC(1.1),Employment and unemployment by five-year age group and sex - indicators,I,EU27,European Union (27 countries),UNE_RATE,Unemployment rate,PT_LF_SUB,Percentage of labour force in the same subgroup,_T,Total,Y15T64,From 15 to 64 years,UNE,Unemployment,2018,,7.426,,A,Normal value,,,1,One
DATAFLOW,OECD.ELS.SAE:DSD_LFS@DF_LFS_INDIC(1.1),Employment and unemployment by five-year age group and sex - indicators,I,EU27,European Union (27 countries),UNE_RATE,Unemployment rate,PT_LF_SUB,Percentage of labour force in the same subgroup,_T,Total,_T,Total,UNE,Unemployment,2018,,7.301,,A,Normal value,,,1,One
DATAFLOW,OECD.ELS.SAE:DSD_LFS@DF_LFS_INDIC(1.1),Employment and unemployment by five-year age group and sex - indicators,I,EU19OECD,European Union (19 countries) in OECD,UNE_RATE,Unemployment rate,PT_LF_SUB,Percentage of labour force in the same subgroup,_T,Total,Y15T64,From 15 to 64 years,UNE,Unemployment,2018,,8.348,,A,Normal value,,,1,One
DATAFLOW,OECD.ELS.SAE:DSD_LFS@DF_LFS_INDIC(1.1),Employment and unemployment by five-year age group and sex - indicators,I,EU19OECD,European Union (19 countries) in OECD,UNE_RATE,Unemployment rate,PT_LF_SUB,Percentage of labour force in the same subgroup,_T,Total,_T,Total,UNE,Unemployment,2018,,8.215,,A,Normal value,,,1,One
DATAFLOW,OECD.ELS.SAE:DSD_LFS@DF_LFS_INDIC(1.1),Employment and unemployment by five-year age group and sex - indicators,I,EU22OECD,European Union (22 countries) in OECD,UNE_RATE,Unemployment rate,PT_LF_SUB,Percentage of labour force in the same subgroup,_T,Total,Y15T64,From 15 to 64 years,UNE,Unemployment,2018,,7.595,,A,Normal value,,,1,One
DATAFLOW,OECD.ELS.SAE:DSD_LFS@DF_LFS_INDIC(1.1),Employment and unemployment by five-year age group and sex - indicators,I,EU22OECD,European Union (22 countries) in OECD,UNE_RATE,Unemployment rate,PT_LF_SUB,Percentage of labour force in the same subgroup,_T,Total,_T,Total,UNE,Unemployment,2018,,7.471,,A,Normal value,,,1,One
DATAFLOW,OECD.ELS.SAE:DSD_LFS@DF_LFS_INDIC(1.1),Employment and unemployment by five-year age group and sex - indicators,I,OECD,OECD,UNE_RATE,Unemployment rate,PT_LF_SUB,Percentage of labour force in the same subgroup,_T,Total,Y15T64,From 15 to 64 years,UNE,Unemployment,2018,,5.681,,A,Normal value,,,1,One
DATAFLOW,OECD.ELS.SAE:DSD_LFS@DF_LFS_INDIC(1.1),Employment and unemployment by five-year age group and sex - indicators,I,OECD_REP,OECD average country,UNE_RATE,Unemployment rate,PT_LF_SUB,Percentage of labour force in the same subgroup,_T,Total,Y15T64,From 15 to 64 years,UNE,Unemployment,2018,,6.368,,A,Normal value,,,1,One
DATAFLOW,OECD.ELS.SAE:DSD_LFS@DF_LFS_INDIC(1.1),Employment and unemployment by five-year age group and sex - indicators,I,OECD_REP,OECD average country,UNE_RATE,Unemployment rate,PT_LF_SUB,Percentage of labour force in the same subgroup,_T,Total,_T,Total,UNE,Unemployment,2018,,6.245,,A,Normal value,,,1,One
DATAFLOW,OECD.ELS.SAE:DSD_LFS@DF_LFS_INDIC(1.1),Employment and unemployment by five-year age group and sex - indicators,I,ARG,Argentina,UNE_RATE,Unemployment rate,PT_LF_SUB,Percentage of labour force in the same subgroup,_T,Total,Y15T64,From 15 to 64 years,UNE,Unemployment,2018,,9.301,,A,Normal value,,,1,One
DATAFLOW,OECD.ELS.SAE:DSD_LFS@DF_LFS_INDIC(1.1),Employment and unemployment by five-year age group and sex - indicators,I,BGR,Bulgaria,UNE_RATE,Unemployment rate,PT_LF_SUB,Percentage of labour force in the same subgroup,_T,Total,_T,Total,UNE,Unemployment,2018,,5.209,,A,Normal value,,,1,One
DATAFLOW,OECD.ELS.SAE:DSD_LFS@DF_LFS_INDIC(1.1),Employment and unemployment by five-year age group and sex - indicators,I,BGR,Bulgaria,UNE_RATE,Unemployment rate,PT_LF_SUB,Percentage of labour force in the same subgroup,_T,Total,Y15T64,From 15 to 64 years,UNE,Unemployment,2018,,5.269,,A,Normal value,,,1,One
DATAFLOW,OECD.ELS.SAE:DSD_LFS@DF_LFS_INDIC(1.1),Employment and unemployment by five-year age group and sex - indicators,I,HRV,Croatia,UNE_RATE,Unemployment rate,PT_LF_SUB,Percentage of labour force in the same subgroup,_T,Total,Y15T64,From 15 to 64 years,UNE,Unemployment,2018,,8.427,,A,Normal value,,,1,One
DATAFLOW,OECD.ELS.SAE:DSD_LFS@DF_LFS_INDIC(1.1),Employment and unemployment by five-year age group and sex - indicators,I,HRV,Croatia,UNE_RATE,Unemployment rate,PT_LF_SUB,Percentage of labour force in the same subgroup,_T,Total,_T,Total,UNE,Unemployment,2018,,8.317,,A,Normal value,,,1,One
DATAFLOW,OECD.ELS.SAE:DSD_LFS@DF_LFS_INDIC(1.1),Employment and unemployment by five-year age group and sex - indicators,I,CYP,Cyprus,UNE_RATE,Unemployment rate,PT_LF_SUB,Percentage of labour force in the same subgroup,_T,Total,Y15T64,From 15 to 64 years,UNE,Unemployment,2018,,8.543,,A,Normal value,,,1,One
DATAFLOW,OECD.ELS.SAE:DSD_LFS@DF_LFS_INDIC(1.1),Employment and unemployment by five-year age group and sex - indicators,I,CYP,Cyprus,UNE_RATE,Unemployment rate,PT_LF_SUB,Percentage of labour force in the same subgroup,_T,Total,_T,Total,UNE,Unemployment,2018,,8.35,,A,Normal value,,,1,One
DATAFLOW,OECD.ELS.SAE:DSD_LFS@DF_LFS_INDIC(1.1),Employment and unemployment by five-year age group and sex - indicators,I,MLT,Malta,UNE_RATE,Unemployment rate,PT_LF_SUB,Percentage of labour force in the same subgroup,_T,Total,Y15T64,From 15 to 64 years,UNE,Unemployment,2018,,3.978,,A,Normal value,,,1,One
DATAFLOW,OECD.ELS.SAE:DSD_LFS@DF_LFS_INDIC(1.1),Employment and unemployment by five-year age group and sex - indicators,I,MLT,Malta,UNE_RATE,Unemployment rate,PT_LF_SUB,Percentage of labour force in the same subgroup,_T,Total,_T,Total,UNE,Unemployment,2018,,3.915,,A,Normal value,,,1,One
DATAFLOW,OECD.ELS.SAE:DSD_LFS@DF_LFS_INDIC(1.1),Employment and unemployment by five-year age group and sex - indicators,I,MKD,North Macedonia,UNE_RATE,Unemployment rate,PT_LF_SUB,Percentage of labour force in the same subgroup,_T,Total,_T,Total,UNE,Unemployment,2018,,20.73,,A,Normal value,,,1,One
DATAFLOW,OECD.ELS.SAE:DSD_LFS@DF_LFS_INDIC(1.1),Employment and unemployment by five-year age group and sex - indicators,I,MKD,North Macedonia,UNE_RATE,Unemployment rate,PT_LF_SUB,Percentage of labour force in the same subgroup,_T,Total,Y15T64,From 15 to 64 years,UNE,Unemployment,2018,,20.958,,A,Normal value,,,1,One
DATAFLOW,OECD.ELS.SAE:DSD_LFS@DF_LFS_INDIC(1.1),Employment and unemployment by five-year age group and sex - indicators,I,PER,Peru,UNE_RATE,Unemployment rate,PT_LF_SUB,Percentage of labour force in the same subgroup,_T,Total,Y15T64,From 15 to 64 years,UNE,Unemployment,2018,,4.007,,A,Normal value,,,1,One
DATAFLOW,OECD.ELS.SAE:DSD_LFS@DF_LFS_INDIC(1.1),Employment and unemployment by five-year age group and sex - indicators,I,PER,Peru,UNE_RATE,Unemployment rate,PT_LF_SUB,Percentage of labour force in the same subgroup,_T,Total,_T,Total,UNE,Unemployment,2018,,3.854,,A,Normal value,,,1,One
DATAFLOW,OECD.ELS.SAE:DSD_LFS@DF_LFS_INDIC(1.1),Employment and unemployment by five-year age group and sex - indicators,I,ROU,Romania,UNE_RATE,Unemployment rate,PT_LF_SUB,Percentage of labour force in the same subgroup,_T,Total,Y15T64,From 15 to 64 years,UNE,Unemployment,2018,,4.328,,A,Normal value,,,1,One
DATAFLOW,OECD.ELS.SAE:DSD_LFS@DF_LFS_INDIC(1.1),Employment and unemployment by five-year age group and sex - indicators,I,ROU,Romania,UNE_RATE,Unemployment rate,PT_LF_SUB,Percentage of labour force in the same subgroup,_T,Total,_T,Total,UNE,Unemployment,2018,,4.186,,A,Normal value,,,1,One
DATAFLOW,OECD.ELS.SAE:DSD_LFS@DF_LFS_INDIC(1.1),Employment and unemployment by five-year age group and sex - indicators,I,THA,Thailand,UNE_RATE,Unemployment rate,PT_LF_SUB,Percentage of labour force in the same subgroup,_T,Total,Y15T64,From 15 to 64 years,UNE,Unemployment,2018,,0.812,,A,Normal value,,,1,One
DATAFLOW,OECD.ELS.SAE:DSD_LFS@DF_LFS_INDIC(1.1),Employment and unemployment by five-year age group and sex - indicators,I,THA,Thailand,UNE_RATE,Unemployment rate,PT_LF_SUB,Percentage of labour force in the same subgroup,_T,Total,_T,Total,UNE,Unemployment,2018,,0.77,,A,Normal value,,,1,One
DATAFLOW,OECD.ELS.SAE:DSD_LFS@DF_LFS_INDIC(1.1),Employment and unemployment by five-year age group and sex - indicators,I,AUS,Australia,UNE_RATE,Unemployment rate,PT_LF_SUB,Percentage of labour force in the same subgroup,_T,Total,_T,Total,UNE,Unemployment,2011,,5.082,,A,Normal value,,,1,One
DATAFLOW,OECD.ELS.SAE:DSD_LFS@DF_LFS_INDIC(1.1),Employment and unemployment by five-year age group and sex - indicators,I,AUS,Australia,UNE_RATE,Unemployment rate,PT_LF_SUB,Percentage of labour force in the same subgroup,_T,Total,Y15T64,From 15 to 64 years,UNE,Unemployment,2011,,5.199,,A,Normal value,,,1,One
DATAFLOW,OECD.ELS.SAE:DSD_LFS@DF_LFS_INDIC(1.1),Employment and unemployment by five-year age group and sex - indicators,I,AUT,Austria,UNE_RATE,Unemployment rate,PT_LF_SUB,Percentage of labour force in the same subgroup,_T,Total,Y15T64,From 15 to 64 years,UNE,Unemployment,2011,,4.63,,A,Normal value,,,1,One
DATAFLOW,OECD.ELS.SAE:DSD_LFS@DF_LFS_INDIC(1.1),Employment and unemployment by five-year age group and sex - indicators,I,AUT,Austria,UNE_RATE,Unemployment rate,PT_LF_SUB,Percentage of labour force in the same subgroup,_T,Total,_T,Total,UNE,Unemployment,2011,,4.561,,A,Normal value,,,1,One
DATAFLOW,OECD.ELS.SAE:DSD_LFS@DF_LFS_INDIC(1.1),Employment and unemployment by five-year age group and sex - indicators,I,BEL,Belgium,UNE_RATE,Unemployment rate,PT_LF_SUB,Percentage of labour force in the same subgroup,_T,Total,_T,Total,UNE,Unemployment,2011,,7.137,,A,Normal value,,,1,One
DATAFLOW,OECD.ELS.SAE:DSD_LFS@DF_LFS_INDIC(1.1),Employment and unemployment by five-year age group and sex - indicators,I,BEL,Belgium,UNE_RATE,Unemployment rate,PT_LF_SUB,Percentage of labour force in the same subgroup,_T,Total,Y15T64,From 15 to 64 years,UNE,Unemployment,2011,,7.189,,A,Normal value,,,1,One
DATAFLOW,OECD.ELS.SAE:DSD_LFS@DF_LFS_INDIC(1.1),Employment and unemployment by five-year age group and sex - indicators,I,CAN,Canada,UNE_RATE,Unemployment rate,PT_LF_SUB,Percentage of labour force in the same subgroup,_T,Total,_T,Total,UNE,Unemployment,2011,,7.643,,A,Normal value,,,1,One
DATAFLOW,OECD.ELS.SAE:DSD_LFS@DF_LFS_INDIC(1.1),Employment and unemployment by five-year age group and sex - indicators,I,CAN,Canada,UNE_RATE,Unemployment rate,PT_LF_SUB,Percentage of labour force in the same subgroup,_T,Total,Y15T64,From 15 to 64 years,UNE,Unemployment,2011,,7.748,,A,Normal value,,,1,One
DATAFLOW,OECD.ELS.SAE:DSD_LFS@DF_LFS_INDIC(1.1),Employment and unemployment by five-year age group and sex - indicators,I,CHL,Chile,UNE_RATE,Unemployment rate,PT_LF_SUB,Percentage of labour force in the same subgroup,_T,Total,Y15T64,From 15 to 64 years,UNE,Unemployment,2011,,7.515,,A,Normal value,,,1,One
DATAFLOW,OECD.ELS.SAE:DSD_LFS@DF_LFS_INDIC(1.1),Employment and unemployment by five-year age group and sex - indicators,I,CHL,Chile,UNE_RATE,Unemployment rate,PT_LF_SUB,Percentage of labour force in the same subgroup,_T,Total,_T,Total,UNE,Unemployment,2011,,7.308,,A,Normal value,,,1,One
DATAFLOW,OECD.ELS.SAE:DSD_LFS@DF_LFS_INDIC(1.1),Employment and unemployment by five-year age group and sex - indicators,I,CRI,Costa Rica,UNE_RATE,Unemployment rate,PT_LF_SUB,Percentage of labour force in the same subgroup,_T,Total,Y15T64,From 15 to 64 years,UNE,Unemployment,2011,,10.465,,A,Normal value,,,1,One
DATAFLOW,OECD.ELS.SAE:DSD_LFS@DF_LFS_INDIC(1.1),Employment and unemployment by five-year age group and sex - indicators,I,CRI,Costa Rica,UNE_RATE,Unemployment rate,PT_LF_SUB,Percentage of labour force in the same subgroup,_T,Total,_T,Total,UNE,Unemployment,2011,,10.303,,A,Normal value,,,1,One
DATAFLOW,OECD.ELS.SAE:DSD_LFS@DF_LFS_INDIC(1.1),Employment and unemployment by five-year age group and sex - indicators,I,CZE,Czechia,UNE_RATE,Unemployment rate,PT_LF_SUB,Percentage of labour force in the same subgroup,_T,Total,Y15T64,From 15 to 64 years,UNE,Unemployment,2011,,6.803,,A,Normal value,,,1,One
DATAFLOW,OECD.ELS.SAE:DSD_LFS@DF_LFS_INDIC(1.1),Employment and unemployment by five-year age group and sex - indicators,I,CZE,Czechia,UNE_RATE,Unemployment rate,PT_LF_SUB,Percentage of labour force in the same subgroup,_T,Total,_T,Total,UNE,Unemployment,2011,,6.724,,A,Normal value,,,1,One
DATAFLOW,OECD.ELS.SAE:DSD_LFS@DF_LFS_INDIC(1.1),Employment and unemployment by five-year age group and sex - indicators,I,DNK,Denmark,UNE_RATE,Unemployment rate,PT_LF_SUB,Percentage of labour force in the same subgroup,_T,Total,_T,Total,UNE,Unemployment,2011,,7.67,,A,Normal value,,,1,One
DATAFLOW,OECD.ELS.SAE:DSD_LFS@DF_LFS_INDIC(1.1),Employment and unemployment by five-year age group and sex - indicators,I,DNK,Denmark,UNE_RATE,Unemployment rate,PT_LF_SUB,Percentage of labour force in the same subgroup,_T,Total,Y15T64,From 15 to 64 years,UNE,Unemployment,2011,,7.865,,A,Normal value,,,1,One
DATAFLOW,OECD.ELS.SAE:DSD_LFS@DF_LFS_INDIC(1.1),Employment and unemployment by five-year age group and sex - indicators,I,EST,Estonia,UNE_RATE,Unemployment rate,PT_LF_SUB,Percentage of labour force in the same subgroup,_T,Total,Y15T64,From 15 to 64 years,UNE,Unemployment,2011,,12.552,,A,Normal value,,,1,One
DATAFLOW,OECD.ELS.SAE:DSD_LFS@DF_LFS_INDIC(1.1),Employment and unemployment by five-year age group and sex - indicators,I,EST,Estonia,UNE_RATE,Unemployment rate,PT_LF_SUB,Percentage of labour force in the same subgroup,_T,Total,_T,Total,UNE,Unemployment,2011,,12.27,,A,Normal value,,,1,One
DATAFLOW,OECD.ELS.SAE:DSD_LFS@DF_LFS_INDIC(1.1),Employment and unemployment by five-year age group and sex - indicators,I,GRC,Greece,UNE_RATE,Unemployment rate,PT_LF_SUB,Percentage of labour force in the same subgroup,_T,Total,Y15T64,From 15 to 64 years,UNE,Unemployment,2011,,18.106,,A,Normal value,,,1,One
DATAFLOW,OECD.ELS.SAE:DSD_LFS@DF_LFS_INDIC(1.1),Employment and unemployment by five-year age group and sex - indicators,I,GRC,Greece,UNE_RATE,Unemployment rate,PT_LF_SUB,Percentage of labour force in the same subgroup,_T,Total,_T,Total,UNE,Unemployment,2011,,17.863,,A,Normal value,,,1,One
DATAFLOW,OECD.ELS.SAE:DSD_LFS@DF_LFS_INDIC(1.1),Employment and unemployment by five-year age group and sex - indicators,I,HUN,Hungary,UNE_RATE,Unemployment rate,PT_LF_SUB,Percentage of labour force in the same subgroup,_T,Total,_T,Total,UNE,Unemployment,2011,,10.653,,A,Normal value,,,1,One
DATAFLOW,OECD.ELS.SAE:DSD_LFS@DF_LFS_INDIC(1.1),Employment and unemployment by five-year age group and sex - indicators,I,HUN,Hungary,UNE_RATE,Unemployment rate,PT_LF_SUB,Percentage of labour force in the same subgroup,_T,Total,Y15T64,From 15 to 64 years,UNE,Unemployment,2011,,10.734,,A,Normal value,,,1,One
DATAFLOW,OECD.ELS.SAE:DSD_LFS@DF_LFS_INDIC(1.1),Employment and unemployment by five-year age group and sex - indicators,I,ISL,Iceland,UNE_RATE,Unemployment rate,PT_LF_SUB,Percentage of labour force in the same subgroup,_T,Total,Y15T64,From 15 to 64 years,UNE,Unemployment,2011,,7.791,,A,Normal value,,,1,One
DATAFLOW,OECD.ELS.SAE:DSD_LFS@DF_LFS_INDIC(1.1),Employment and unemployment by five-year age group and sex - indicators,I,ISL,Iceland,UNE_RATE,Unemployment rate,PT_LF_SUB,Percentage of labour force in the same subgroup,_T,Total,_T,Total,UNE,Unemployment,2011,,7.645,,A,Normal value,,,1,One
DATAFLOW,OECD.ELS.SAE:DSD_LFS@DF_LFS_INDIC(1.1),Employment and unemployment by five-year age group and sex - indicators,I,IRL,Ireland,UNE_RATE,Unemployment rate,PT_LF_SUB,Percentage of labour force in the same subgroup,_T,Total,Y15T64,From 15 to 64 years,UNE,Unemployment,2011,,15.645,,A,Normal value,,,1,One
DATAFLOW,OECD.ELS.SAE:DSD_LFS@DF_LFS_INDIC(1.1),Employment and unemployment by five-year age group and sex - indicators,I,IRL,Ireland,UNE_RATE,Unemployment rate,PT_LF_SUB,Percentage of labour force in the same subgroup,_T,Total,_T,Total,UNE,Unemployment,2011,,15.332,,A,Normal value,,,1,One
DATAFLOW,OECD.ELS.SAE:DSD_LFS@DF_LFS_INDIC(1.1),Employment and unemployment by five-year age group and sex - indicators,I,ISR,Israel,UNE_RATE,Unemployment rate,PT_LF_SUB,Percentage of labour force in the same subgroup,_T,Total,Y15T64,From 15 to 64 years,UNE,Unemployment,2011,,7.232,,A,Normal value,,,1,One
DATAFLOW,OECD.ELS.SAE:DSD_LFS@DF_LFS_INDIC(1.1),Employment and unemployment by five-year age group and sex - indicators,I,ISR,Israel,UNE_RATE,Unemployment rate,PT_LF_SUB,Percentage of labour force in the same subgroup,_T,Total,_T,Total,UNE,Unemployment,2011,,7.131,,A,Normal value,,,1,One
DATAFLOW,OECD.ELS.SAE:DSD_LFS@DF_LFS_INDIC(1.1),Employment and unemployment by five-year age group and sex - indicators,I,KOR,Korea,UNE_RATE,Unemployment rate,PT_LF_SUB,Percentage of labour force in the same subgroup,_T,Total,Y15T64,From 15 to 64 years,UNE,Unemployment,2011,,3.478,,A,Normal value,,,1,One
DATAFLOW,OECD.ELS.SAE:DSD_LFS@DF_LFS_INDIC(1.1),Employment and unemployment by five-year age group and sex - indicators,I,LVA,Latvia,UNE_RATE,Unemployment rate,PT_LF_SUB,Percentage of labour force in the same subgroup,_T,Total,Y15T64,From 15 to 64 years,UNE,Unemployment,2011,,16.497,,A,Normal value,,,1,One
DATAFLOW,OECD.ELS.SAE:DSD_LFS@DF_LFS_INDIC(1.1),Employment and unemployment by five-year age group and sex - indicators,I,LVA,Latvia,UNE_RATE,Unemployment rate,PT_LF_SUB,Percentage of labour force in the same subgroup,_T,Total,_T,Total,UNE,Unemployment,2011,,16.199,,A,Normal value,,,1,One
DATAFLOW,OECD.ELS.SAE:DSD_LFS@DF_LFS_INDIC(1.1),Employment and unemployment by five-year age group and sex - indicators,I,LTU,Lithuania,UNE_RATE,Unemployment rate,PT_LF_SUB,Percentage of labour force in the same subgroup,_T,Total,_T,Total,UNE,Unemployment,2011,,15.385,,A,Normal value,,,1,One
DATAFLOW,OECD.ELS.SAE:DSD_LFS@DF_LFS_INDIC(1.1),Employment and unemployment by five-year age group and sex - indicators,I,LTU,Lithuania,UNE_RATE,Unemployment rate,PT_LF_SUB,Percentage of labour force in the same subgroup,_T,Total,Y15T64,From 15 to 64 years,UNE,Unemployment,2011,,15.664,,A,Normal value,,,1,One
DATAFLOW,OECD.ELS.SAE:DSD_LFS@DF_LFS_INDIC(1.1),Employment and unemployment by five-year age group and sex - indicators,I,LUX,Luxembourg,UNE_RATE,Unemployment rate,PT_LF_SUB,Percentage of labour force in the same subgroup,_T,Total,_T,Total,UNE,Unemployment,2011,,4.862,,A,Normal value,,,1,One
DATAFLOW,OECD.ELS.SAE:DSD_LFS@DF_LFS_INDIC(1.1),Employment and unemployment by five-year age group and sex - indicators,I,LUX,Luxembourg,UNE_RATE,Unemployment rate,PT_LF_SUB,Percentage of labour force in the same subgroup,_T,Total,Y15T64,From 15 to 64 years,UNE,Unemployment,2011,,4.894,,A,Normal value,,,1,One
DATAFLOW,OECD.ELS.SAE:DSD_LFS@DF_LFS_INDIC(1.1),Employment and unemployment by five-year age group and sex - indicators,I,MEX,Mexico,UNE_RATE,Unemployment rate,PT_LF_SUB,Percentage of labour force in the same subgroup,_T,Total,_T,Total,UNE,Unemployment,2011,,5.194,,A,Normal value,,,1,One
DATAFLOW,OECD.ELS.SAE:DSD_LFS@DF_LFS_INDIC(1.1),Employment and unemployment by five-year age group and sex - indicators,I,NLD,Netherlands,UNE_RATE,Unemployment rate,PT_LF_SUB,Percentage of labour force in the same subgroup,_T,Total,Y15T64,From 15 to 64 years,UNE,Unemployment,2011,,5.01,,A,Normal value,,,1,One
DATAFLOW,OECD.ELS.SAE:DSD_LFS@DF_LFS_INDIC(1.1),Employment and unemployment by five-year age group and sex - indicators,I,NLD,Netherlands,UNE_RATE,Unemployment rate,PT_LF_SUB,Percentage of labour force in the same subgroup,_T,Total,_T,Total,UNE,Unemployment,2011,,4.976,,A,Normal value,,,1,One
DATAFLOW,OECD.ELS.SAE:DSD_LFS@DF_LFS_INDIC(1.1),Employment and unemployment by five-year age group and sex - indicators,I,NZL,New Zealand,UNE_RATE,Unemployment rate,PT_LF_SUB,Percentage of labour force in the same subgroup,_T,Total,Y15T64,From 15 to 64 years,UNE,Unemployment,2011,,6.711,,A,Normal value,,,1,One
DATAFLOW,OECD.ELS.SAE:DSD_LFS@DF_LFS_INDIC(1.1),Employment and unemployment by five-year age group and sex - indicators,I,NZL,New Zealand,UNE_RATE,Unemployment rate,PT_LF_SUB,Percentage of labour force in the same subgroup,_T,Total,_T,Total,UNE,Unemployment,2011,,6.488,,A,Normal value,,,1,One
DATAFLOW,OECD.ELS.SAE:DSD_LFS@DF_LFS_INDIC(1.1),Employment and unemployment by five-year age group and sex - indicators,I,NOR,Norway,UNE_RATE,Unemployment rate,PT_LF_SUB,Percentage of labour force in the same subgroup,_T,Total,_T,Total,UNE,Unemployment,2011,,3.211,,A,Normal value,,,1,One
DATAFLOW,OECD.ELS.SAE:DSD_LFS@DF_LFS_INDIC(1.1),Employment and unemployment by five-year age group and sex - indicators,I,NOR,Norway,UNE_RATE,Unemployment rate,PT_LF_SUB,Percentage of labour force in the same subgroup,_T,Total,Y15T64,From 15 to 64 years,UNE,Unemployment,2011,,3.289,,A,Normal value,,,1,One
DATAFLOW,OECD.ELS.SAE:DSD_LFS@DF_LFS_INDIC(1.1),Employment and unemployment by five-year age group and sex - indicators,I,PRT,Portugal,UNE_RATE,Unemployment rate,PT_LF_SUB,Percentage of labour force in the same subgroup,_T,Total,Y15T64,From 15 to 64 years,UNE,Unemployment,2011,,13.742,,A,Normal value,,,1,One
DATAFLOW,OECD.ELS.SAE:DSD_LFS@DF_LFS_INDIC(1.1),Employment and unemployment by five-year age group and sex - indicators,I,PRT,Portugal,UNE_RATE,Unemployment rate,PT_LF_SUB,Percentage of labour force in the same subgroup,_T,Total,_T,Total,UNE,Unemployment,2011,,13.483,,A,Normal value,,,1,One
DATAFLOW,OECD.ELS.SAE:DSD_LFS@DF_LFS_INDIC(1.1),Employment and unemployment by five-year age group and sex - indicators,I,SVK,Slovak Republic,UNE_RATE,Unemployment rate,PT_LF_SUB,Percentage of labour force in the same subgroup,_T,Total,Y15T64,From 15 to 64 years,UNE,Unemployment,2011,,13.656,,A,Normal value,,,1,One
DATAFLOW,OECD.ELS.SAE:DSD_LFS@DF_LFS_INDIC(1.1),Employment and unemployment by five-year age group and sex - indicators,I,SVK,Slovak Republic,UNE_RATE,Unemployment rate,PT_LF_SUB,Percentage of labour force in the same subgroup,_T,Total,_T,Total,UNE,Unemployment,2011,,13.604,,A,Normal value,,,1,One
DATAFLOW,OECD.ELS.SAE:DSD_LFS@DF_LFS_INDIC(1.1),Employment and unemployment by five-year age group and sex - indicators,I,SVN,Slovenia,UNE_RATE,Unemployment rate,PT_LF_SUB,Percentage of labour force in the same subgroup,_T,Total,Y15T64,From 15 to 64 years,UNE,Unemployment,2011,,8.331,,A,Normal value,,,1,One
DATAFLOW,OECD.ELS.SAE:DSD_LFS@DF_LFS_INDIC(1.1),Employment and unemployment by five-year age group and sex - indicators,I,SVN,Slovenia,UNE_RATE,Unemployment rate,PT_LF_SUB,Percentage of labour force in the same subgroup,_T,Total,_T,Total,UNE,Unemployment,2011,,8.157,,A,Normal value,,,1,One
DATAFLOW,OECD.ELS.SAE:DSD_LFS@DF_LFS_INDIC(1.1),Employment and unemployment by five-year age group and sex - indicators,I,ESP,Spain,UNE_RATE,Unemployment rate,PT_LF_SUB,Percentage of labour force in the same subgroup,_T,Total,_T,Total,UNE,Unemployment,2011,,21.39,,A,Normal value,,,1,One
DATAFLOW,OECD.ELS.SAE:DSD_LFS@DF_LFS_INDIC(1.1),Employment and unemployment by five-year age group and sex - indicators,I,CHE,Switzerland,UNE_RATE,Unemployment rate,PT_LF_SUB,Percentage of labour force in the same subgroup,_T,Total,Y15T64,From 15 to 64 years,UNE,Unemployment,2011,,4.516,,A,Normal value,,,1,One
DATAFLOW,OECD.ELS.SAE:DSD_LFS@DF_LFS_INDIC(1.1),Employment and unemployment by five-year age group and sex - indicators,I,CHE,Switzerland,UNE_RATE,Unemployment rate,PT_LF_SUB,Percentage of labour force in the same subgroup,_T,Total,_T,Total,UNE,Unemployment,2011,,4.407,,A,Normal value,,,1,One
DATAFLOW,OECD.ELS.SAE:DSD_LFS@DF_LFS_INDIC(1.1),Employment and unemployment by five-year age group and sex - indicators,I,GBR,United Kingdom,UNE_RATE,Unemployment rate,PT_LF_SUB,Percentage of labour force in the same subgroup,_T,Total,Y15T64,From 15 to 64 years,UNE,Unemployment,2011,,8.156,,A,Normal value,,,1,One
DATAFLOW,OECD.ELS.SAE:DSD_LFS@DF_LFS_INDIC(1.1),Employment and unemployment by five-year age group and sex - indicators,I,EU27,European Union (27 countries),UNE_RATE,Unemployment rate,PT_LF_SUB,Percentage of labour force in the same subgroup,_T,Total,_T,Total,UNE,Unemployment,2011,,9.901,,A,Normal value,,,1,One
DATAFLOW,OECD.ELS.SAE:DSD_LFS@DF_LFS_INDIC(1.1),Employment and unemployment by five-year age group and sex - indicators,I,EU27,European Union (27 countries),UNE_RATE,Unemployment rate,PT_LF_SUB,Percentage of labour force in the same subgroup,_T,Total,Y15T64,From 15 to 64 years,UNE,Unemployment,2011,,10.038,,A,Normal value,,,1,One
DATAFLOW,OECD.ELS.SAE:DSD_LFS@DF_LFS_INDIC(1.1),Employment and unemployment by five-year age group and sex - indicators,I,EU19OECD,European Union (19 countries) in OECD,UNE_RATE,Unemployment rate,PT_LF_SUB,Percentage of labour force in the same subgroup,_T,Total,_T,Total,UNE,Unemployment,2011,,10.209,,A,Normal value,,,1,One
DATAFLOW,OECD.ELS.SAE:DSD_LFS@DF_LFS_INDIC(1.1),Employment and unemployment by five-year age group and sex - indicators,I,EU19OECD,European Union (19 countries) in OECD,UNE_RATE,Unemployment rate,PT_LF_SUB,Percentage of labour force in the same subgroup,_T,Total,Y15T64,From 15 to 64 years,UNE,Unemployment,2011,,10.332,,A,Normal value,,,1,One
DATAFLOW,OECD.ELS.SAE:DSD_LFS@DF_LFS_INDIC(1.1),Employment and unemployment by five-year age group and sex - indicators,I,OECD,OECD,UNE_RATE,Unemployment rate,PT_LF_SUB,Percentage of labour force in the same subgroup,_T,Total,_T,Total,UNE,Unemployment,2011,,8.146,,A,Normal value,,,1,One
DATAFLOW,OECD.ELS.SAE:DSD_LFS@DF_LFS_INDIC(1.1),Employment and unemployment by five-year age group and sex - indicators,I,OECD_REP,OECD average country,UNE_RATE,Unemployment rate,PT_LF_SUB,Percentage of labour force in the same subgroup,_T,Total,_T,Total,UNE,Unemployment,2011,,8.919,,A,Normal value,,,1,One
DATAFLOW,OECD.ELS.SAE:DSD_LFS@DF_LFS_INDIC(1.1),Employment and unemployment by five-year age group and sex - indicators,I,OECD_REP,OECD average country,UNE_RATE,Unemployment rate,PT_LF_SUB,Percentage of labour force in the same subgroup,_T,Total,Y15T64,From 15 to 64 years,UNE,Unemployment,2011,,9.069,,A,Normal value,,,1,One
DATAFLOW,OECD.ELS.SAE:DSD_LFS@DF_LFS_INDIC(1.1),Employment and unemployment by five-year age group and sex - indicators,I,BGR,Bulgaria,UNE_RATE,Unemployment rate,PT_LF_SUB,Percentage of labour force in the same subgroup,_T,Total,Y15T64,From 15 to 64 years,UNE,Unemployment,2011,,11.348,,A,Normal value,,,1,One
DATAFLOW,OECD.ELS.SAE:DSD_LFS@DF_LFS_INDIC(1.1),Employment and unemployment by five-year age group and sex - indicators,I,BGR,Bulgaria,UNE_RATE,Unemployment rate,PT_LF_SUB,Percentage of labour force in the same subgroup,_T,Total,_T,Total,UNE,Unemployment,2011,,11.257,,A,Normal value,,,1,One
DATAFLOW,OECD.ELS.SAE:DSD_LFS@DF_LFS_INDIC(1.1),Employment and unemployment by five-year age group and sex - indicators,I,HRV,Croatia,UNE_RATE,Unemployment rate,PT_LF_SUB,Percentage of labour force in the same subgroup,_T,Total,_T,Total,UNE,Unemployment,2011,,13.493,,A,Normal value,,,1,One
DATAFLOW,OECD.ELS.SAE:DSD_LFS@DF_LFS_INDIC(1.1),Employment and unemployment by five-year age group and sex - indicators,I,HRV,Croatia,UNE_RATE,Unemployment rate,PT_LF_SUB,Percentage of labour force in the same subgroup,_T,Total,Y15T64,From 15 to 64 years,UNE,Unemployment,2011,,13.764,,A,Normal value,,,1,One
DATAFLOW,OECD.ELS.SAE:DSD_LFS@DF_LFS_INDIC(1.1),Employment and unemployment by five-year age group and sex - indicators,I,CYP,Cyprus,UNE_RATE,Unemployment rate,PT_LF_SUB,Percentage of labour force in the same subgroup,_T,Total,_T,Total,UNE,Unemployment,2011,,7.835,,A,Normal value,,,1,One
DATAFLOW,OECD.ELS.SAE:DSD_LFS@DF_LFS_INDIC(1.1),Employment and unemployment by five-year age group and sex - indicators,I,CYP,Cyprus,UNE_RATE,Unemployment rate,PT_LF_SUB,Percentage of labour force in the same subgroup,_T,Total,Y15T64,From 15 to 64 years,UNE,Unemployment,2011,,8.042,,A,Normal value,,,1,One
DATAFLOW,OECD.ELS.SAE:DSD_LFS@DF_LFS_INDIC(1.1),Employment and unemployment by five-year age group and sex - indicators,I,MLT,Malta,UNE_RATE,Unemployment rate,PT_LF_SUB,Percentage of labour force in the same subgroup,_T,Total,_T,Total,UNE,Unemployment,2011,,6.326,,A,Normal value,,,1,One
DATAFLOW,OECD.ELS.SAE:DSD_LFS@DF_LFS_INDIC(1.1),Employment and unemployment by five-year age group and sex - indicators,I,MLT,Malta,UNE_RATE,Unemployment rate,PT_LF_SUB,Percentage of labour force in the same subgroup,_T,Total,Y15T64,From 15 to 64 years,UNE,Unemployment,2011,,6.391,,A,Normal value,,,1,One
DATAFLOW,OECD.ELS.SAE:DSD_LFS@DF_LFS_INDIC(1.1),Employment and unemployment by five-year age group and sex - indicators,I,MKD,North Macedonia,UNE_RATE,Unemployment rate,PT_LF_SUB,Percentage of labour force in the same subgroup,_T,Total,Y15T64,From 15 to 64 years,UNE,Unemployment,2011,,31.55,,A,Normal value,,,1,One
DATAFLOW,OECD.ELS.SAE:DSD_LFS@DF_LFS_INDIC(1.1),Employment and unemployment by five-year age group and sex - indicators,I,MKD,North Macedonia,UNE_RATE,Unemployment rate,PT_LF_SUB,Percentage of labour force in the same subgroup,_T,Total,_T,Total,UNE,Unemployment,2011,,31.374,,A,Normal value,,,1,One
DATAFLOW,OECD.ELS.SAE:DSD_LFS@DF_LFS_INDIC(1.1),Employment and unemployment by five-year age group and sex - indicators,I,PER,Peru,UNE_RATE,Unemployment rate,PT_LF_SUB,Percentage of labour force in the same subgroup,_T,Total,_T,Total,UNE,Unemployment,2011,,3.871,,A,Normal value,,,1,One
DATAFLOW,OECD.ELS.SAE:DSD_LFS@DF_LFS_INDIC(1.1),Employment and unemployment by five-year age group and sex - indicators,I,PER,Peru,UNE_RATE,Unemployment rate,PT_LF_SUB,Percentage of labour force in the same subgroup,_T,Total,Y15T64,From 15 to 64 years,UNE,Unemployment,2011,,3.987,,A,Normal value,,,1,One
DATAFLOW,OECD.ELS.SAE:DSD_LFS@DF_LFS_INDIC(1.1),Employment and unemployment by five-year age group and sex - indicators,I,ROU,Romania,UNE_RATE,Unemployment rate,PT_LF_SUB,Percentage of labour force in the same subgroup,_T,Total,_T,Total,UNE,Unemployment,2011,,7.176,,A,Normal value,,,1,One
DATAFLOW,OECD.ELS.SAE:DSD_LFS@DF_LFS_INDIC(1.1),Employment and unemployment by five-year age group and sex - indicators,I,ROU,Romania,UNE_RATE,Unemployment rate,PT_LF_SUB,Percentage of labour force in the same subgroup,_T,Total,Y15T64,From 15 to 64 years,UNE,Unemployment,2011,,7.491,,A,Normal value,,,1,One
DATAFLOW,OECD.ELS.SAE:DSD_LFS@DF_LFS_INDIC(1.1),Employment and unemployment by five-year age group and sex - indicators,I,ZAF,South Africa,UNE_RATE,Unemployment rate,PT_LF_SUB,Percentage of labour force in the same subgroup,_T,Total,Y15T64,From 15 to 64 years,UNE,Unemployment,2011,,24.784,,A,Normal value,,,1,One
DATAFLOW,OECD.ELS.SAE:DSD_LFS@DF_LFS_INDIC(1.1),Employment and unemployment by five-year age group and sex - indicators,I,THA,Thailand,UNE_RATE,Unemployment rate,PT_LF_SUB,Percentage of labour force in the same subgroup,_T,Total,_T,Total,UNE,Unemployment,2011,,0.772,,A,Normal value,,,1,One
DATAFLOW,OECD.ELS.SAE:DSD_LFS@DF_LFS_INDIC(1.1),Employment and unemployment by five-year age group and sex - indicators,I,THA,Thailand,UNE_RATE,Unemployment rate,PT_LF_SUB,Percentage of labour force in the same subgroup,_T,Total,Y15T64,From 15 to 64 years,UNE,Unemployment,2011,,0.785,,A,Normal value,,,1,One
DATAFLOW,OECD.ELS.SAE:DSD_LFS@DF_LFS_INDIC(1.1),Employment and unemployment by five-year age group and sex - indicators,I,AUS,Australia,UNE_RATE,Unemployment rate,PT_LF_SUB,Percentage of labour force in the same subgroup,_T,Total,Y15T64,From 15 to 64 years,UNE,Unemployment,2010,,5.315,,A,Normal value,,,1,One
DATAFLOW,OECD.ELS.SAE:DSD_LFS@DF_LFS_INDIC(1.1),Employment and unemployment by five-year age group and sex - indicators,I,AUS,Australia,UNE_RATE,Unemployment rate,PT_LF_SUB,Percentage of labour force in the same subgroup,_T,Total,_T,Total,UNE,Unemployment,2010,,5.213,,A,Normal value,,,1,One
DATAFLOW,OECD.ELS.SAE:DSD_LFS@DF_LFS_INDIC(1.1),Employment and unemployment by five-year age group and sex - indicators,I,AUT,Austria,UNE_RATE,Unemployment rate,PT_LF_SUB,Percentage of labour force in the same subgroup,_T,Total,_T,Total,UNE,Unemployment,2010,,4.818,,A,Normal value,,,1,One
DATAFLOW,OECD.ELS.SAE:DSD_LFS@DF_LFS_INDIC(1.1),Employment and unemployment by five-year age group and sex - indicators,I,AUT,Austria,UNE_RATE,Unemployment rate,PT_LF_SUB,Percentage of labour force in the same subgroup,_T,Total,Y15T64,From 15 to 64 years,UNE,Unemployment,2010,,4.897,,A,Normal value,,,1,One
DATAFLOW,OECD.ELS.SAE:DSD_LFS@DF_LFS_INDIC(1.1),Employment and unemployment by five-year age group and sex - indicators,I,BEL,Belgium,UNE_RATE,Unemployment rate,PT_LF_SUB,Percentage of labour force in the same subgroup,_T,Total,Y15T64,From 15 to 64 years,UNE,Unemployment,2010,,8.349,,A,Normal value,,,1,One
DATAFLOW,OECD.ELS.SAE:DSD_LFS@DF_LFS_INDIC(1.1),Employment and unemployment by five-year age group and sex - indicators,I,BEL,Belgium,UNE_RATE,Unemployment rate,PT_LF_SUB,Percentage of labour force in the same subgroup,_T,Total,_T,Total,UNE,Unemployment,2010,,8.291,,A,Normal value,,,1,One
DATAFLOW,OECD.ELS.SAE:DSD_LFS@DF_LFS_INDIC(1.1),Employment and unemployment by five-year age group and sex - indicators,I,CHL,Chile,UNE_RATE,Unemployment rate,PT_LF_SUB,Percentage of labour force in the same subgroup,_T,Total,_T,Total,UNE,Unemployment,2010,,8.282,,A,Normal value,,,1,One
DATAFLOW,OECD.ELS.SAE:DSD_LFS@DF_LFS_INDIC(1.1),Employment and unemployment by five-year age group and sex - indicators,I,CHL,Chile,UNE_RATE,Unemployment rate,PT_LF_SUB,Percentage of labour force in the same subgroup,_T,Total,Y15T64,From 15 to 64 years,UNE,Unemployment,2010,,8.509,,A,Normal value,,,1,One
DATAFLOW,OECD.ELS.SAE:DSD_LFS@DF_LFS_INDIC(1.1),Employment and unemployment by five-year age group and sex - indicators,I,CRI,Costa Rica,UNE_RATE,Unemployment rate,PT_LF_SUB,Percentage of labour force in the same subgroup,_T,Total,_T,Total,UNE,Unemployment,2010,,8.913,,A,Normal value,,,1,One
DATAFLOW,OECD.ELS.SAE:DSD_LFS@DF_LFS_INDIC(1.1),Employment and unemployment by five-year age group and sex - indicators,I,CRI,Costa Rica,UNE_RATE,Unemployment rate,PT_LF_SUB,Percentage of labour force in the same subgroup,_T,Total,Y15T64,From 15 to 64 years,UNE,Unemployment,2010,,9.065,,A,Normal value,,,1,One
DATAFLOW,OECD.ELS.SAE:DSD_LFS@DF_LFS_INDIC(1.1),Employment and unemployment by five-year age group and sex - indicators,I,CZE,Czechia,UNE_RATE,Unemployment rate,PT_LF_SUB,Percentage of labour force in the same subgroup,_T,Total,_T,Total,UNE,Unemployment,2010,,7.28,,A,Normal value,,,1,One
DATAFLOW,OECD.ELS.SAE:DSD_LFS@DF_LFS_INDIC(1.1),Employment and unemployment by five-year age group and sex - indicators,I,CZE,Czechia,UNE_RATE,Unemployment rate,PT_LF_SUB,Percentage of labour force in the same subgroup,_T,Total,Y15T64,From 15 to 64 years,UNE,Unemployment,2010,,7.366,,A,Normal value,,,1,One
DATAFLOW,OECD.ELS.SAE:DSD_LFS@DF_LFS_INDIC(1.1),Employment and unemployment by five-year age group and sex - indicators,I,DNK,Denmark,UNE_RATE,Unemployment rate,PT_LF_SUB,Percentage of labour force in the same subgroup,_T,Total,Y15T64,From 15 to 64 years,UNE,Unemployment,2010,,7.76,,A,Normal value,,,1,One
DATAFLOW,OECD.ELS.SAE:DSD_LFS@DF_LFS_INDIC(1.1),Employment and unemployment by five-year age group and sex - indicators,I,DNK,Denmark,UNE_RATE,Unemployment rate,PT_LF_SUB,Percentage of labour force in the same subgroup,_T,Total,_T,Total,UNE,Unemployment,2010,,7.595,,A,Normal value,,,1,One
DATAFLOW,OECD.ELS.SAE:DSD_LFS@DF_LFS_INDIC(1.1),Employment and unemployment by five-year age group and sex - indicators,I,EST,Estonia,UNE_RATE,Unemployment rate,PT_LF_SUB,Percentage of labour force in the same subgroup,_T,Total,_T,Total,UNE,Unemployment,2010,,16.642,,A,Normal value,,,1,One
DATAFLOW,OECD.ELS.SAE:DSD_LFS@DF_LFS_INDIC(1.1),Employment and unemployment by five-year age group and sex - indicators,I,EST,Estonia,UNE_RATE,Unemployment rate,PT_LF_SUB,Percentage of labour force in the same subgroup,_T,Total,Y15T64,From 15 to 64 years,UNE,Unemployment,2010,,17.057,,A,Normal value,,,1,One
DATAFLOW,OECD.ELS.SAE:DSD_LFS@DF_LFS_INDIC(1.1),Employment and unemployment by five-year age group and sex - indicators,I,GRC,Greece,UNE_RATE,Unemployment rate,PT_LF_SUB,Percentage of labour force in the same subgroup,_T,Total,_T,Total,UNE,Unemployment,2010,,12.712,,A,Normal value,,,1,One
DATAFLOW,OECD.ELS.SAE:DSD_LFS@DF_LFS_INDIC(1.1),Employment and unemployment by five-year age group and sex - indicators,I,GRC,Greece,UNE_RATE,Unemployment rate,PT_LF_SUB,Percentage of labour force in the same subgroup,_T,Total,Y15T64,From 15 to 64 years,UNE,Unemployment,2010,,12.906,,A,Normal value,,,1,One
DATAFLOW,OECD.ELS.SAE:DSD_LFS@DF_LFS_INDIC(1.1),Employment and unemployment by five-year age group and sex - indicators,I,HUN,Hungary,UNE_RATE,Unemployment rate,PT_LF_SUB,Percentage of labour force in the same subgroup,_T,Total,Y15T64,From 15 to 64 years,UNE,Unemployment,2010,,10.873,,A,Normal value,,,1,One
DATAFLOW,OECD.ELS.SAE:DSD_LFS@DF_LFS_INDIC(1.1),Employment and unemployment by five-year age group and sex - indicators,I,HUN,Hungary,UNE_RATE,Unemployment rate,PT_LF_SUB,Percentage of labour force in the same subgroup,_T,Total,_T,Total,UNE,Unemployment,2010,,10.799,,A,Normal value,,,1,One
DATAFLOW,OECD.ELS.SAE:DSD_LFS@DF_LFS_INDIC(1.1),Employment and unemployment by five-year age group and sex - indicators,I,ISL,Iceland,UNE_RATE,Unemployment rate,PT_LF_SUB,Percentage of labour force in the same subgroup,_T,Total,_T,Total,UNE,Unemployment,2010,,8.275,,A,Normal value,,,1,One
DATAFLOW,OECD.ELS.SAE:DSD_LFS@DF_LFS_INDIC(1.1),Employment and unemployment by five-year age group and sex - indicators,I,ISL,Iceland,UNE_RATE,Unemployment rate,PT_LF_SUB,Percentage of labour force in the same subgroup,_T,Total,Y15T64,From 15 to 64 years,UNE,Unemployment,2010,,8.47,,A,Normal value,,,1,One
DATAFLOW,OECD.ELS.SAE:DSD_LFS@DF_LFS_INDIC(1.1),Employment and unemployment by five-year age group and sex - indicators,I,IRL,Ireland,UNE_RATE,Unemployment rate,PT_LF_SUB,Percentage of labour force in the same subgroup,_T,Total,_T,Total,UNE,Unemployment,2010,,14.447,,A,Normal value,,,1,One
DATAFLOW,OECD.ELS.SAE:DSD_LFS@DF_LFS_INDIC(1.1),Employment and unemployment by five-year age group and sex - indicators,I,IRL,Ireland,UNE_RATE,Unemployment rate,PT_LF_SUB,Percentage of labour force in the same subgroup,_T,Total,Y15T64,From 15 to 64 years,UNE,Unemployment,2010,,14.726,,A,Normal value,,,1,One
DATAFLOW,OECD.ELS.SAE:DSD_LFS@DF_LFS_INDIC(1.1),Employment and unemployment by five-year age group and sex - indicators,I,ISR,Israel,UNE_RATE,Unemployment rate,PT_LF_SUB,Percentage of labour force in the same subgroup,_T,Total,_T,Total,UNE,Unemployment,2010,,8.457,,A,Normal value,,,1,One
DATAFLOW,OECD.ELS.SAE:DSD_LFS@DF_LFS_INDIC(1.1),Employment and unemployment by five-year age group and sex - indicators,I,ISR,Israel,UNE_RATE,Unemployment rate,PT_LF_SUB,Percentage of labour force in the same subgroup,_T,Total,Y15T64,From 15 to 64 years,UNE,Unemployment,2010,,8.59,,A,Normal value,,,1,One
DATAFLOW,OECD.ELS.SAE:DSD_LFS@DF_LFS_INDIC(1.1),Employment and unemployment by five-year age group and sex - indicators,I,ITA,Italy,UNE_RATE,Unemployment rate,PT_LF_SUB,Percentage of labour force in the same subgroup,_T,Total,Y15T64,From 15 to 64 years,UNE,Unemployment,2010,,8.475,,A,Normal value,,,1,One
DATAFLOW,OECD.ELS.SAE:DSD_LFS@DF_LFS_INDIC(1.1),Employment and unemployment by five-year age group and sex - indicators,I,ITA,Italy,UNE_RATE,Unemployment rate,PT_LF_SUB,Percentage of labour force in the same subgroup,_T,Total,_T,Total,UNE,Unemployment,2010,,8.362,,A,Normal value,,,1,One
DATAFLOW,OECD.ELS.SAE:DSD_LFS@DF_LFS_INDIC(1.1),Employment and unemployment by five-year age group and sex - indicators,I,LVA,Latvia,UNE_RATE,Unemployment rate,PT_LF_SUB,Percentage of labour force in the same subgroup,_T,Total,_T,Total,UNE,Unemployment,2010,,19.475,,A,Normal value,,,1,One
DATAFLOW,OECD.ELS.SAE:DSD_LFS@DF_LFS_INDIC(1.1),Employment and unemployment by five-year age group and sex - indicators,I,LVA,Latvia,UNE_RATE,Unemployment rate,PT_LF_SUB,Percentage of labour force in the same subgroup,_T,Total,Y15T64,From 15 to 64 years,UNE,Unemployment,2010,,19.804,,A,Normal value,,,1,One
DATAFLOW,OECD.ELS.SAE:DSD_LFS@DF_LFS_INDIC(1.1),Employment and unemployment by five-year age group and sex - indicators,I,LTU,Lithuania,UNE_RATE,Unemployment rate,PT_LF_SUB,Percentage of labour force in the same subgroup,_T,Total,Y15T64,From 15 to 64 years,UNE,Unemployment,2010,,18.061,,A,Normal value,,,1,One
DATAFLOW,OECD.ELS.SAE:DSD_LFS@DF_LFS_INDIC(1.1),Employment and unemployment by five-year age group and sex - indicators,I,LTU,Lithuania,UNE_RATE,Unemployment rate,PT_LF_SUB,Percentage of labour force in the same subgroup,_T,Total,_T,Total,UNE,Unemployment,2010,,17.809,,A,Normal value,,,1,One
DATAFLOW,OECD.ELS.SAE:DSD_LFS@DF_LFS_INDIC(1.1),Employment and unemployment by five-year age group and sex - indicators,I,LUX,Luxembourg,UNE_RATE,Unemployment rate,PT_LF_SUB,Percentage of labour force in the same subgroup,_T,Total,Y15T64,From 15 to 64 years,UNE,Unemployment,2010,,4.359,,A,Normal value,,,1,One
DATAFLOW,OECD.ELS.SAE:DSD_LFS@DF_LFS_INDIC(1.1),Employment and unemployment by five-year age group and sex - indicators,I,LUX,Luxembourg,UNE_RATE,Unemployment rate,PT_LF_SUB,Percentage of labour force in the same subgroup,_T,Total,_T,Total,UNE,Unemployment,2010,,4.323,,A,Normal value,,,1,One
DATAFLOW,OECD.ELS.SAE:DSD_LFS@DF_LFS_INDIC(1.1),Employment and unemployment by five-year age group and sex - indicators,I,NLD,Netherlands,UNE_RATE,Unemployment rate,PT_LF_SUB,Percentage of labour force in the same subgroup,_T,Total,_T,Total,UNE,Unemployment,2010,,4.988,,A,Normal value,,,1,One
DATAFLOW,OECD.ELS.SAE:DSD_LFS@DF_LFS_INDIC(1.1),Employment and unemployment by five-year age group and sex - indicators,I,NLD,Netherlands,UNE_RATE,Unemployment rate,PT_LF_SUB,Percentage of labour force in the same subgroup,_T,Total,Y15T64,From 15 to 64 years,UNE,Unemployment,2010,,5.033,,A,Normal value,,,1,One
DATAFLOW,OECD.ELS.SAE:DSD_LFS@DF_LFS_INDIC(1.1),Employment and unemployment by five-year age group and sex - indicators,I,NZL,New Zealand,UNE_RATE,Unemployment rate,PT_LF_SUB,Percentage of labour force in the same subgroup,_T,Total,_T,Total,UNE,Unemployment,2010,,6.551,,A,Normal value,,,1,One
DATAFLOW,OECD.ELS.SAE:DSD_LFS@DF_LFS_INDIC(1.1),Employment and unemployment by five-year age group and sex - indicators,I,NZL,New Zealand,UNE_RATE,Unemployment rate,PT_LF_SUB,Percentage of labour force in the same subgroup,_T,Total,Y15T64,From 15 to 64 years,UNE,Unemployment,2010,,6.74,,A,Normal value,,,1,One
DATAFLOW,OECD.ELS.SAE:DSD_LFS@DF_LFS_INDIC(1.1),Employment and unemployment by five-year age group and sex - indicators,I,NOR,Norway,UNE_RATE,Unemployment rate,PT_LF_SUB,Percentage of labour force in the same subgroup,_T,Total,Y15T64,From 15 to 64 years,UNE,Unemployment,2010,,3.595,,A,Normal value,,,1,One
DATAFLOW,OECD.ELS.SAE:DSD_LFS@DF_LFS_INDIC(1.1),Employment and unemployment by five-year age group and sex - indicators,I,NOR,Norway,UNE_RATE,Unemployment rate,PT_LF_SUB,Percentage of labour force in the same subgroup,_T,Total,_T,Total,UNE,Unemployment,2010,,3.517,,A,Normal value,,,1,One
DATAFLOW,OECD.ELS.SAE:DSD_LFS@DF_LFS_INDIC(1.1),Employment and unemployment by five-year age group and sex - indicators,I,PRT,Portugal,UNE_RATE,Unemployment rate,PT_LF_SUB,Percentage of labour force in the same subgroup,_T,Total,_T,Total,UNE,Unemployment,2010,,10.768,,A,Normal value,,,1,One
DATAFLOW,OECD.ELS.SAE:DSD_LFS@DF_LFS_INDIC(1.1),Employment and unemployment by five-year age group and sex - indicators,I,PRT,Portugal,UNE_RATE,Unemployment rate,PT_LF_SUB,Percentage of labour force in the same subgroup,_T,Total,Y15T64,From 15 to 64 years,UNE,Unemployment,2010,,11.41,,A,Normal value,,,1,One
DATAFLOW,OECD.ELS.SAE:DSD_LFS@DF_LFS_INDIC(1.1),Employment and unemployment by five-year age group and sex - indicators,I,SVK,Slovak Republic,UNE_RATE,Unemployment rate,PT_LF_SUB,Percentage of labour force in the same subgroup,_T,Total,_T,Total,UNE,Unemployment,2010,,14.37,,A,Normal value,,,1,One
DATAFLOW,OECD.ELS.SAE:DSD_LFS@DF_LFS_INDIC(1.1),Employment and unemployment by five-year age group and sex - indicators,I,SVK,Slovak Republic,UNE_RATE,Unemployment rate,PT_LF_SUB,Percentage of labour force in the same subgroup,_T,Total,Y15T64,From 15 to 64 years,UNE,Unemployment,2010,,14.411,,A,Normal value,,,1,One
DATAFLOW,OECD.ELS.SAE:DSD_LFS@DF_LFS_INDIC(1.1),Employment and unemployment by five-year age group and sex - indicators,I,SVN,Slovenia,UNE_RATE,Unemployment rate,PT_LF_SUB,Percentage of labour force in the same subgroup,_T,Total,_T,Total,UNE,Unemployment,2010,,7.229,,A,Normal value,,,1,One
DATAFLOW,OECD.ELS.SAE:DSD_LFS@DF_LFS_INDIC(1.1),Employment and unemployment by five-year age group and sex - indicators,I,SVN,Slovenia,UNE_RATE,Unemployment rate,PT_LF_SUB,Percentage of labour force in the same subgroup,_T,Total,Y15T64,From 15 to 64 years,UNE,Unemployment,2010,,7.404,,A,Normal value,,,1,One
DATAFLOW,OECD.ELS.SAE:DSD_LFS@DF_LFS_INDIC(1.1),Employment and unemployment by five-year age group and sex - indicators,I,CHE,Switzerland,UNE_RATE,Unemployment rate,PT_LF_SUB,Percentage of labour force in the same subgroup,_T,Total,_T,Total,UNE,Unemployment,2010,,4.806,,A,Normal value,,,1,One
DATAFLOW,OECD.ELS.SAE:DSD_LFS@DF_LFS_INDIC(1.1),Employment and unemployment by five-year age group and sex - indicators,I,CHE,Switzerland,UNE_RATE,Unemployment rate,PT_LF_SUB,Percentage of labour force in the same subgroup,_T,Total,Y15T64,From 15 to 64 years,UNE,Unemployment,2010,,4.921,,A,Normal value,,,1,One
DATAFLOW,OECD.ELS.SAE:DSD_LFS@DF_LFS_INDIC(1.1),Employment and unemployment by five-year age group and sex - indicators,I,GBR,United Kingdom,UNE_RATE,Unemployment rate,PT_LF_SUB,Percentage of labour force in the same subgroup,_T,Total,_T,Total,UNE,Unemployment,2010,,7.631,,A,Normal value,,,1,One
DATAFLOW,OECD.ELS.SAE:DSD_LFS@DF_LFS_INDIC(1.1),Employment and unemployment by five-year age group and sex - indicators,I,EU27,European Union (27 countries),UNE_RATE,Unemployment rate,PT_LF_SUB,Percentage of labour force in the same subgroup,_T,Total,Y15T64,From 15 to 64 years,UNE,Unemployment,2010,,10.001,,A,Normal value,,,1,One
DATAFLOW,OECD.ELS.SAE:DSD_LFS@DF_LFS_INDIC(1.1),Employment and unemployment by five-year age group and sex - indicators,I,EU27,European Union (27 countries),UNE_RATE,Unemployment rate,PT_LF_SUB,Percentage of labour force in the same subgroup,_T,Total,_T,Total,UNE,Unemployment,2010,,9.863,,A,Normal value,,,1,One
DATAFLOW,OECD.ELS.SAE:DSD_LFS@DF_LFS_INDIC(1.1),Employment and unemployment by five-year age group and sex - indicators,I,EU19OECD,European Union (19 countries) in OECD,UNE_RATE,Unemployment rate,PT_LF_SUB,Percentage of labour force in the same subgroup,_T,Total,Y15T64,From 15 to 64 years,UNE,Unemployment,2010,,10.296,,A,Normal value,,,1,One
DATAFLOW,OECD.ELS.SAE:DSD_LFS@DF_LFS_INDIC(1.1),Employment and unemployment by five-year age group and sex - indicators,I,EU19OECD,European Union (19 countries) in OECD,UNE_RATE,Unemployment rate,PT_LF_SUB,Percentage of labour force in the same subgroup,_T,Total,_T,Total,UNE,Unemployment,2010,,10.168,,A,Normal value,,,1,One
DATAFLOW,OECD.ELS.SAE:DSD_LFS@DF_LFS_INDIC(1.1),Employment and unemployment by five-year age group and sex - indicators,I,OECD,OECD,UNE_RATE,Unemployment rate,PT_LF_SUB,Percentage of labour force in the same subgroup,_T,Total,_T,Total,UNE,Unemployment,2010,,8.521,,A,Normal value,,,1,One
DATAFLOW,OECD.ELS.SAE:DSD_LFS@DF_LFS_INDIC(1.1),Employment and unemployment by five-year age group and sex - indicators,I,OECD,OECD,UNE_RATE,Unemployment rate,PT_LF_SUB,Percentage of labour force in the same subgroup,_T,Total,Y15T64,From 15 to 64 years,UNE,Unemployment,2010,,8.715,,A,Normal value,,,1,One
DATAFLOW,OECD.ELS.SAE:DSD_LFS@DF_LFS_INDIC(1.1),Employment and unemployment by five-year age group and sex - indicators,I,OECD_REP,OECD average country,UNE_RATE,Unemployment rate,PT_LF_SUB,Percentage of labour force in the same subgroup,_T,Total,Y15T64,From 15 to 64 years,UNE,Unemployment,2010,,9.378,,A,Normal value,,,1,One
DATAFLOW,OECD.ELS.SAE:DSD_LFS@DF_LFS_INDIC(1.1),Employment and unemployment by five-year age group and sex - indicators,I,OECD_REP,OECD average country,UNE_RATE,Unemployment rate,PT_LF_SUB,Percentage of labour force in the same subgroup,_T,Total,_T,Total,UNE,Unemployment,2010,,9.212,,A,Normal value,,,1,One
DATAFLOW,OECD.ELS.SAE:DSD_LFS@DF_LFS_INDIC(1.1),Employment and unemployment by five-year age group and sex - indicators,I,BGR,Bulgaria,UNE_RATE,Unemployment rate,PT_LF_SUB,Percentage of labour force in the same subgroup,_T,Total,_T,Total,UNE,Unemployment,2010,,10.277,,A,Normal value,,,1,One
DATAFLOW,OECD.ELS.SAE:DSD_LFS@DF_LFS_INDIC(1.1),Employment and unemployment by five-year age group and sex - indicators,I,BGR,Bulgaria,UNE_RATE,Unemployment rate,PT_LF_SUB,Percentage of labour force in the same subgroup,_T,Total,Y15T64,From 15 to 64 years,UNE,Unemployment,2010,,10.343,,A,Normal value,,,1,One
DATAFLOW,OECD.ELS.SAE:DSD_LFS@DF_LFS_INDIC(1.1),Employment and unemployment by five-year age group and sex - indicators,I,HRV,Croatia,UNE_RATE,Unemployment rate,PT_LF_SUB,Percentage of labour force in the same subgroup,_T,Total,Y15T64,From 15 to 64 years,UNE,Unemployment,2010,,11.884,,A,Normal value,,,1,One
DATAFLOW,OECD.ELS.SAE:DSD_LFS@DF_LFS_INDIC(1.1),Employment and unemployment by five-year age group and sex - indicators,I,HRV,Croatia,UNE_RATE,Unemployment rate,PT_LF_SUB,Percentage of labour force in the same subgroup,_T,Total,_T,Total,UNE,Unemployment,2010,,11.639,,A,Normal value,,,1,One
DATAFLOW,OECD.ELS.SAE:DSD_LFS@DF_LFS_INDIC(1.1),Employment and unemployment by five-year age group and sex - indicators,I,CYP,Cyprus,UNE_RATE,Unemployment rate,PT_LF_SUB,Percentage of labour force in the same subgroup,_T,Total,Y15T64,From 15 to 64 years,UNE,Unemployment,2010,,6.434,,A,Normal value,,,1,One
DATAFLOW,OECD.ELS.SAE:DSD_LFS@DF_LFS_INDIC(1.1),Employment and unemployment by five-year age group and sex - indicators,I,CYP,Cyprus,UNE_RATE,Unemployment rate,PT_LF_SUB,Percentage of labour force in the same subgroup,_T,Total,_T,Total,UNE,Unemployment,2010,,6.244,,A,Normal value,,,1,One
DATAFLOW,OECD.ELS.SAE:DSD_LFS@DF_LFS_INDIC(1.1),Employment and unemployment by five-year age group and sex - indicators,I,MLT,Malta,UNE_RATE,Unemployment rate,PT_LF_SUB,Percentage of labour force in the same subgroup,_T,Total,Y15T64,From 15 to 64 years,UNE,Unemployment,2010,,6.879,,A,Normal value,,,1,One
DATAFLOW,OECD.ELS.SAE:DSD_LFS@DF_LFS_INDIC(1.1),Employment and unemployment by five-year age group and sex - indicators,I,MLT,Malta,UNE_RATE,Unemployment rate,PT_LF_SUB,Percentage of labour force in the same subgroup,_T,Total,_T,Total,UNE,Unemployment,2010,,6.802,,A,Normal value,,,1,One
DATAFLOW,OECD.ELS.SAE:DSD_LFS@DF_LFS_INDIC(1.1),Employment and unemployment by five-year age group and sex - indicators,I,MKD,North Macedonia,UNE_RATE,Unemployment rate,PT_LF_SUB,Percentage of labour force in the same subgroup,_T,Total,_T,Total,UNE,Unemployment,2010,,32.017,,A,Normal value,,,1,One
DATAFLOW,OECD.ELS.SAE:DSD_LFS@DF_LFS_INDIC(1.1),Employment and unemployment by five-year age group and sex - indicators,I,MKD,North Macedonia,UNE_RATE,Unemployment rate,PT_LF_SUB,Percentage of labour force in the same subgroup,_T,Total,Y15T64,From 15 to 64 years,UNE,Unemployment,2010,,32.244,,A,Normal value,,,1,One
DATAFLOW,OECD.ELS.SAE:DSD_LFS@DF_LFS_INDIC(1.1),Employment and unemployment by five-year age group and sex - indicators,I,PER,Peru,UNE_RATE,Unemployment rate,PT_LF_SUB,Percentage of labour force in the same subgroup,_T,Total,Y15T64,From 15 to 64 years,UNE,Unemployment,2010,,4.148,,A,Normal value,,,1,One
DATAFLOW,OECD.ELS.SAE:DSD_LFS@DF_LFS_INDIC(1.1),Employment and unemployment by five-year age group and sex - indicators,I,PER,Peru,UNE_RATE,Unemployment rate,PT_LF_SUB,Percentage of labour force in the same subgroup,_T,Total,_T,Total,UNE,Unemployment,2010,,3.986,,A,Normal value,,,1,One
DATAFLOW,OECD.ELS.SAE:DSD_LFS@DF_LFS_INDIC(1.1),Employment and unemployment by five-year age group and sex - indicators,I,ROU,Romania,UNE_RATE,Unemployment rate,PT_LF_SUB,Percentage of labour force in the same subgroup,_T,Total,Y15T64,From 15 to 64 years,UNE,Unemployment,2010,,7.269,,A,Normal value,,,1,One
DATAFLOW,OECD.ELS.SAE:DSD_LFS@DF_LFS_INDIC(1.1),Employment and unemployment by five-year age group and sex - indicators,I,ROU,Romania,UNE_RATE,Unemployment rate,PT_LF_SUB,Percentage of labour force in the same subgroup,_T,Total,_T,Total,UNE,Unemployment,2010,,6.958,,A,Normal value,,,1,One
DATAFLOW,OECD.ELS.SAE:DSD_LFS@DF_LFS_INDIC(1.1),Employment and unemployment by five-year age group and sex - indicators,I,THA,Thailand,UNE_RATE,Unemployment rate,PT_LF_SUB,Percentage of labour force in the same subgroup,_T,Total,Y15T64,From 15 to 64 years,UNE,Unemployment,2010,,0.644,,A,Normal value,,,1,One
DATAFLOW,OECD.ELS.SAE:DSD_LFS@DF_LFS_INDIC(1.1),Employment and unemployment by five-year age group and sex - indicators,I,THA,Thailand,UNE_RATE,Unemployment rate,PT_LF_SUB,Percentage of labour force in the same subgroup,_T,Total,_T,Total,UNE,Unemployment,2010,,0.622,,A,Normal value,,,1,One
DATAFLOW,OECD.ELS.SAE:DSD_LFS@DF_LFS_INDIC(1.1),Employment and unemployment by five-year age group and sex - indicators,I,AUS,Australia,UNE_RATE,Unemployment rate,PT_LF_SUB,Percentage of labour force in the same subgroup,_T,Total,_T,Total,UNE,Unemployment,2013,,5.662,,A,Normal value,,,1,One
DATAFLOW,OECD.ELS.SAE:DSD_LFS@DF_LFS_INDIC(1.1),Employment and unemployment by five-year age group and sex - indicators,I,AUS,Australia,UNE_RATE,Unemployment rate,PT_LF_SUB,Percentage of labour force in the same subgroup,_T,Total,Y15T64,From 15 to 64 years,UNE,Unemployment,2013,,5.804,,A,Normal value,,,1,One
DATAFLOW,OECD.ELS.SAE:DSD_LFS@DF_LFS_INDIC(1.1),Employment and unemployment by five-year age group and sex - indicators,I,AUT,Austria,UNE_RATE,Unemployment rate,PT_LF_SUB,Percentage of labour force in the same subgroup,_T,Total,Y15T64,From 15 to 64 years,UNE,Unemployment,2013,,5.421,,A,Normal value,,,1,One
DATAFLOW,OECD.ELS.SAE:DSD_LFS@DF_LFS_INDIC(1.1),Employment and unemployment by five-year age group and sex - indicators,I,AUT,Austria,UNE_RATE,Unemployment rate,PT_LF_SUB,Percentage of labour force in the same subgroup,_T,Total,_T,Total,UNE,Unemployment,2013,,5.332,,A,Normal value,,,1,One
DATAFLOW,OECD.ELS.SAE:DSD_LFS@DF_LFS_INDIC(1.1),Employment and unemployment by five-year age group and sex - indicators,I,BEL,Belgium,UNE_RATE,Unemployment rate,PT_LF_SUB,Percentage of labour force in the same subgroup,_T,Total,_T,Total,UNE,Unemployment,2013,,8.423,,A,Normal value,,,1,One
DATAFLOW,OECD.ELS.SAE:DSD_LFS@DF_LFS_INDIC(1.1),Employment and unemployment by five-year age group and sex - indicators,I,BEL,Belgium,UNE_RATE,Unemployment rate,PT_LF_SUB,Percentage of labour force in the same subgroup,_T,Total,Y15T64,From 15 to 64 years,UNE,Unemployment,2013,,8.493,,A,Normal value,,,1,One
DATAFLOW,OECD.ELS.SAE:DSD_LFS@DF_LFS_INDIC(1.1),Employment and unemployment by five-year age group and sex - indicators,I,CAN,Canada,UNE_RATE,Unemployment rate,PT_LF_SUB,Percentage of labour force in the same subgroup,_T,Total,_T,Total,UNE,Unemployment,2013,,7.167,,A,Normal value,,,1,One
DATAFLOW,OECD.ELS.SAE:DSD_LFS@DF_LFS_INDIC(1.1),Employment and unemployment by five-year age group and sex - indicators,I,CHL,Chile,UNE_RATE,Unemployment rate,PT_LF_SUB,Percentage of labour force in the same subgroup,_T,Total,_T,Total,UNE,Unemployment,2013,,6.088,,A,Normal value,,,1,One
DATAFLOW,OECD.ELS.SAE:DSD_LFS@DF_LFS_INDIC(1.1),Employment and unemployment by five-year age group and sex - indicators,I,CRI,Costa Rica,UNE_RATE,Unemployment rate,PT_LF_SUB,Percentage of labour force in the same subgroup,_T,Total,Y15T64,From 15 to 64 years,UNE,Unemployment,2013,,9.475,,A,Normal value,,,1,One
DATAFLOW,OECD.ELS.SAE:DSD_LFS@DF_LFS_INDIC(1.1),Employment and unemployment by five-year age group and sex - indicators,I,CRI,Costa Rica,UNE_RATE,Unemployment rate,PT_LF_SUB,Percentage of labour force in the same subgroup,_T,Total,_T,Total,UNE,Unemployment,2013,,9.376,,A,Normal value,,,1,One
DATAFLOW,OECD.ELS.SAE:DSD_LFS@DF_LFS_INDIC(1.1),Employment and unemployment by five-year age group and sex - indicators,I,CZE,Czechia,UNE_RATE,Unemployment rate,PT_LF_SUB,Percentage of labour force in the same subgroup,_T,Total,Y15T64,From 15 to 64 years,UNE,Unemployment,2013,,7.048,,A,Normal value,,,1,One
DATAFLOW,OECD.ELS.SAE:DSD_LFS@DF_LFS_INDIC(1.1),Employment and unemployment by five-year age group and sex - indicators,I,CZE,Czechia,UNE_RATE,Unemployment rate,PT_LF_SUB,Percentage of labour force in the same subgroup,_T,Total,_T,Total,UNE,Unemployment,2013,,6.951,,A,Normal value,,,1,One
DATAFLOW,OECD.ELS.SAE:DSD_LFS@DF_LFS_INDIC(1.1),Employment and unemployment by five-year age group and sex - indicators,I,DNK,Denmark,UNE_RATE,Unemployment rate,PT_LF_SUB,Percentage of labour force in the same subgroup,_T,Total,_T,Total,UNE,Unemployment,2013,,7.238,,A,Normal value,,,1,One
DATAFLOW,OECD.ELS.SAE:DSD_LFS@DF_LFS_INDIC(1.1),Employment and unemployment by five-year age group and sex - indicators,I,DNK,Denmark,UNE_RATE,Unemployment rate,PT_LF_SUB,Percentage of labour force in the same subgroup,_T,Total,Y15T64,From 15 to 64 years,UNE,Unemployment,2013,,7.441,,A,Normal value,,,1,One
DATAFLOW,OECD.ELS.SAE:DSD_LFS@DF_LFS_INDIC(1.1),Employment and unemployment by five-year age group and sex - indicators,I,EST,Estonia,UNE_RATE,Unemployment rate,PT_LF_SUB,Percentage of labour force in the same subgroup,_T,Total,Y15T64,From 15 to 64 years,UNE,Unemployment,2013,,8.805,,A,Normal value,,,1,One
DATAFLOW,OECD.ELS.SAE:DSD_LFS@DF_LFS_INDIC(1.1),Employment and unemployment by five-year age group and sex - indicators,I,EST,Estonia,UNE_RATE,Unemployment rate,PT_LF_SUB,Percentage of labour force in the same subgroup,_T,Total,_T,Total,UNE,Unemployment,2013,,8.583,,A,Normal value,,,1,One
DATAFLOW,OECD.ELS.SAE:DSD_LFS@DF_LFS_INDIC(1.1),Employment and unemployment by five-year age group and sex - indicators,I,HUN,Hungary,UNE_RATE,Unemployment rate,PT_LF_SUB,Percentage of labour force in the same subgroup,_T,Total,_T,Total,UNE,Unemployment,2013,,9.848,,A,Normal value,,,1,One
DATAFLOW,OECD.ELS.SAE:DSD_LFS@DF_LFS_INDIC(1.1),Employment and unemployment by five-year age group and sex - indicators,I,HUN,Hungary,UNE_RATE,Unemployment rate,PT_LF_SUB,Percentage of labour force in the same subgroup,_T,Total,Y15T64,From 15 to 64 years,UNE,Unemployment,2013,,9.904,,A,Normal value,,,1,One
DATAFLOW,OECD.ELS.SAE:DSD_LFS@DF_LFS_INDIC(1.1),Employment and unemployment by five-year age group and sex - indicators,I,ISL,Iceland,UNE_RATE,Unemployment rate,PT_LF_SUB,Percentage of labour force in the same subgroup,_T,Total,Y15T64,From 15 to 64 years,UNE,Unemployment,2013,,5.926,,A,Normal value,,,1,One
DATAFLOW,OECD.ELS.SAE:DSD_LFS@DF_LFS_INDIC(1.1),Employment and unemployment by five-year age group and sex - indicators,I,ISL,Iceland,UNE_RATE,Unemployment rate,PT_LF_SUB,Percentage of labour force in the same subgroup,_T,Total,_T,Total,UNE,Unemployment,2013,,5.788,,A,Normal value,,,1,One
DATAFLOW,OECD.ELS.SAE:DSD_LFS@DF_LFS_INDIC(1.1),Employment and unemployment by five-year age group and sex - indicators,I,IRL,Ireland,UNE_RATE,Unemployment rate,PT_LF_SUB,Percentage of labour force in the same subgroup,_T,Total,Y15T64,From 15 to 64 years,UNE,Unemployment,2013,,14.017,,A,Normal value,,,1,One
DATAFLOW,OECD.ELS.SAE:DSD_LFS@DF_LFS_INDIC(1.1),Employment and unemployment by five-year age group and sex - indicators,I,IRL,Ireland,UNE_RATE,Unemployment rate,PT_LF_SUB,Percentage of labour force in the same subgroup,_T,Total,_T,Total,UNE,Unemployment,2013,,13.708,,A,Normal value,,,1,One
DATAFLOW,OECD.ELS.SAE:DSD_LFS@DF_LFS_INDIC(1.1),Employment and unemployment by five-year age group and sex - indicators,I,ISR,Israel,UNE_RATE,Unemployment rate,PT_LF_SUB,Percentage of labour force in the same subgroup,_T,Total,Y15T64,From 15 to 64 years,UNE,Unemployment,2013,,6.313,,A,Normal value,,,1,One
DATAFLOW,OECD.ELS.SAE:DSD_LFS@DF_LFS_INDIC(1.1),Employment and unemployment by five-year age group and sex - indicators,I,ISR,Israel,UNE_RATE,Unemployment rate,PT_LF_SUB,Percentage of labour force in the same subgroup,_T,Total,_T,Total,UNE,Unemployment,2013,,6.206,,A,Normal value,,,1,One
DATAFLOW,OECD.ELS.SAE:DSD_LFS@DF_LFS_INDIC(1.1),Employment and unemployment by five-year age group and sex - indicators,I,ITA,Italy,UNE_RATE,Unemployment rate,PT_LF_SUB,Percentage of labour force in the same subgroup,_T,Total,_T,Total,UNE,Unemployment,2013,,12.148,,A,Normal value,,,1,One
DATAFLOW,OECD.ELS.SAE:DSD_LFS@DF_LFS_INDIC(1.1),Employment and unemployment by five-year age group and sex - indicators,I,LVA,Latvia,UNE_RATE,Unemployment rate,PT_LF_SUB,Percentage of labour force in the same subgroup,_T,Total,Y15T64,From 15 to 64 years,UNE,Unemployment,2013,,12.1,,A,Normal value,,,1,One
DATAFLOW,OECD.ELS.SAE:DSD_LFS@DF_LFS_INDIC(1.1),Employment and unemployment by five-year age group and sex - indicators,I,LVA,Latvia,UNE_RATE,Unemployment rate,PT_LF_SUB,Percentage of labour force in the same subgroup,_T,Total,_T,Total,UNE,Unemployment,2013,,11.858,,A,Normal value,,,1,One
DATAFLOW,OECD.ELS.SAE:DSD_LFS@DF_LFS_INDIC(1.1),Employment and unemployment by five-year age group and sex - indicators,I,LTU,Lithuania,UNE_RATE,Unemployment rate,PT_LF_SUB,Percentage of labour force in the same subgroup,_T,Total,_T,Total,UNE,Unemployment,2013,,11.764,,A,Normal value,,,1,One
DATAFLOW,OECD.ELS.SAE:DSD_LFS@DF_LFS_INDIC(1.1),Employment and unemployment by five-year age group and sex - indicators,I,LTU,Lithuania,UNE_RATE,Unemployment rate,PT_LF_SUB,Percentage of labour force in the same subgroup,_T,Total,Y15T64,From 15 to 64 years,UNE,Unemployment,2013,,11.974,,A,Normal value,,,1,One
DATAFLOW,OECD.ELS.SAE:DSD_LFS@DF_LFS_INDIC(1.1),Employment and unemployment by five-year age group and sex - indicators,I,LUX,Luxembourg,UNE_RATE,Unemployment rate,PT_LF_SUB,Percentage of labour force in the same subgroup,_T,Total,_T,Total,UNE,Unemployment,2013,,5.808,,A,Normal value,,,1,One
DATAFLOW,OECD.ELS.SAE:DSD_LFS@DF_LFS_INDIC(1.1),Employment and unemployment by five-year age group and sex - indicators,I,LUX,Luxembourg,UNE_RATE,Unemployment rate,PT_LF_SUB,Percentage of labour force in the same subgroup,_T,Total,Y15T64,From 15 to 64 years,UNE,Unemployment,2013,,5.867,,A,Normal value,,,1,One
DATAFLOW,OECD.ELS.SAE:DSD_LFS@DF_LFS_INDIC(1.1),Employment and unemployment by five-year age group and sex - indicators,I,MEX,Mexico,UNE_RATE,Unemployment rate,PT_LF_SUB,Percentage of labour force in the same subgroup,_T,Total,Y15T64,From 15 to 64 years,UNE,Unemployment,2013,,5.104,,A,Normal value,,,1,One
DATAFLOW,OECD.ELS.SAE:DSD_LFS@DF_LFS_INDIC(1.1),Employment and unemployment by five-year age group and sex - indicators,I,NZL,New Zealand,UNE_RATE,Unemployment rate,PT_LF_SUB,Percentage of labour force in the same subgroup,_T,Total,Y15T64,From 15 to 64 years,UNE,Unemployment,2013,,6.067,,A,Normal value,,,1,One
DATAFLOW,OECD.ELS.SAE:DSD_LFS@DF_LFS_INDIC(1.1),Employment and unemployment by five-year age group and sex - indicators,I,NZL,New Zealand,UNE_RATE,Unemployment rate,PT_LF_SUB,Percentage of labour force in the same subgroup,_T,Total,_T,Total,UNE,Unemployment,2013,,5.836,,A,Normal value,,,1,One
DATAFLOW,OECD.ELS.SAE:DSD_LFS@DF_LFS_INDIC(1.1),Employment and unemployment by five-year age group and sex - indicators,I,NOR,Norway,UNE_RATE,Unemployment rate,PT_LF_SUB,Percentage of labour force in the same subgroup,_T,Total,_T,Total,UNE,Unemployment,2013,,3.419,,A,Normal value,,,1,One
DATAFLOW,OECD.ELS.SAE:DSD_LFS@DF_LFS_INDIC(1.1),Employment and unemployment by five-year age group and sex - indicators,I,NOR,Norway,UNE_RATE,Unemployment rate,PT_LF_SUB,Percentage of labour force in the same subgroup,_T,Total,Y15T64,From 15 to 64 years,UNE,Unemployment,2013,,3.505,,A,Normal value,,,1,One
DATAFLOW,OECD.ELS.SAE:DSD_LFS@DF_LFS_INDIC(1.1),Employment and unemployment by five-year age group and sex - indicators,I,POL,Poland,UNE_RATE,Unemployment rate,PT_LF_SUB,Percentage of labour force in the same subgroup,_T,Total,Y15T64,From 15 to 64 years,UNE,Unemployment,2013,,10.455,,A,Normal value,,,1,One
DATAFLOW,OECD.ELS.SAE:DSD_LFS@DF_LFS_INDIC(1.1),Employment and unemployment by five-year age group and sex - indicators,I,PRT,Portugal,UNE_RATE,Unemployment rate,PT_LF_SUB,Percentage of labour force in the same subgroup,_T,Total,Y15T64,From 15 to 64 years,UNE,Unemployment,2013,,17.487,,A,Normal value,,,1,One
DATAFLOW,OECD.ELS.SAE:DSD_LFS@DF_LFS_INDIC(1.1),Employment and unemployment by five-year age group and sex - indicators,I,PRT,Portugal,UNE_RATE,Unemployment rate,PT_LF_SUB,Percentage of labour force in the same subgroup,_T,Total,_T,Total,UNE,Unemployment,2013,,17.15,,A,Normal value,,,1,One
DATAFLOW,OECD.ELS.SAE:DSD_LFS@DF_LFS_INDIC(1.1),Employment and unemployment by five-year age group and sex - indicators,I,SVK,Slovak Republic,UNE_RATE,Unemployment rate,PT_LF_SUB,Percentage of labour force in the same subgroup,_T,Total,Y15T64,From 15 to 64 years,UNE,Unemployment,2013,,14.258,,A,Normal value,,,1,One
DATAFLOW,OECD.ELS.SAE:DSD_LFS@DF_LFS_INDIC(1.1),Employment and unemployment by five-year age group and sex - indicators,I,SVK,Slovak Republic,UNE_RATE,Unemployment rate,PT_LF_SUB,Percentage of labour force in the same subgroup,_T,Total,_T,Total,UNE,Unemployment,2013,,14.212,,A,Normal value,,,1,One
DATAFLOW,OECD.ELS.SAE:DSD_LFS@DF_LFS_INDIC(1.1),Employment and unemployment by five-year age group and sex - indicators,I,SVN,Slovenia,UNE_RATE,Unemployment rate,PT_LF_SUB,Percentage of labour force in the same subgroup,_T,Total,Y15T64,From 15 to 64 years,UNE,Unemployment,2013,,10.275,,A,Normal value,,,1,One
DATAFLOW,OECD.ELS.SAE:DSD_LFS@DF_LFS_INDIC(1.1),Employment and unemployment by five-year age group and sex - indicators,I,SVN,Slovenia,UNE_RATE,Unemployment rate,PT_LF_SUB,Percentage of labour force in the same subgroup,_T,Total,_T,Total,UNE,Unemployment,2013,,10.094,,A,Normal value,,,1,One
DATAFLOW,OECD.ELS.SAE:DSD_LFS@DF_LFS_INDIC(1.1),Employment and unemployment by five-year age group and sex - indicators,I,ESP,Spain,UNE_RATE,Unemployment rate,PT_LF_SUB,Percentage of labour force in the same subgroup,_T,Total,_T,Total,UNE,Unemployment,2013,,26.093,,A,Normal value,,,1,One
DATAFLOW,OECD.ELS.SAE:DSD_LFS@DF_LFS_INDIC(1.1),Employment and unemployment by five-year age group and sex - indicators,I,SWE,Sweden,UNE_RATE,Unemployment rate,PT_LF_SUB,Percentage of labour force in the same subgroup,_T,Total,_T,Total,UNE,Unemployment,2013,,8.025,,A,Normal value,,,1,One
DATAFLOW,OECD.ELS.SAE:DSD_LFS@DF_LFS_INDIC(1.1),Employment and unemployment by five-year age group and sex - indicators,I,SWE,Sweden,UNE_RATE,Unemployment rate,PT_LF_SUB,Percentage of labour force in the same subgroup,_T,Total,Y15T64,From 15 to 64 years,UNE,Unemployment,2013,,8.215,,A,Normal value,,,1,One
DATAFLOW,OECD.ELS.SAE:DSD_LFS@DF_LFS_INDIC(1.1),Employment and unemployment by five-year age group and sex - indicators,I,CHE,Switzerland,UNE_RATE,Unemployment rate,PT_LF_SUB,Percentage of labour force in the same subgroup,_T,Total,Y15T64,From 15 to 64 years,UNE,Unemployment,2013,,4.878,,A,Normal value,,,1,One
DATAFLOW,OECD.ELS.SAE:DSD_LFS@DF_LFS_INDIC(1.1),Employment and unemployment by five-year age group and sex - indicators,I,CHE,Switzerland,UNE_RATE,Unemployment rate,PT_LF_SUB,Percentage of labour force in the same subgroup,_T,Total,_T,Total,UNE,Unemployment,2013,,4.745,,A,Normal value,,,1,One
DATAFLOW,OECD.ELS.SAE:DSD_LFS@DF_LFS_INDIC(1.1),Employment and unemployment by five-year age group and sex - indicators,I,EU27,European Union (27 countries),UNE_RATE,Unemployment rate,PT_LF_SUB,Percentage of labour force in the same subgroup,_T,Total,_T,Total,UNE,Unemployment,2013,,11.424,,A,Normal value,,,1,One
DATAFLOW,OECD.ELS.SAE:DSD_LFS@DF_LFS_INDIC(1.1),Employment and unemployment by five-year age group and sex - indicators,I,EU27,European Union (27 countries),UNE_RATE,Unemployment rate,PT_LF_SUB,Percentage of labour force in the same subgroup,_T,Total,Y15T64,From 15 to 64 years,UNE,Unemployment,2013,,11.586,,A,Normal value,,,1,One
DATAFLOW,OECD.ELS.SAE:DSD_LFS@DF_LFS_INDIC(1.1),Employment and unemployment by five-year age group and sex - indicators,I,EU19OECD,European Union (19 countries) in OECD,UNE_RATE,Unemployment rate,PT_LF_SUB,Percentage of labour force in the same subgroup,_T,Total,_T,Total,UNE,Unemployment,2013,,12.067,,A,Normal value,,,1,One
DATAFLOW,OECD.ELS.SAE:DSD_LFS@DF_LFS_INDIC(1.1),Employment and unemployment by five-year age group and sex - indicators,I,EU19OECD,European Union (19 countries) in OECD,UNE_RATE,Unemployment rate,PT_LF_SUB,Percentage of labour force in the same subgroup,_T,Total,Y15T64,From 15 to 64 years,UNE,Unemployment,2013,,12.22,,A,Normal value,,,1,One
DATAFLOW,OECD.ELS.SAE:DSD_LFS@DF_LFS_INDIC(1.1),Employment and unemployment by five-year age group and sex - indicators,I,EU22OECD,European Union (22 countries) in OECD,UNE_RATE,Unemployment rate,PT_LF_SUB,Percentage of labour force in the same subgroup,_T,Total,_T,Total,UNE,Unemployment,2013,,11.543,,A,Normal value,,,1,One
DATAFLOW,OECD.ELS.SAE:DSD_LFS@DF_LFS_INDIC(1.1),Employment and unemployment by five-year age group and sex - indicators,I,EU22OECD,European Union (22 countries) in OECD,UNE_RATE,Unemployment rate,PT_LF_SUB,Percentage of labour force in the same subgroup,_T,Total,Y15T64,From 15 to 64 years,UNE,Unemployment,2013,,11.694,,A,Normal value,,,1,One
DATAFLOW,OECD.ELS.SAE:DSD_LFS@DF_LFS_INDIC(1.1),Employment and unemployment by five-year age group and sex - indicators,I,OECD_REP,OECD average country,UNE_RATE,Unemployment rate,PT_LF_SUB,Percentage of labour force in the same subgroup,_T,Total,_T,Total,UNE,Unemployment,2013,,9.151,,A,Normal value,,,1,One
DATAFLOW,OECD.ELS.SAE:DSD_LFS@DF_LFS_INDIC(1.1),Employment and unemployment by five-year age group and sex - indicators,I,OECD_REP,OECD average country,UNE_RATE,Unemployment rate,PT_LF_SUB,Percentage of labour force in the same subgroup,_T,Total,Y15T64,From 15 to 64 years,UNE,Unemployment,2013,,9.305,,A,Normal value,,,1,One
DATAFLOW,OECD.ELS.SAE:DSD_LFS@DF_LFS_INDIC(1.1),Employment and unemployment by five-year age group and sex - indicators,I,BGR,Bulgaria,UNE_RATE,Unemployment rate,PT_LF_SUB,Percentage of labour force in the same subgroup,_T,Total,Y15T64,From 15 to 64 years,UNE,Unemployment,2013,,13.037,,A,Normal value,,,1,One
DATAFLOW,OECD.ELS.SAE:DSD_LFS@DF_LFS_INDIC(1.1),Employment and unemployment by five-year age group and sex - indicators,I,BGR,Bulgaria,UNE_RATE,Unemployment rate,PT_LF_SUB,Percentage of labour force in the same subgroup,_T,Total,_T,Total,UNE,Unemployment,2013,,12.939,,A,Normal value,,,1,One
DATAFLOW,OECD.ELS.SAE:DSD_LFS@DF_LFS_INDIC(1.1),Employment and unemployment by five-year age group and sex - indicators,I,HRV,Croatia,UNE_RATE,Unemployment rate,PT_LF_SUB,Percentage of labour force in the same subgroup,_T,Total,_T,Total,UNE,Unemployment,2013,,17.228,,A,Normal value,,,1,One
DATAFLOW,OECD.ELS.SAE:DSD_LFS@DF_LFS_INDIC(1.1),Employment and unemployment by five-year age group and sex - indicators,I,HRV,Croatia,UNE_RATE,Unemployment rate,PT_LF_SUB,Percentage of labour force in the same subgroup,_T,Total,Y15T64,From 15 to 64 years,UNE,Unemployment,2013,,17.505,,A,Normal value,,,1,One
DATAFLOW,OECD.ELS.SAE:DSD_LFS@DF_LFS_INDIC(1.1),Employment and unemployment by five-year age group and sex - indicators,I,CYP,Cyprus,UNE_RATE,Unemployment rate,PT_LF_SUB,Percentage of labour force in the same subgroup,_T,Total,_T,Total,UNE,Unemployment,2013,,15.855,,A,Normal value,,,1,One
DATAFLOW,OECD.ELS.SAE:DSD_LFS@DF_LFS_INDIC(1.1),Employment and unemployment by five-year age group and sex - indicators,I,CYP,Cyprus,UNE_RATE,Unemployment rate,PT_LF_SUB,Percentage of labour force in the same subgroup,_T,Total,Y15T64,From 15 to 64 years,UNE,Unemployment,2013,,16.074,,A,Normal value,,,1,One
DATAFLOW,OECD.ELS.SAE:DSD_LFS@DF_LFS_INDIC(1.1),Employment and unemployment by five-year age group and sex - indicators,I,MLT,Malta,UNE_RATE,Unemployment rate,PT_LF_SUB,Percentage of labour force in the same subgroup,_T,Total,_T,Total,UNE,Unemployment,2013,,6.035,,A,Normal value,,,1,One
DATAFLOW,OECD.ELS.SAE:DSD_LFS@DF_LFS_INDIC(1.1),Employment and unemployment by five-year age group and sex - indicators,I,MLT,Malta,UNE_RATE,Unemployment rate,PT_LF_SUB,Percentage of labour force in the same subgroup,_T,Total,Y15T64,From 15 to 64 years,UNE,Unemployment,2013,,6.126,,A,Normal value,,,1,One
DATAFLOW,OECD.ELS.SAE:DSD_LFS@DF_LFS_INDIC(1.1),Employment and unemployment by five-year age group and sex - indicators,I,MKD,North Macedonia,UNE_RATE,Unemployment rate,PT_LF_SUB,Percentage of labour force in the same subgroup,_T,Total,Y15T64,From 15 to 64 years,UNE,Unemployment,2013,,29.135,,A,Normal value,,,1,One
DATAFLOW,OECD.ELS.SAE:DSD_LFS@DF_LFS_INDIC(1.1),Employment and unemployment by five-year age group and sex - indicators,I,MKD,North Macedonia,UNE_RATE,Unemployment rate,PT_LF_SUB,Percentage of labour force in the same subgroup,_T,Total,_T,Total,UNE,Unemployment,2013,,28.993,,A,Normal value,,,1,One
DATAFLOW,OECD.ELS.SAE:DSD_LFS@DF_LFS_INDIC(1.1),Employment and unemployment by five-year age group and sex - indicators,I,PER,Peru,UNE_RATE,Unemployment rate,PT_LF_SUB,Percentage of labour force in the same subgroup,_T,Total,_T,Total,UNE,Unemployment,2013,,3.941,,A,Normal value,,,1,One
DATAFLOW,OECD.ELS.SAE:DSD_LFS@DF_LFS_INDIC(1.1),Employment and unemployment by five-year age group and sex - indicators,I,PER,Peru,UNE_RATE,Unemployment rate,PT_LF_SUB,Percentage of labour force in the same subgroup,_T,Total,Y15T64,From 15 to 64 years,UNE,Unemployment,2013,,4.071,,A,Normal value,,,1,One
DATAFLOW,OECD.ELS.SAE:DSD_LFS@DF_LFS_INDIC(1.1),Employment and unemployment by five-year age group and sex - indicators,I,ROU,Romania,UNE_RATE,Unemployment rate,PT_LF_SUB,Percentage of labour force in the same subgroup,_T,Total,_T,Total,UNE,Unemployment,2013,,7.095,,A,Normal value,,,1,One
DATAFLOW,OECD.ELS.SAE:DSD_LFS@DF_LFS_INDIC(1.1),Employment and unemployment by five-year age group and sex - indicators,I,ROU,Romania,UNE_RATE,Unemployment rate,PT_LF_SUB,Percentage of labour force in the same subgroup,_T,Total,Y15T64,From 15 to 64 years,UNE,Unemployment,2013,,7.391,,A,Normal value,,,1,One
DATAFLOW,OECD.ELS.SAE:DSD_LFS@DF_LFS_INDIC(1.1),Employment and unemployment by five-year age group and sex - indicators,I,ZAF,South Africa,UNE_RATE,Unemployment rate,PT_LF_SUB,Percentage of labour force in the same subgroup,_T,Total,_T,Total,UNE,Unemployment,2013,,24.561,,A,Normal value,,,1,One
DATAFLOW,OECD.ELS.SAE:DSD_LFS@DF_LFS_INDIC(1.1),Employment and unemployment by five-year age group and sex - indicators,I,THA,Thailand,UNE_RATE,Unemployment rate,PT_LF_SUB,Percentage of labour force in the same subgroup,_T,Total,_T,Total,UNE,Unemployment,2013,,0.251,,A,Normal value,,,1,One
DATAFLOW,OECD.ELS.SAE:DSD_LFS@DF_LFS_INDIC(1.1),Employment and unemployment by five-year age group and sex - indicators,I,THA,Thailand,UNE_RATE,Unemployment rate,PT_LF_SUB,Percentage of labour force in the same subgroup,_T,Total,Y15T64,From 15 to 64 years,UNE,Unemployment,2013,,0.261,,A,Normal value,,,1,One
DATAFLOW,OECD.ELS.SAE:DSD_LFS@DF_LFS_INDIC(1.1),Employment and unemployment by five-year age group and sex - indicators,I,AUS,Australia,UNE_RATE,Unemployment rate,PT_LF_SUB,Percentage of labour force in the same subgroup,_T,Total,_T,Total,UNE,Unemployment,2020,,6.436,,A,Normal value,,,1,One
DATAFLOW,OECD.ELS.SAE:DSD_LFS@DF_LFS_INDIC(1.1),Employment and unemployment by five-year age group and sex - indicators,I,AUT,Austria,UNE_RATE,Unemployment rate,PT_LF_SUB,Percentage of labour force in the same subgroup,_T,Total,_T,Total,UNE,Unemployment,2020,,5.36,,A,Normal value,,,1,One
DATAFLOW,OECD.ELS.SAE:DSD_LFS@DF_LFS_INDIC(1.1),Employment and unemployment by five-year age group and sex - indicators,I,AUT,Austria,UNE_RATE,Unemployment rate,PT_LF_SUB,Percentage of labour force in the same subgroup,_T,Total,Y15T64,From 15 to 64 years,UNE,Unemployment,2020,,5.438,,A,Normal value,,,1,One
DATAFLOW,OECD.ELS.SAE:DSD_LFS@DF_LFS_INDIC(1.1),Employment and unemployment by five-year age group and sex - indicators,I,BEL,Belgium,UNE_RATE,Unemployment rate,PT_LF_SUB,Percentage of labour force in the same subgroup,_T,Total,Y15T64,From 15 to 64 years,UNE,Unemployment,2020,,5.607,,A,Normal value,,,1,One
DATAFLOW,OECD.ELS.SAE:DSD_LFS@DF_LFS_INDIC(1.1),Employment and unemployment by five-year age group and sex - indicators,I,BEL,Belgium,UNE_RATE,Unemployment rate,PT_LF_SUB,Percentage of labour force in the same subgroup,_T,Total,_T,Total,UNE,Unemployment,2020,,5.553,,A,Normal value,,,1,One
DATAFLOW,OECD.ELS.SAE:DSD_LFS@DF_LFS_INDIC(1.1),Employment and unemployment by five-year age group and sex - indicators,I,CAN,Canada,UNE_RATE,Unemployment rate,PT_LF_SUB,Percentage of labour force in the same subgroup,_T,Total,_T,Total,UNE,Unemployment,2020,,9.651,,A,Normal value,,,1,One
DATAFLOW,OECD.ELS.SAE:DSD_LFS@DF_LFS_INDIC(1.1),Employment and unemployment by five-year age group and sex - indicators,I,CHL,Chile,UNE_RATE,Unemployment rate,PT_LF_SUB,Percentage of labour force in the same subgroup,_T,Total,_T,Total,UNE,Unemployment,2020,,10.52,,A,Normal value,,,1,One
DATAFLOW,OECD.ELS.SAE:DSD_LFS@DF_LFS_INDIC(1.1),Employment and unemployment by five-year age group and sex - indicators,I,CHL,Chile,UNE_RATE,Unemployment rate,PT_LF_SUB,Percentage of labour force in the same subgroup,_T,Total,Y15T64,From 15 to 64 years,UNE,Unemployment,2020,,10.86,,A,Normal value,,,1,One
DATAFLOW,OECD.ELS.SAE:DSD_LFS@DF_LFS_INDIC(1.1),Employment and unemployment by five-year age group and sex - indicators,I,CRI,Costa Rica,UNE_RATE,Unemployment rate,PT_LF_SUB,Percentage of labour force in the same subgroup,_T,Total,_T,Total,UNE,Unemployment,2020,,19.459,,A,Normal value,,,1,One
DATAFLOW,OECD.ELS.SAE:DSD_LFS@DF_LFS_INDIC(1.1),Employment and unemployment by five-year age group and sex - indicators,I,CRI,Costa Rica,UNE_RATE,Unemployment rate,PT_LF_SUB,Percentage of labour force in the same subgroup,_T,Total,Y15T64,From 15 to 64 years,UNE,Unemployment,2020,,19.699,,A,Normal value,,,1,One
DATAFLOW,OECD.ELS.SAE:DSD_LFS@DF_LFS_INDIC(1.1),Employment and unemployment by five-year age group and sex - indicators,I,CZE,Czechia,UNE_RATE,Unemployment rate,PT_LF_SUB,Percentage of labour force in the same subgroup,_T,Total,_T,Total,UNE,Unemployment,2020,,2.549,,A,Normal value,,,1,One
DATAFLOW,OECD.ELS.SAE:DSD_LFS@DF_LFS_INDIC(1.1),Employment and unemployment by five-year age group and sex - indicators,I,CZE,Czechia,UNE_RATE,Unemployment rate,PT_LF_SUB,Percentage of labour force in the same subgroup,_T,Total,Y15T64,From 15 to 64 years,UNE,Unemployment,2020,,2.616,,A,Normal value,,,1,One
DATAFLOW,OECD.ELS.SAE:DSD_LFS@DF_LFS_INDIC(1.1),Employment and unemployment by five-year age group and sex - indicators,I,DNK,Denmark,UNE_RATE,Unemployment rate,PT_LF_SUB,Percentage of labour force in the same subgroup,_T,Total,Y15T64,From 15 to 64 years,UNE,Unemployment,2020,,5.689,,A,Normal value,,,1,One
DATAFLOW,OECD.ELS.SAE:DSD_LFS@DF_LFS_INDIC(1.1),Employment and unemployment by five-year age group and sex - indicators,I,DNK,Denmark,UNE_RATE,Unemployment rate,PT_LF_SUB,Percentage of labour force in the same subgroup,_T,Total,_T,Total,UNE,Unemployment,2020,,5.501,,A,Normal value,,,1,One
DATAFLOW,OECD.ELS.SAE:DSD_LFS@DF_LFS_INDIC(1.1),Employment and unemployment by five-year age group and sex - indicators,I,EST,Estonia,UNE_RATE,Unemployment rate,PT_LF_SUB,Percentage of labour force in the same subgroup,_T,Total,_T,Total,UNE,Unemployment,2020,,6.762,,A,Normal value,,,1,One
DATAFLOW,OECD.ELS.SAE:DSD_LFS@DF_LFS_INDIC(1.1),Employment and unemployment by five-year age group and sex - indicators,I,EST,Estonia,UNE_RATE,Unemployment rate,PT_LF_SUB,Percentage of labour force in the same subgroup,_T,Total,Y15T64,From 15 to 64 years,UNE,Unemployment,2020,,6.961,,A,Normal value,,,1,One
DATAFLOW,OECD.ELS.SAE:DSD_LFS@DF_LFS_INDIC(1.1),Employment and unemployment by five-year age group and sex - indicators,I,FIN,Finland,UNE_RATE,Unemployment rate,PT_LF_SUB,Percentage of labour force in the same subgroup,_T,Total,_T,Total,UNE,Unemployment,2020,,7.698,,A,Normal value,,,1,One
DATAFLOW,OECD.ELS.SAE:DSD_LFS@DF_LFS_INDIC(1.1),Employment and unemployment by five-year age group and sex - indicators,I,FIN,Finland,UNE_RATE,Unemployment rate,PT_LF_SUB,Percentage of labour force in the same subgroup,_T,Total,Y15T64,From 15 to 64 years,UNE,Unemployment,2020,,7.884,,A,Normal value,,,1,One
DATAFLOW,OECD.ELS.SAE:DSD_LFS@DF_LFS_INDIC(1.1),Employment and unemployment by five-year age group and sex - indicators,I,DEU,Germany,UNE_RATE,Unemployment rate,PT_LF_SUB,Percentage of labour force in the same subgroup,_T,Total,_T,Total,UNE,Unemployment,2020,,3.941,,A,Normal value,,,1,One
DATAFLOW,OECD.ELS.SAE:DSD_LFS@DF_LFS_INDIC(1.1),Employment and unemployment by five-year age group and sex - indicators,I,DEU,Germany,UNE_RATE,Unemployment rate,PT_LF_SUB,Percentage of labour force in the same subgroup,_T,Total,Y15T64,From 15 to 64 years,UNE,Unemployment,2020,,4.021,,A,Normal value,,,1,One
DATAFLOW,OECD.ELS.SAE:DSD_LFS@DF_LFS_INDIC(1.1),Employment and unemployment by five-year age group and sex - indicators,I,GRC,Greece,UNE_RATE,Unemployment rate,PT_LF_SUB,Percentage of labour force in the same subgroup,_T,Total,_T,Total,UNE,Unemployment,2020,,16.304,,A,Normal value,,,1,One
DATAFLOW,OECD.ELS.SAE:DSD_LFS@DF_LFS_INDIC(1.1),Employment and unemployment by five-year age group and sex - indicators,I,GRC,Greece,UNE_RATE,Unemployment rate,PT_LF_SUB,Percentage of labour force in the same subgroup,_T,Total,Y15T64,From 15 to 64 years,UNE,Unemployment,2020,,16.48,,A,Normal value,,,1,One
DATAFLOW,OECD.ELS.SAE:DSD_LFS@DF_LFS_INDIC(1.1),Employment and unemployment by five-year age group and sex - indicators,I,HUN,Hungary,UNE_RATE,Unemployment rate,PT_LF_SUB,Percentage of labour force in the same subgroup,_T,Total,Y15T64,From 15 to 64 years,UNE,Unemployment,2020,,4.291,,A,Normal value,,,1,One
DATAFLOW,OECD.ELS.SAE:DSD_LFS@DF_LFS_INDIC(1.1),Employment and unemployment by five-year age group and sex - indicators,I,HUN,Hungary,UNE_RATE,Unemployment rate,PT_LF_SUB,Percentage of labour force in the same subgroup,_T,Total,_T,Total,UNE,Unemployment,2020,,4.246,,A,Normal value,,,1,One
DATAFLOW,OECD.ELS.SAE:DSD_LFS@DF_LFS_INDIC(1.1),Employment and unemployment by five-year age group and sex - indicators,I,ISL,Iceland,UNE_RATE,Unemployment rate,PT_LF_SUB,Percentage of labour force in the same subgroup,_T,Total,_T,Total,UNE,Unemployment,2020,,6.376,,A,Normal value,,,1,One
DATAFLOW,OECD.ELS.SAE:DSD_LFS@DF_LFS_INDIC(1.1),Employment and unemployment by five-year age group and sex - indicators,I,ISL,Iceland,UNE_RATE,Unemployment rate,PT_LF_SUB,Percentage of labour force in the same subgroup,_T,Total,Y15T64,From 15 to 64 years,UNE,Unemployment,2020,,6.619,,A,Normal value,,,1,One
DATAFLOW,OECD.ELS.SAE:DSD_LFS@DF_LFS_INDIC(1.1),Employment and unemployment by five-year age group and sex - indicators,I,IRL,Ireland,UNE_RATE,Unemployment rate,PT_LF_SUB,Percentage of labour force in the same subgroup,_T,Total,_T,Total,UNE,Unemployment,2020,,4.825,,A,Normal value,,,1,One
DATAFLOW,OECD.ELS.SAE:DSD_LFS@DF_LFS_INDIC(1.1),Employment and unemployment by five-year age group and sex - indicators,I,IRL,Ireland,UNE_RATE,Unemployment rate,PT_LF_SUB,Percentage of labour force in the same subgroup,_T,Total,Y15T64,From 15 to 64 years,UNE,Unemployment,2020,,4.995,,A,Normal value,,,1,One
DATAFLOW,OECD.ELS.SAE:DSD_LFS@DF_LFS_INDIC(1.1),Employment and unemployment by five-year age group and sex - indicators,I,KOR,Korea,UNE_RATE,Unemployment rate,PT_LF_SUB,Percentage of labour force in the same subgroup,_T,Total,_T,Total,UNE,Unemployment,2020,,3.954,,A,Normal value,,,1,One
DATAFLOW,OECD.ELS.SAE:DSD_LFS@DF_LFS_INDIC(1.1),Employment and unemployment by five-year age group and sex - indicators,I,LVA,Latvia,UNE_RATE,Unemployment rate,PT_LF_SUB,Percentage of labour force in the same subgroup,_T,Total,_T,Total,UNE,Unemployment,2020,,8.089,,A,Normal value,,,1,One
DATAFLOW,OECD.ELS.SAE:DSD_LFS@DF_LFS_INDIC(1.1),Employment and unemployment by five-year age group and sex - indicators,I,LVA,Latvia,UNE_RATE,Unemployment rate,PT_LF_SUB,Percentage of labour force in the same subgroup,_T,Total,Y15T64,From 15 to 64 years,UNE,Unemployment,2020,,8.408,,A,Normal value,,,1,One
DATAFLOW,OECD.ELS.SAE:DSD_LFS@DF_LFS_INDIC(1.1),Employment and unemployment by five-year age group and sex - indicators,I,LTU,Lithuania,UNE_RATE,Unemployment rate,PT_LF_SUB,Percentage of labour force in the same subgroup,_T,Total,Y15T64,From 15 to 64 years,UNE,Unemployment,2020,,8.809,,A,Normal value,,,1,One
DATAFLOW,OECD.ELS.SAE:DSD_LFS@DF_LFS_INDIC(1.1),Employment and unemployment by five-year age group and sex - indicators,I,LTU,Lithuania,UNE_RATE,Unemployment rate,PT_LF_SUB,Percentage of labour force in the same subgroup,_T,Total,_T,Total,UNE,Unemployment,2020,,8.48,,A,Normal value,,,1,One
DATAFLOW,OECD.ELS.SAE:DSD_LFS@DF_LFS_INDIC(1.1),Employment and unemployment by five-year age group and sex - indicators,I,LUX,Luxembourg,UNE_RATE,Unemployment rate,PT_LF_SUB,Percentage of labour force in the same subgroup,_T,Total,Y15T64,From 15 to 64 years,UNE,Unemployment,2020,,6.772,,A,Normal value,,,1,One
DATAFLOW,OECD.ELS.SAE:DSD_LFS@DF_LFS_INDIC(1.1),Employment and unemployment by five-year age group and sex - indicators,I,LUX,Luxembourg,UNE_RATE,Unemployment rate,PT_LF_SUB,Percentage of labour force in the same subgroup,_T,Total,_T,Total,UNE,Unemployment,2020,,6.74,,A,Normal value,,,1,One
DATAFLOW,OECD.ELS.SAE:DSD_LFS@DF_LFS_INDIC(1.1),Employment and unemployment by five-year age group and sex - indicators,I,MEX,Mexico,UNE_RATE,Unemployment rate,PT_LF_SUB,Percentage of labour force in the same subgroup,_T,Total,_T,Total,UNE,Unemployment,2020,,4.368,,A,Normal value,,,1,One
DATAFLOW,OECD.ELS.SAE:DSD_LFS@DF_LFS_INDIC(1.1),Employment and unemployment by five-year age group and sex - indicators,I,NZL,New Zealand,UNE_RATE,Unemployment rate,PT_LF_SUB,Percentage of labour force in the same subgroup,_T,Total,_T,Total,UNE,Unemployment,2020,,4.599,,A,Normal value,,,1,One
DATAFLOW,OECD.ELS.SAE:DSD_LFS@DF_LFS_INDIC(1.1),Employment and unemployment by five-year age group and sex - indicators,I,NZL,New Zealand,UNE_RATE,Unemployment rate,PT_LF_SUB,Percentage of labour force in the same subgroup,_T,Total,Y15T64,From 15 to 64 years,UNE,Unemployment,2020,,4.794,,A,Normal value,,,1,One
DATAFLOW,OECD.ELS.SAE:DSD_LFS@DF_LFS_INDIC(1.1),Employment and unemployment by five-year age group and sex - indicators,I,NOR,Norway,UNE_RATE,Unemployment rate,PT_LF_SUB,Percentage of labour force in the same subgroup,_T,Total,Y15T64,From 15 to 64 years,UNE,Unemployment,2020,,4.516,,A,Normal value,,,1,One
DATAFLOW,OECD.ELS.SAE:DSD_LFS@DF_LFS_INDIC(1.1),Employment and unemployment by five-year age group and sex - indicators,I,NOR,Norway,UNE_RATE,Unemployment rate,PT_LF_SUB,Percentage of labour force in the same subgroup,_T,Total,_T,Total,UNE,Unemployment,2020,,4.418,,A,Normal value,,,1,One
DATAFLOW,OECD.ELS.SAE:DSD_LFS@DF_LFS_INDIC(1.1),Employment and unemployment by five-year age group and sex - indicators,I,POL,Poland,UNE_RATE,Unemployment rate,PT_LF_SUB,Percentage of labour force in the same subgroup,_T,Total,_T,Total,UNE,Unemployment,2020,,3.154,,A,Normal value,,,1,One
DATAFLOW,OECD.ELS.SAE:DSD_LFS@DF_LFS_INDIC(1.1),Employment and unemployment by five-year age group and sex - indicators,I,PRT,Portugal,UNE_RATE,Unemployment rate,PT_LF_SUB,Percentage of labour force in the same subgroup,_T,Total,_T,Total,UNE,Unemployment,2020,,7.034,,A,Normal value,,,1,One
DATAFLOW,OECD.ELS.SAE:DSD_LFS@DF_LFS_INDIC(1.1),Employment and unemployment by five-year age group and sex - indicators,I,PRT,Portugal,UNE_RATE,Unemployment rate,PT_LF_SUB,Percentage of labour force in the same subgroup,_T,Total,Y15T64,From 15 to 64 years,UNE,Unemployment,2020,,7.193,,A,Normal value,,,1,One
DATAFLOW,OECD.ELS.SAE:DSD_LFS@DF_LFS_INDIC(1.1),Employment and unemployment by five-year age group and sex - indicators,I,SVK,Slovak Republic,UNE_RATE,Unemployment rate,PT_LF_SUB,Percentage of labour force in the same subgroup,_T,Total,_T,Total,UNE,Unemployment,2020,,6.685,,A,Normal value,,,1,One
DATAFLOW,OECD.ELS.SAE:DSD_LFS@DF_LFS_INDIC(1.1),Employment and unemployment by five-year age group and sex - indicators,I,SVK,Slovak Republic,UNE_RATE,Unemployment rate,PT_LF_SUB,Percentage of labour force in the same subgroup,_T,Total,Y15T64,From 15 to 64 years,UNE,Unemployment,2020,,6.773,,A,Normal value,,,1,One
DATAFLOW,OECD.ELS.SAE:DSD_LFS@DF_LFS_INDIC(1.1),Employment and unemployment by five-year age group and sex - indicators,I,SVN,Slovenia,UNE_RATE,Unemployment rate,PT_LF_SUB,Percentage of labour force in the same subgroup,_T,Total,_T,Total,UNE,Unemployment,2020,,4.961,,A,Normal value,,,1,One
DATAFLOW,OECD.ELS.SAE:DSD_LFS@DF_LFS_INDIC(1.1),Employment and unemployment by five-year age group and sex - indicators,I,SVN,Slovenia,UNE_RATE,Unemployment rate,PT_LF_SUB,Percentage of labour force in the same subgroup,_T,Total,Y15T64,From 15 to 64 years,UNE,Unemployment,2020,,5.026,,A,Normal value,,,1,One
DATAFLOW,OECD.ELS.SAE:DSD_LFS@DF_LFS_INDIC(1.1),Employment and unemployment by five-year age group and sex - indicators,I,ESP,Spain,UNE_RATE,Unemployment rate,PT_LF_SUB,Percentage of labour force in the same subgroup,_T,Total,_T,Total,UNE,Unemployment,2020,,15.531,,A,Normal value,,,1,One
DATAFLOW,OECD.ELS.SAE:DSD_LFS@DF_LFS_INDIC(1.1),Employment and unemployment by five-year age group and sex - indicators,I,CHE,Switzerland,UNE_RATE,Unemployment rate,PT_LF_SUB,Percentage of labour force in the same subgroup,_T,Total,_T,Total,UNE,Unemployment,2020,,4.814,,A,Normal value,,,1,One
DATAFLOW,OECD.ELS.SAE:DSD_LFS@DF_LFS_INDIC(1.1),Employment and unemployment by five-year age group and sex - indicators,I,CHE,Switzerland,UNE_RATE,Unemployment rate,PT_LF_SUB,Percentage of labour force in the same subgroup,_T,Total,Y15T64,From 15 to 64 years,UNE,Unemployment,2020,,4.957,,A,Normal value,,,1,One
DATAFLOW,OECD.ELS.SAE:DSD_LFS@DF_LFS_INDIC(1.1),Employment and unemployment by five-year age group and sex - indicators,I,G7,G7,UNE_RATE,Unemployment rate,PT_LF_SUB,Percentage of labour force in the same subgroup,_T,Total,Y15T64,From 15 to 64 years,UNE,Unemployment,2020,,6.627,,A,Normal value,,,1,One
DATAFLOW,OECD.ELS.SAE:DSD_LFS@DF_LFS_INDIC(1.1),Employment and unemployment by five-year age group and sex - indicators,I,EU27,European Union (27 countries),UNE_RATE,Unemployment rate,PT_LF_SUB,Percentage of labour force in the same subgroup,_T,Total,Y15T64,From 15 to 64 years,UNE,Unemployment,2020,,7.249,,A,Normal value,,,1,One
DATAFLOW,OECD.ELS.SAE:DSD_LFS@DF_LFS_INDIC(1.1),Employment and unemployment by five-year age group and sex - indicators,I,EU19OECD,European Union (19 countries) in OECD,UNE_RATE,Unemployment rate,PT_LF_SUB,Percentage of labour force in the same subgroup,_T,Total,Y15T64,From 15 to 64 years,UNE,Unemployment,2020,,8.061,,A,Normal value,,,1,One
DATAFLOW,OECD.ELS.SAE:DSD_LFS@DF_LFS_INDIC(1.1),Employment and unemployment by five-year age group and sex - indicators,I,EU22OECD,European Union (22 countries) in OECD,UNE_RATE,Unemployment rate,PT_LF_SUB,Percentage of labour force in the same subgroup,_T,Total,_T,Total,UNE,Unemployment,2020,,7.249,,A,Normal value,,,1,One
DATAFLOW,OECD.ELS.SAE:DSD_LFS@DF_LFS_INDIC(1.1),Employment and unemployment by five-year age group and sex - indicators,I,OECD_REP,OECD average country,UNE_RATE,Unemployment rate,PT_LF_SUB,Percentage of labour force in the same subgroup,_T,Total,Y15T64,From 15 to 64 years,UNE,Unemployment,2020,,7.464,,A,Normal value,,,1,One
DATAFLOW,OECD.ELS.SAE:DSD_LFS@DF_LFS_INDIC(1.1),Employment and unemployment by five-year age group and sex - indicators,I,OECD_REP,OECD average country,UNE_RATE,Unemployment rate,PT_LF_SUB,Percentage of labour force in the same subgroup,_T,Total,_T,Total,UNE,Unemployment,2020,,7.31,,A,Normal value,,,1,One
DATAFLOW,OECD.ELS.SAE:DSD_LFS@DF_LFS_INDIC(1.1),Employment and unemployment by five-year age group and sex - indicators,I,ARG,Argentina,UNE_RATE,Unemployment rate,PT_LF_SUB,Percentage of labour force in the same subgroup,_T,Total,_T,Total,UNE,Unemployment,2020,,10.961,,A,Normal value,,,1,One
DATAFLOW,OECD.ELS.SAE:DSD_LFS@DF_LFS_INDIC(1.1),Employment and unemployment by five-year age group and sex - indicators,I,BGR,Bulgaria,UNE_RATE,Unemployment rate,PT_LF_SUB,Percentage of labour force in the same subgroup,_T,Total,_T,Total,UNE,Unemployment,2020,,5.033,,A,Normal value,,,1,One
DATAFLOW,OECD.ELS.SAE:DSD_LFS@DF_LFS_INDIC(1.1),Employment and unemployment by five-year age group and sex - indicators,I,BGR,Bulgaria,UNE_RATE,Unemployment rate,PT_LF_SUB,Percentage of labour force in the same subgroup,_T,Total,Y15T64,From 15 to 64 years,UNE,Unemployment,2020,,5.119,,A,Normal value,,,1,One
DATAFLOW,OECD.ELS.SAE:DSD_LFS@DF_LFS_INDIC(1.1),Employment and unemployment by five-year age group and sex - indicators,I,HRV,Croatia,UNE_RATE,Unemployment rate,PT_LF_SUB,Percentage of labour force in the same subgroup,_T,Total,Y15T64,From 15 to 64 years,UNE,Unemployment,2020,,7.453,,A,Normal value,,,1,One
DATAFLOW,OECD.ELS.SAE:DSD_LFS@DF_LFS_INDIC(1.1),Employment and unemployment by five-year age group and sex - indicators,I,HRV,Croatia,UNE_RATE,Unemployment rate,PT_LF_SUB,Percentage of labour force in the same subgroup,_T,Total,_T,Total,UNE,Unemployment,2020,,7.384,,A,Normal value,,,1,One
DATAFLOW,OECD.ELS.SAE:DSD_LFS@DF_LFS_INDIC(1.1),Employment and unemployment by five-year age group and sex - indicators,I,CYP,Cyprus,UNE_RATE,Unemployment rate,PT_LF_SUB,Percentage of labour force in the same subgroup,_T,Total,Y15T64,From 15 to 64 years,UNE,Unemployment,2020,,7.74,,A,Normal value,,,1,One
DATAFLOW,OECD.ELS.SAE:DSD_LFS@DF_LFS_INDIC(1.1),Employment and unemployment by five-year age group and sex - indicators,I,CYP,Cyprus,UNE_RATE,Unemployment rate,PT_LF_SUB,Percentage of labour force in the same subgroup,_T,Total,_T,Total,UNE,Unemployment,2020,,7.544,,A,Normal value,,,1,One
DATAFLOW,OECD.ELS.SAE:DSD_LFS@DF_LFS_INDIC(1.1),Employment and unemployment by five-year age group and sex - indicators,I,MLT,Malta,UNE_RATE,Unemployment rate,PT_LF_SUB,Percentage of labour force in the same subgroup,_T,Total,Y15T64,From 15 to 64 years,UNE,Unemployment,2020,,4.899,,A,Normal value,,,1,One
DATAFLOW,OECD.ELS.SAE:DSD_LFS@DF_LFS_INDIC(1.1),Employment and unemployment by five-year age group and sex - indicators,I,MLT,Malta,UNE_RATE,Unemployment rate,PT_LF_SUB,Percentage of labour force in the same subgroup,_T,Total,_T,Total,UNE,Unemployment,2020,,4.816,,A,Normal value,,,1,One
DATAFLOW,OECD.ELS.SAE:DSD_LFS@DF_LFS_INDIC(1.1),Employment and unemployment by five-year age group and sex - indicators,I,MKD,North Macedonia,UNE_RATE,Unemployment rate,PT_LF_SUB,Percentage of labour force in the same subgroup,_T,Total,_T,Total,UNE,Unemployment,2020,,16.392,,A,Normal value,,,1,One
DATAFLOW,OECD.ELS.SAE:DSD_LFS@DF_LFS_INDIC(1.1),Employment and unemployment by five-year age group and sex - indicators,I,MKD,North Macedonia,UNE_RATE,Unemployment rate,PT_LF_SUB,Percentage of labour force in the same subgroup,_T,Total,Y15T64,From 15 to 64 years,UNE,Unemployment,2020,,16.582,,A,Normal value,,,1,One
DATAFLOW,OECD.ELS.SAE:DSD_LFS@DF_LFS_INDIC(1.1),Employment and unemployment by five-year age group and sex - indicators,I,PER,Peru,UNE_RATE,Unemployment rate,PT_LF_SUB,Percentage of labour force in the same subgroup,_T,Total,Y15T64,From 15 to 64 years,UNE,Unemployment,2020,,7.66,,A,Normal value,,,1,One
DATAFLOW,OECD.ELS.SAE:DSD_LFS@DF_LFS_INDIC(1.1),Employment and unemployment by five-year age group and sex - indicators,I,PER,Peru,UNE_RATE,Unemployment rate,PT_LF_SUB,Percentage of labour force in the same subgroup,_T,Total,_T,Total,UNE,Unemployment,2020,,7.346,,A,Normal value,,,1,One
DATAFLOW,OECD.ELS.SAE:DSD_LFS@DF_LFS_INDIC(1.1),Employment and unemployment by five-year age group and sex - indicators,I,ROU,Romania,UNE_RATE,Unemployment rate,PT_LF_SUB,Percentage of labour force in the same subgroup,_T,Total,Y15T64,From 15 to 64 years,UNE,Unemployment,2020,,5.167,,A,Normal value,,,1,One
DATAFLOW,OECD.ELS.SAE:DSD_LFS@DF_LFS_INDIC(1.1),Employment and unemployment by five-year age group and sex - indicators,I,ROU,Romania,UNE_RATE,Unemployment rate,PT_LF_SUB,Percentage of labour force in the same subgroup,_T,Total,_T,Total,UNE,Unemployment,2020,,5.034,,A,Normal value,,,1,One
DATAFLOW,OECD.ELS.SAE:DSD_LFS@DF_LFS_INDIC(1.1),Employment and unemployment by five-year age group and sex - indicators,I,THA,Thailand,UNE_RATE,Unemployment rate,PT_LF_SUB,Percentage of labour force in the same subgroup,_T,Total,Y15T64,From 15 to 64 years,UNE,Unemployment,2020,,1.164,,A,Normal value,,,1,One
DATAFLOW,OECD.ELS.SAE:DSD_LFS@DF_LFS_INDIC(1.1),Employment and unemployment by five-year age group and sex - indicators,I,THA,Thailand,UNE_RATE,Unemployment rate,PT_LF_SUB,Percentage of labour force in the same subgroup,_T,Total,_T,Total,UNE,Unemployment,2020,,1.1,,A,Normal value,,,1,One
DATAFLOW,OECD.ELS.SAE:DSD_LFS@DF_LFS_INDIC(1.1),Employment and unemployment by five-year age group and sex - indicators,I,AUS,Australia,UNE_RATE,Unemployment rate,PT_LF_SUB,Percentage of labour force in the same subgroup,_T,Total,Y15T64,From 15 to 64 years,UNE,Unemployment,2012,,5.343,,A,Normal value,,,1,One
DATAFLOW,OECD.ELS.SAE:DSD_LFS@DF_LFS_INDIC(1.1),Employment and unemployment by five-year age group and sex - indicators,I,AUS,Australia,UNE_RATE,Unemployment rate,PT_LF_SUB,Percentage of labour force in the same subgroup,_T,Total,_T,Total,UNE,Unemployment,2012,,5.224,,A,Normal value,,,1,One
DATAFLOW,OECD.ELS.SAE:DSD_LFS@DF_LFS_INDIC(1.1),Employment and unemployment by five-year age group and sex - indicators,I,AUT,Austria,UNE_RATE,Unemployment rate,PT_LF_SUB,Percentage of labour force in the same subgroup,_T,Total,_T,Total,UNE,Unemployment,2012,,4.863,,A,Normal value,,,1,One
DATAFLOW,OECD.ELS.SAE:DSD_LFS@DF_LFS_INDIC(1.1),Employment and unemployment by five-year age group and sex - indicators,I,AUT,Austria,UNE_RATE,Unemployment rate,PT_LF_SUB,Percentage of labour force in the same subgroup,_T,Total,Y15T64,From 15 to 64 years,UNE,Unemployment,2012,,4.939,,A,Normal value,,,1,One
DATAFLOW,OECD.ELS.SAE:DSD_LFS@DF_LFS_INDIC(1.1),Employment and unemployment by five-year age group and sex - indicators,I,BEL,Belgium,UNE_RATE,Unemployment rate,PT_LF_SUB,Percentage of labour force in the same subgroup,_T,Total,Y15T64,From 15 to 64 years,UNE,Unemployment,2012,,7.598,,A,Normal value,,,1,One
DATAFLOW,OECD.ELS.SAE:DSD_LFS@DF_LFS_INDIC(1.1),Employment and unemployment by five-year age group and sex - indicators,I,BEL,Belgium,UNE_RATE,Unemployment rate,PT_LF_SUB,Percentage of labour force in the same subgroup,_T,Total,_T,Total,UNE,Unemployment,2012,,7.54,,A,Normal value,,,1,One
DATAFLOW,OECD.ELS.SAE:DSD_LFS@DF_LFS_INDIC(1.1),Employment and unemployment by five-year age group and sex - indicators,I,CAN,Canada,UNE_RATE,Unemployment rate,PT_LF_SUB,Percentage of labour force in the same subgroup,_T,Total,Y15T64,From 15 to 64 years,UNE,Unemployment,2012,,7.514,,A,Normal value,,,1,One
DATAFLOW,OECD.ELS.SAE:DSD_LFS@DF_LFS_INDIC(1.1),Employment and unemployment by five-year age group and sex - indicators,I,CAN,Canada,UNE_RATE,Unemployment rate,PT_LF_SUB,Percentage of labour force in the same subgroup,_T,Total,_T,Total,UNE,Unemployment,2012,,7.42,,A,Normal value,,,1,One
DATAFLOW,OECD.ELS.SAE:DSD_LFS@DF_LFS_INDIC(1.1),Employment and unemployment by five-year age group and sex - indicators,I,CHL,Chile,UNE_RATE,Unemployment rate,PT_LF_SUB,Percentage of labour force in the same subgroup,_T,Total,_T,Total,UNE,Unemployment,2012,,6.595,,A,Normal value,,,1,One
DATAFLOW,OECD.ELS.SAE:DSD_LFS@DF_LFS_INDIC(1.1),Employment and unemployment by five-year age group and sex - indicators,I,CHL,Chile,UNE_RATE,Unemployment rate,PT_LF_SUB,Percentage of labour force in the same subgroup,_T,Total,Y15T64,From 15 to 64 years,UNE,Unemployment,2012,,6.787,,A,Normal value,,,1,One
DATAFLOW,OECD.ELS.SAE:DSD_LFS@DF_LFS_INDIC(1.1),Employment and unemployment by five-year age group and sex - indicators,I,CRI,Costa Rica,UNE_RATE,Unemployment rate,PT_LF_SUB,Percentage of labour force in the same subgroup,_T,Total,_T,Total,UNE,Unemployment,2012,,10.167,,A,Normal value,,,1,One
DATAFLOW,OECD.ELS.SAE:DSD_LFS@DF_LFS_INDIC(1.1),Employment and unemployment by five-year age group and sex - indicators,I,CRI,Costa Rica,UNE_RATE,Unemployment rate,PT_LF_SUB,Percentage of labour force in the same subgroup,_T,Total,Y15T64,From 15 to 64 years,UNE,Unemployment,2012,,10.282,,A,Normal value,,,1,One
DATAFLOW,OECD.ELS.SAE:DSD_LFS@DF_LFS_INDIC(1.1),Employment and unemployment by five-year age group and sex - indicators,I,CZE,Czechia,UNE_RATE,Unemployment rate,PT_LF_SUB,Percentage of labour force in the same subgroup,_T,Total,_T,Total,UNE,Unemployment,2012,,6.978,,A,Normal value,,,1,One
DATAFLOW,OECD.ELS.SAE:DSD_LFS@DF_LFS_INDIC(1.1),Employment and unemployment by five-year age group and sex - indicators,I,CZE,Czechia,UNE_RATE,Unemployment rate,PT_LF_SUB,Percentage of labour force in the same subgroup,_T,Total,Y15T64,From 15 to 64 years,UNE,Unemployment,2012,,7.043,,A,Normal value,,,1,One
DATAFLOW,OECD.ELS.SAE:DSD_LFS@DF_LFS_INDIC(1.1),Employment and unemployment by five-year age group and sex - indicators,I,DNK,Denmark,UNE_RATE,Unemployment rate,PT_LF_SUB,Percentage of labour force in the same subgroup,_T,Total,Y15T64,From 15 to 64 years,UNE,Unemployment,2012,,7.886,,A,Normal value,,,1,One
DATAFLOW,OECD.ELS.SAE:DSD_LFS@DF_LFS_INDIC(1.1),Employment and unemployment by five-year age group and sex - indicators,I,DNK,Denmark,UNE_RATE,Unemployment rate,PT_LF_SUB,Percentage of labour force in the same subgroup,_T,Total,_T,Total,UNE,Unemployment,2012,,7.667,,A,Normal value,,,1,One
DATAFLOW,OECD.ELS.SAE:DSD_LFS@DF_LFS_INDIC(1.1),Employment and unemployment by five-year age group and sex - indicators,I,EST,Estonia,UNE_RATE,Unemployment rate,PT_LF_SUB,Percentage of labour force in the same subgroup,_T,Total,_T,Total,UNE,Unemployment,2012,,9.954,,A,Normal value,,,1,One
DATAFLOW,OECD.ELS.SAE:DSD_LFS@DF_LFS_INDIC(1.1),Employment and unemployment by five-year age group and sex - indicators,I,EST,Estonia,UNE_RATE,Unemployment rate,PT_LF_SUB,Percentage of labour force in the same subgroup,_T,Total,Y15T64,From 15 to 64 years,UNE,Unemployment,2012,,10.18,,A,Normal value,,,1,One
DATAFLOW,OECD.ELS.SAE:DSD_LFS@DF_LFS_INDIC(1.1),Employment and unemployment by five-year age group and sex - indicators,I,GRC,Greece,UNE_RATE,Unemployment rate,PT_LF_SUB,Percentage of labour force in the same subgroup,_T,Total,_T,Total,UNE,Unemployment,2012,,24.438,,A,Normal value,,,1,One
DATAFLOW,OECD.ELS.SAE:DSD_LFS@DF_LFS_INDIC(1.1),Employment and unemployment by five-year age group and sex - indicators,I,GRC,Greece,UNE_RATE,Unemployment rate,PT_LF_SUB,Percentage of labour force in the same subgroup,_T,Total,Y15T64,From 15 to 64 years,UNE,Unemployment,2012,,24.694,,A,Normal value,,,1,One
DATAFLOW,OECD.ELS.SAE:DSD_LFS@DF_LFS_INDIC(1.1),Employment and unemployment by five-year age group and sex - indicators,I,HUN,Hungary,UNE_RATE,Unemployment rate,PT_LF_SUB,Percentage of labour force in the same subgroup,_T,Total,Y15T64,From 15 to 64 years,UNE,Unemployment,2012,,10.73,,A,Normal value,,,1,One
DATAFLOW,OECD.ELS.SAE:DSD_LFS@DF_LFS_INDIC(1.1),Employment and unemployment by five-year age group and sex - indicators,I,HUN,Hungary,UNE_RATE,Unemployment rate,PT_LF_SUB,Percentage of labour force in the same subgroup,_T,Total,_T,Total,UNE,Unemployment,2012,,10.667,,A,Normal value,,,1,One
DATAFLOW,OECD.ELS.SAE:DSD_LFS@DF_LFS_INDIC(1.1),Employment and unemployment by five-year age group and sex - indicators,I,ISL,Iceland,UNE_RATE,Unemployment rate,PT_LF_SUB,Percentage of labour force in the same subgroup,_T,Total,_T,Total,UNE,Unemployment,2012,,6.551,,A,Normal value,,,1,One
DATAFLOW,OECD.ELS.SAE:DSD_LFS@DF_LFS_INDIC(1.1),Employment and unemployment by five-year age group and sex - indicators,I,ISL,Iceland,UNE_RATE,Unemployment rate,PT_LF_SUB,Percentage of labour force in the same subgroup,_T,Total,Y15T64,From 15 to 64 years,UNE,Unemployment,2012,,6.684,,A,Normal value,,,1,One
DATAFLOW,OECD.ELS.SAE:DSD_LFS@DF_LFS_INDIC(1.1),Employment and unemployment by five-year age group and sex - indicators,I,IRL,Ireland,UNE_RATE,Unemployment rate,PT_LF_SUB,Percentage of labour force in the same subgroup,_T,Total,_T,Total,UNE,Unemployment,2012,,15.416,,A,Normal value,,,1,One
DATAFLOW,OECD.ELS.SAE:DSD_LFS@DF_LFS_INDIC(1.1),Employment and unemployment by five-year age group and sex - indicators,I,IRL,Ireland,UNE_RATE,Unemployment rate,PT_LF_SUB,Percentage of labour force in the same subgroup,_T,Total,Y15T64,From 15 to 64 years,UNE,Unemployment,2012,,15.747,,A,Normal value,,,1,One
DATAFLOW,OECD.ELS.SAE:DSD_LFS@DF_LFS_INDIC(1.1),Employment and unemployment by five-year age group and sex - indicators,I,ISR,Israel,UNE_RATE,Unemployment rate,PT_LF_SUB,Percentage of labour force in the same subgroup,_T,Total,_T,Total,UNE,Unemployment,2012,,6.855,,A,Normal value,,,1,One
DATAFLOW,OECD.ELS.SAE:DSD_LFS@DF_LFS_INDIC(1.1),Employment and unemployment by five-year age group and sex - indicators,I,ISR,Israel,UNE_RATE,Unemployment rate,PT_LF_SUB,Percentage of labour force in the same subgroup,_T,Total,Y15T64,From 15 to 64 years,UNE,Unemployment,2012,,6.955,,A,Normal value,,,1,One
DATAFLOW,OECD.ELS.SAE:DSD_LFS@DF_LFS_INDIC(1.1),Employment and unemployment by five-year age group and sex - indicators,I,ITA,Italy,UNE_RATE,Unemployment rate,PT_LF_SUB,Percentage of labour force in the same subgroup,_T,Total,_T,Total,UNE,Unemployment,2012,,10.654,,A,Normal value,,,1,One
DATAFLOW,OECD.ELS.SAE:DSD_LFS@DF_LFS_INDIC(1.1),Employment and unemployment by five-year age group and sex - indicators,I,KOR,Korea,UNE_RATE,Unemployment rate,PT_LF_SUB,Percentage of labour force in the same subgroup,_T,Total,_T,Total,UNE,Unemployment,2012,,3.203,,A,Normal value,,,1,One
DATAFLOW,OECD.ELS.SAE:DSD_LFS@DF_LFS_INDIC(1.1),Employment and unemployment by five-year age group and sex - indicators,I,KOR,Korea,UNE_RATE,Unemployment rate,PT_LF_SUB,Percentage of labour force in the same subgroup,_T,Total,Y15T64,From 15 to 64 years,UNE,Unemployment,2012,,3.285,,A,Normal value,,,1,One
DATAFLOW,OECD.ELS.SAE:DSD_LFS@DF_LFS_INDIC(1.1),Employment and unemployment by five-year age group and sex - indicators,I,LVA,Latvia,UNE_RATE,Unemployment rate,PT_LF_SUB,Percentage of labour force in the same subgroup,_T,Total,_T,Total,UNE,Unemployment,2012,,15.039,,A,Normal value,,,1,One
DATAFLOW,OECD.ELS.SAE:DSD_LFS@DF_LFS_INDIC(1.1),Employment and unemployment by five-year age group and sex - indicators,I,LVA,Latvia,UNE_RATE,Unemployment rate,PT_LF_SUB,Percentage of labour force in the same subgroup,_T,Total,Y15T64,From 15 to 64 years,UNE,Unemployment,2012,,15.336,,A,Normal value,,,1,One
DATAFLOW,OECD.ELS.SAE:DSD_LFS@DF_LFS_INDIC(1.1),Employment and unemployment by five-year age group and sex - indicators,I,LTU,Lithuania,UNE_RATE,Unemployment rate,PT_LF_SUB,Percentage of labour force in the same subgroup,_T,Total,Y15T64,From 15 to 64 years,UNE,Unemployment,2012,,13.636,,A,Normal value,,,1,One
DATAFLOW,OECD.ELS.SAE:DSD_LFS@DF_LFS_INDIC(1.1),Employment and unemployment by five-year age group and sex - indicators,I,LTU,Lithuania,UNE_RATE,Unemployment rate,PT_LF_SUB,Percentage of labour force in the same subgroup,_T,Total,_T,Total,UNE,Unemployment,2012,,13.36,,A,Normal value,,,1,One
DATAFLOW,OECD.ELS.SAE:DSD_LFS@DF_LFS_INDIC(1.1),Employment and unemployment by five-year age group and sex - indicators,I,LUX,Luxembourg,UNE_RATE,Unemployment rate,PT_LF_SUB,Percentage of labour force in the same subgroup,_T,Total,Y15T64,From 15 to 64 years,UNE,Unemployment,2012,,5.149,,A,Normal value,,,1,One
DATAFLOW,OECD.ELS.SAE:DSD_LFS@DF_LFS_INDIC(1.1),Employment and unemployment by five-year age group and sex - indicators,I,LUX,Luxembourg,UNE_RATE,Unemployment rate,PT_LF_SUB,Percentage of labour force in the same subgroup,_T,Total,_T,Total,UNE,Unemployment,2012,,5.101,,A,Normal value,,,1,One
DATAFLOW,OECD.ELS.SAE:DSD_LFS@DF_LFS_INDIC(1.1),Employment and unemployment by five-year age group and sex - indicators,I,NLD,Netherlands,UNE_RATE,Unemployment rate,PT_LF_SUB,Percentage of labour force in the same subgroup,_T,Total,_T,Total,UNE,Unemployment,2012,,5.82,,A,Normal value,,,1,One
DATAFLOW,OECD.ELS.SAE:DSD_LFS@DF_LFS_INDIC(1.1),Employment and unemployment by five-year age group and sex - indicators,I,NLD,Netherlands,UNE_RATE,Unemployment rate,PT_LF_SUB,Percentage of labour force in the same subgroup,_T,Total,Y15T64,From 15 to 64 years,UNE,Unemployment,2012,,5.869,,A,Normal value,,,1,One
DATAFLOW,OECD.ELS.SAE:DSD_LFS@DF_LFS_INDIC(1.1),Employment and unemployment by five-year age group and sex - indicators,I,NZL,New Zealand,UNE_RATE,Unemployment rate,PT_LF_SUB,Percentage of labour force in the same subgroup,_T,Total,_T,Total,UNE,Unemployment,2012,,6.928,,A,Normal value,,,1,One
DATAFLOW,OECD.ELS.SAE:DSD_LFS@DF_LFS_INDIC(1.1),Employment and unemployment by five-year age group and sex - indicators,I,NZL,New Zealand,UNE_RATE,Unemployment rate,PT_LF_SUB,Percentage of labour force in the same subgroup,_T,Total,Y15T64,From 15 to 64 years,UNE,Unemployment,2012,,7.197,,A,Normal value,,,1,One
DATAFLOW,OECD.ELS.SAE:DSD_LFS@DF_LFS_INDIC(1.1),Employment and unemployment by five-year age group and sex - indicators,I,NOR,Norway,UNE_RATE,Unemployment rate,PT_LF_SUB,Percentage of labour force in the same subgroup,_T,Total,Y15T64,From 15 to 64 years,UNE,Unemployment,2012,,3.201,,A,Normal value,,,1,One
DATAFLOW,OECD.ELS.SAE:DSD_LFS@DF_LFS_INDIC(1.1),Employment and unemployment by five-year age group and sex - indicators,I,NOR,Norway,UNE_RATE,Unemployment rate,PT_LF_SUB,Percentage of labour force in the same subgroup,_T,Total,_T,Total,UNE,Unemployment,2012,,3.119,,A,Normal value,,,1,One
DATAFLOW,OECD.ELS.SAE:DSD_LFS@DF_LFS_INDIC(1.1),Employment and unemployment by five-year age group and sex - indicators,I,PRT,Portugal,UNE_RATE,Unemployment rate,PT_LF_SUB,Percentage of labour force in the same subgroup,_T,Total,_T,Total,UNE,Unemployment,2012,,16.5,,A,Normal value,,,1,One
DATAFLOW,OECD.ELS.SAE:DSD_LFS@DF_LFS_INDIC(1.1),Employment and unemployment by five-year age group and sex - indicators,I,PRT,Portugal,UNE_RATE,Unemployment rate,PT_LF_SUB,Percentage of labour force in the same subgroup,_T,Total,Y15T64,From 15 to 64 years,UNE,Unemployment,2012,,16.797,,A,Normal value,,,1,One
DATAFLOW,OECD.ELS.SAE:DSD_LFS@DF_LFS_INDIC(1.1),Employment and unemployment by five-year age group and sex - indicators,I,SVK,Slovak Republic,UNE_RATE,Unemployment rate,PT_LF_SUB,Percentage of labour force in the same subgroup,_T,Total,_T,Total,UNE,Unemployment,2012,,13.944,,A,Normal value,,,1,One
DATAFLOW,OECD.ELS.SAE:DSD_LFS@DF_LFS_INDIC(1.1),Employment and unemployment by five-year age group and sex - indicators,I,SVK,Slovak Republic,UNE_RATE,Unemployment rate,PT_LF_SUB,Percentage of labour force in the same subgroup,_T,Total,Y15T64,From 15 to 64 years,UNE,Unemployment,2012,,13.991,,A,Normal value,,,1,One
DATAFLOW,OECD.ELS.SAE:DSD_LFS@DF_LFS_INDIC(1.1),Employment and unemployment by five-year age group and sex - indicators,I,SVN,Slovenia,UNE_RATE,Unemployment rate,PT_LF_SUB,Percentage of labour force in the same subgroup,_T,Total,_T,Total,UNE,Unemployment,2012,,8.834,,A,Normal value,,,1,One
DATAFLOW,OECD.ELS.SAE:DSD_LFS@DF_LFS_INDIC(1.1),Employment and unemployment by five-year age group and sex - indicators,I,SVN,Slovenia,UNE_RATE,Unemployment rate,PT_LF_SUB,Percentage of labour force in the same subgroup,_T,Total,Y15T64,From 15 to 64 years,UNE,Unemployment,2012,,8.986,,A,Normal value,,,1,One
DATAFLOW,OECD.ELS.SAE:DSD_LFS@DF_LFS_INDIC(1.1),Employment and unemployment by five-year age group and sex - indicators,I,CHE,Switzerland,UNE_RATE,Unemployment rate,PT_LF_SUB,Percentage of labour force in the same subgroup,_T,Total,_T,Total,UNE,Unemployment,2012,,4.489,,A,Normal value,,,1,One
DATAFLOW,OECD.ELS.SAE:DSD_LFS@DF_LFS_INDIC(1.1),Employment and unemployment by five-year age group and sex - indicators,I,CHE,Switzerland,UNE_RATE,Unemployment rate,PT_LF_SUB,Percentage of labour force in the same subgroup,_T,Total,Y15T64,From 15 to 64 years,UNE,Unemployment,2012,,4.606,,A,Normal value,,,1,One
DATAFLOW,OECD.ELS.SAE:DSD_LFS@DF_LFS_INDIC(1.1),Employment and unemployment by five-year age group and sex - indicators,I,EU27,European Union (27 countries),UNE_RATE,Unemployment rate,PT_LF_SUB,Percentage of labour force in the same subgroup,_T,Total,Y15T64,From 15 to 64 years,UNE,Unemployment,2012,,11.024,,A,Normal value,,,1,One
DATAFLOW,OECD.ELS.SAE:DSD_LFS@DF_LFS_INDIC(1.1),Employment and unemployment by five-year age group and sex - indicators,I,EU27,European Union (27 countries),UNE_RATE,Unemployment rate,PT_LF_SUB,Percentage of labour force in the same subgroup,_T,Total,_T,Total,UNE,Unemployment,2012,,10.871,,A,Normal value,,,1,One
DATAFLOW,OECD.ELS.SAE:DSD_LFS@DF_LFS_INDIC(1.1),Employment and unemployment by five-year age group and sex - indicators,I,EU19OECD,European Union (19 countries) in OECD,UNE_RATE,Unemployment rate,PT_LF_SUB,Percentage of labour force in the same subgroup,_T,Total,_T,Total,UNE,Unemployment,2012,,11.385,,A,Normal value,,,1,One
DATAFLOW,OECD.ELS.SAE:DSD_LFS@DF_LFS_INDIC(1.1),Employment and unemployment by five-year age group and sex - indicators,I,EU22OECD,European Union (22 countries) in OECD,UNE_RATE,Unemployment rate,PT_LF_SUB,Percentage of labour force in the same subgroup,_T,Total,_T,Total,UNE,Unemployment,2012,,10.994,,A,Normal value,,,1,One
DATAFLOW,OECD.ELS.SAE:DSD_LFS@DF_LFS_INDIC(1.1),Employment and unemployment by five-year age group and sex - indicators,I,OECD,OECD,UNE_RATE,Unemployment rate,PT_LF_SUB,Percentage of labour force in the same subgroup,_T,Total,Y15T64,From 15 to 64 years,UNE,Unemployment,2012,,8.309,,A,Normal value,,,1,One
DATAFLOW,OECD.ELS.SAE:DSD_LFS@DF_LFS_INDIC(1.1),Employment and unemployment by five-year age group and sex - indicators,I,OECD_REP,OECD average country,UNE_RATE,Unemployment rate,PT_LF_SUB,Percentage of labour force in the same subgroup,_T,Total,Y15T64,From 15 to 64 years,UNE,Unemployment,2012,,9.309,,A,Normal value,,,1,One
DATAFLOW,OECD.ELS.SAE:DSD_LFS@DF_LFS_INDIC(1.1),Employment and unemployment by five-year age group and sex - indicators,I,OECD_REP,OECD average country,UNE_RATE,Unemployment rate,PT_LF_SUB,Percentage of labour force in the same subgroup,_T,Total,_T,Total,UNE,Unemployment,2012,,9.157,,A,Normal value,,,1,One
DATAFLOW,OECD.ELS.SAE:DSD_LFS@DF_LFS_INDIC(1.1),Employment and unemployment by five-year age group and sex - indicators,I,BGR,Bulgaria,UNE_RATE,Unemployment rate,PT_LF_SUB,Percentage of labour force in the same subgroup,_T,Total,_T,Total,UNE,Unemployment,2012,,12.268,,A,Normal value,,,1,One
DATAFLOW,OECD.ELS.SAE:DSD_LFS@DF_LFS_INDIC(1.1),Employment and unemployment by five-year age group and sex - indicators,I,BGR,Bulgaria,UNE_RATE,Unemployment rate,PT_LF_SUB,Percentage of labour force in the same subgroup,_T,Total,Y15T64,From 15 to 64 years,UNE,Unemployment,2012,,12.377,,A,Normal value,,,1,One
DATAFLOW,OECD.ELS.SAE:DSD_LFS@DF_LFS_INDIC(1.1),Employment and unemployment by five-year age group and sex - indicators,I,HRV,Croatia,UNE_RATE,Unemployment rate,PT_LF_SUB,Percentage of labour force in the same subgroup,_T,Total,Y15T64,From 15 to 64 years,UNE,Unemployment,2012,,16.365,,A,Normal value,,,1,One
DATAFLOW,OECD.ELS.SAE:DSD_LFS@DF_LFS_INDIC(1.1),Employment and unemployment by five-year age group and sex - indicators,I,HRV,Croatia,UNE_RATE,Unemployment rate,PT_LF_SUB,Percentage of labour force in the same subgroup,_T,Total,_T,Total,UNE,Unemployment,2012,,16.043,,A,Normal value,,,1,One
DATAFLOW,OECD.ELS.SAE:DSD_LFS@DF_LFS_INDIC(1.1),Employment and unemployment by five-year age group and sex - indicators,I,CYP,Cyprus,UNE_RATE,Unemployment rate,PT_LF_SUB,Percentage of labour force in the same subgroup,_T,Total,Y15T64,From 15 to 64 years,UNE,Unemployment,2012,,12.035,,A,Normal value,,,1,One
DATAFLOW,OECD.ELS.SAE:DSD_LFS@DF_LFS_INDIC(1.1),Employment and unemployment by five-year age group and sex - indicators,I,CYP,Cyprus,UNE_RATE,Unemployment rate,PT_LF_SUB,Percentage of labour force in the same subgroup,_T,Total,_T,Total,UNE,Unemployment,2012,,11.776,,A,Normal value,,,1,One
DATAFLOW,OECD.ELS.SAE:DSD_LFS@DF_LFS_INDIC(1.1),Employment and unemployment by five-year age group and sex - indicators,I,MLT,Malta,UNE_RATE,Unemployment rate,PT_LF_SUB,Percentage of labour force in the same subgroup,_T,Total,Y15T64,From 15 to 64 years,UNE,Unemployment,2012,,6.207,,A,Normal value,,,1,One
DATAFLOW,OECD.ELS.SAE:DSD_LFS@DF_LFS_INDIC(1.1),Employment and unemployment by five-year age group and sex - indicators,I,MLT,Malta,UNE_RATE,Unemployment rate,PT_LF_SUB,Percentage of labour force in the same subgroup,_T,Total,_T,Total,UNE,Unemployment,2012,,6.143,,A,Normal value,,,1,One
DATAFLOW,OECD.ELS.SAE:DSD_LFS@DF_LFS_INDIC(1.1),Employment and unemployment by five-year age group and sex - indicators,I,MKD,North Macedonia,UNE_RATE,Unemployment rate,PT_LF_SUB,Percentage of labour force in the same subgroup,_T,Total,_T,Total,UNE,Unemployment,2012,,31.012,,A,Normal value,,,1,One
DATAFLOW,OECD.ELS.SAE:DSD_LFS@DF_LFS_INDIC(1.1),Employment and unemployment by five-year age group and sex - indicators,I,MKD,North Macedonia,UNE_RATE,Unemployment rate,PT_LF_SUB,Percentage of labour force in the same subgroup,_T,Total,Y15T64,From 15 to 64 years,UNE,Unemployment,2012,,31.193,,A,Normal value,,,1,One
DATAFLOW,OECD.ELS.SAE:DSD_LFS@DF_LFS_INDIC(1.1),Employment and unemployment by five-year age group and sex - indicators,I,PER,Peru,UNE_RATE,Unemployment rate,PT_LF_SUB,Percentage of labour force in the same subgroup,_T,Total,Y15T64,From 15 to 64 years,UNE,Unemployment,2012,,3.748,,A,Normal value,,,1,One
DATAFLOW,OECD.ELS.SAE:DSD_LFS@DF_LFS_INDIC(1.1),Employment and unemployment by five-year age group and sex - indicators,I,PER,Peru,UNE_RATE,Unemployment rate,PT_LF_SUB,Percentage of labour force in the same subgroup,_T,Total,_T,Total,UNE,Unemployment,2012,,3.599,,A,Normal value,,,1,One
DATAFLOW,OECD.ELS.SAE:DSD_LFS@DF_LFS_INDIC(1.1),Employment and unemployment by five-year age group and sex - indicators,I,ROU,Romania,UNE_RATE,Unemployment rate,PT_LF_SUB,Percentage of labour force in the same subgroup,_T,Total,Y15T64,From 15 to 64 years,UNE,Unemployment,2012,,7.085,,A,Normal value,,,1,One
DATAFLOW,OECD.ELS.SAE:DSD_LFS@DF_LFS_INDIC(1.1),Employment and unemployment by five-year age group and sex - indicators,I,ROU,Romania,UNE_RATE,Unemployment rate,PT_LF_SUB,Percentage of labour force in the same subgroup,_T,Total,_T,Total,UNE,Unemployment,2012,,6.793,,A,Normal value,,,1,One
DATAFLOW,OECD.ELS.SAE:DSD_LFS@DF_LFS_INDIC(1.1),Employment and unemployment by five-year age group and sex - indicators,I,THA,Thailand,UNE_RATE,Unemployment rate,PT_LF_SUB,Percentage of labour force in the same subgroup,_T,Total,Y15T64,From 15 to 64 years,UNE,Unemployment,2012,,0.685,,A,Normal value,,,1,One
DATAFLOW,OECD.ELS.SAE:DSD_LFS@DF_LFS_INDIC(1.1),Employment and unemployment by five-year age group and sex - indicators,I,THA,Thailand,UNE_RATE,Unemployment rate,PT_LF_SUB,Percentage of labour force in the same subgroup,_T,Total,_T,Total,UNE,Unemployment,2012,,0.665,,A,Normal value,,,1,One
DATAFLOW,OECD.ELS.SAE:DSD_LFS@DF_LFS_INDIC(1.1),Employment and unemployment by five-year age group and sex - indicators,I,AUS,Australia,UNE_RATE,Unemployment rate,PT_LF_SUB,Percentage of labour force in the same subgroup,_T,Total,_T,Total,UNE,Unemployment,2014,,6.077,,A,Normal value,,,1,One
DATAFLOW,OECD.ELS.SAE:DSD_LFS@DF_LFS_INDIC(1.1),Employment and unemployment by five-year age group and sex - indicators,I,AUT,Austria,UNE_RATE,Unemployment rate,PT_LF_SUB,Percentage of labour force in the same subgroup,_T,Total,_T,Total,UNE,Unemployment,2014,,5.618,,A,Normal value,,,1,One
DATAFLOW,OECD.ELS.SAE:DSD_LFS@DF_LFS_INDIC(1.1),Employment and unemployment by five-year age group and sex - indicators,I,AUT,Austria,UNE_RATE,Unemployment rate,PT_LF_SUB,Percentage of labour force in the same subgroup,_T,Total,Y15T64,From 15 to 64 years,UNE,Unemployment,2014,,5.707,,A,Normal value,,,1,One
DATAFLOW,OECD.ELS.SAE:DSD_LFS@DF_LFS_INDIC(1.1),Employment and unemployment by five-year age group and sex - indicators,I,BEL,Belgium,UNE_RATE,Unemployment rate,PT_LF_SUB,Percentage of labour force in the same subgroup,_T,Total,Y15T64,From 15 to 64 years,UNE,Unemployment,2014,,8.596,,A,Normal value,,,1,One
DATAFLOW,OECD.ELS.SAE:DSD_LFS@DF_LFS_INDIC(1.1),Employment and unemployment by five-year age group and sex - indicators,I,BEL,Belgium,UNE_RATE,Unemployment rate,PT_LF_SUB,Percentage of labour force in the same subgroup,_T,Total,_T,Total,UNE,Unemployment,2014,,8.521,,A,Normal value,,,1,One
DATAFLOW,OECD.ELS.SAE:DSD_LFS@DF_LFS_INDIC(1.1),Employment and unemployment by five-year age group and sex - indicators,I,CAN,Canada,UNE_RATE,Unemployment rate,PT_LF_SUB,Percentage of labour force in the same subgroup,_T,Total,Y15T64,From 15 to 64 years,UNE,Unemployment,2014,,7.151,,A,Normal value,,,1,One
DATAFLOW,OECD.ELS.SAE:DSD_LFS@DF_LFS_INDIC(1.1),Employment and unemployment by five-year age group and sex - indicators,I,CHL,Chile,UNE_RATE,Unemployment rate,PT_LF_SUB,Percentage of labour force in the same subgroup,_T,Total,_T,Total,UNE,Unemployment,2014,,6.497,,A,Normal value,,,1,One
DATAFLOW,OECD.ELS.SAE:DSD_LFS@DF_LFS_INDIC(1.1),Employment and unemployment by five-year age group and sex - indicators,I,CRI,Costa Rica,UNE_RATE,Unemployment rate,PT_LF_SUB,Percentage of labour force in the same subgroup,_T,Total,_T,Total,UNE,Unemployment,2014,,9.616,,A,Normal value,,,1,One
DATAFLOW,OECD.ELS.SAE:DSD_LFS@DF_LFS_INDIC(1.1),Employment and unemployment by five-year age group and sex - indicators,I,CRI,Costa Rica,UNE_RATE,Unemployment rate,PT_LF_SUB,Percentage of labour force in the same subgroup,_T,Total,Y15T64,From 15 to 64 years,UNE,Unemployment,2014,,9.776,,A,Normal value,,,1,One
DATAFLOW,OECD.ELS.SAE:DSD_LFS@DF_LFS_INDIC(1.1),Employment and unemployment by five-year age group and sex - indicators,I,CZE,Czechia,UNE_RATE,Unemployment rate,PT_LF_SUB,Percentage of labour force in the same subgroup,_T,Total,_T,Total,UNE,Unemployment,2014,,6.106,,A,Normal value,,,1,One
DATAFLOW,OECD.ELS.SAE:DSD_LFS@DF_LFS_INDIC(1.1),Employment and unemployment by five-year age group and sex - indicators,I,CZE,Czechia,UNE_RATE,Unemployment rate,PT_LF_SUB,Percentage of labour force in the same subgroup,_T,Total,Y15T64,From 15 to 64 years,UNE,Unemployment,2014,,6.192,,A,Normal value,,,1,One
DATAFLOW,OECD.ELS.SAE:DSD_LFS@DF_LFS_INDIC(1.1),Employment and unemployment by five-year age group and sex - indicators,I,DNK,Denmark,UNE_RATE,Unemployment rate,PT_LF_SUB,Percentage of labour force in the same subgroup,_T,Total,Y15T64,From 15 to 64 years,UNE,Unemployment,2014,,7.032,,A,Normal value,,,1,One
DATAFLOW,OECD.ELS.SAE:DSD_LFS@DF_LFS_INDIC(1.1),Employment and unemployment by five-year age group and sex - indicators,I,DNK,Denmark,UNE_RATE,Unemployment rate,PT_LF_SUB,Percentage of labour force in the same subgroup,_T,Total,_T,Total,UNE,Unemployment,2014,,6.823,,A,Normal value,,,1,One
DATAFLOW,OECD.ELS.SAE:DSD_LFS@DF_LFS_INDIC(1.1),Employment and unemployment by five-year age group and sex - indicators,I,EST,Estonia,UNE_RATE,Unemployment rate,PT_LF_SUB,Percentage of labour force in the same subgroup,_T,Total,_T,Total,UNE,Unemployment,2014,,7.307,,A,Normal value,,,1,One
DATAFLOW,OECD.ELS.SAE:DSD_LFS@DF_LFS_INDIC(1.1),Employment and unemployment by five-year age group and sex - indicators,I,EST,Estonia,UNE_RATE,Unemployment rate,PT_LF_SUB,Percentage of labour force in the same subgroup,_T,Total,Y15T64,From 15 to 64 years,UNE,Unemployment,2014,,7.484,,A,Normal value,,,1,One
DATAFLOW,OECD.ELS.SAE:DSD_LFS@DF_LFS_INDIC(1.1),Employment and unemployment by five-year age group and sex - indicators,I,GRC,Greece,UNE_RATE,Unemployment rate,PT_LF_SUB,Percentage of labour force in the same subgroup,_T,Total,Y15T64,From 15 to 64 years,UNE,Unemployment,2014,,26.701,,A,Normal value,,,1,One
DATAFLOW,OECD.ELS.SAE:DSD_LFS@DF_LFS_INDIC(1.1),Employment and unemployment by five-year age group and sex - indicators,I,HUN,Hungary,UNE_RATE,Unemployment rate,PT_LF_SUB,Percentage of labour force in the same subgroup,_T,Total,Y15T64,From 15 to 64 years,UNE,Unemployment,2014,,7.546,,A,Normal value,,,1,One
DATAFLOW,OECD.ELS.SAE:DSD_LFS@DF_LFS_INDIC(1.1),Employment and unemployment by five-year age group and sex - indicators,I,HUN,Hungary,UNE_RATE,Unemployment rate,PT_LF_SUB,Percentage of labour force in the same subgroup,_T,Total,_T,Total,UNE,Unemployment,2014,,7.508,,A,Normal value,,,1,One
DATAFLOW,OECD.ELS.SAE:DSD_LFS@DF_LFS_INDIC(1.1),Employment and unemployment by five-year age group and sex - indicators,I,ISL,Iceland,UNE_RATE,Unemployment rate,PT_LF_SUB,Percentage of labour force in the same subgroup,_T,Total,_T,Total,UNE,Unemployment,2014,,5.352,,A,Normal value,,,1,One
DATAFLOW,OECD.ELS.SAE:DSD_LFS@DF_LFS_INDIC(1.1),Employment and unemployment by five-year age group and sex - indicators,I,ISL,Iceland,UNE_RATE,Unemployment rate,PT_LF_SUB,Percentage of labour force in the same subgroup,_T,Total,Y15T64,From 15 to 64 years,UNE,Unemployment,2014,,5.543,,A,Normal value,,,1,One
DATAFLOW,OECD.ELS.SAE:DSD_LFS@DF_LFS_INDIC(1.1),Employment and unemployment by five-year age group and sex - indicators,I,IRL,Ireland,UNE_RATE,Unemployment rate,PT_LF_SUB,Percentage of labour force in the same subgroup,_T,Total,_T,Total,UNE,Unemployment,2014,,11.829,,A,Normal value,,,1,One
DATAFLOW,OECD.ELS.SAE:DSD_LFS@DF_LFS_INDIC(1.1),Employment and unemployment by five-year age group and sex - indicators,I,IRL,Ireland,UNE_RATE,Unemployment rate,PT_LF_SUB,Percentage of labour force in the same subgroup,_T,Total,Y15T64,From 15 to 64 years,UNE,Unemployment,2014,,12.114,,A,Normal value,,,1,One
DATAFLOW,OECD.ELS.SAE:DSD_LFS@DF_LFS_INDIC(1.1),Employment and unemployment by five-year age group and sex - indicators,I,ISR,Israel,UNE_RATE,Unemployment rate,PT_LF_SUB,Percentage of labour force in the same subgroup,_T,Total,_T,Total,UNE,Unemployment,2014,,5.887,,A,Normal value,,,1,One
DATAFLOW,OECD.ELS.SAE:DSD_LFS@DF_LFS_INDIC(1.1),Employment and unemployment by five-year age group and sex - indicators,I,ISR,Israel,UNE_RATE,Unemployment rate,PT_LF_SUB,Percentage of labour force in the same subgroup,_T,Total,Y15T64,From 15 to 64 years,UNE,Unemployment,2014,,5.986,,A,Normal value,,,1,One
DATAFLOW,OECD.ELS.SAE:DSD_LFS@DF_LFS_INDIC(1.1),Employment and unemployment by five-year age group and sex - indicators,I,LVA,Latvia,UNE_RATE,Unemployment rate,PT_LF_SUB,Percentage of labour force in the same subgroup,_T,Total,_T,Total,UNE,Unemployment,2014,,10.835,,A,Normal value,,,1,One
DATAFLOW,OECD.ELS.SAE:DSD_LFS@DF_LFS_INDIC(1.1),Employment and unemployment by five-year age group and sex - indicators,I,LVA,Latvia,UNE_RATE,Unemployment rate,PT_LF_SUB,Percentage of labour force in the same subgroup,_T,Total,Y15T64,From 15 to 64 years,UNE,Unemployment,2014,,11.086,,A,Normal value,,,1,One
DATAFLOW,OECD.ELS.SAE:DSD_LFS@DF_LFS_INDIC(1.1),Employment and unemployment by five-year age group and sex - indicators,I,LTU,Lithuania,UNE_RATE,Unemployment rate,PT_LF_SUB,Percentage of labour force in the same subgroup,_T,Total,Y15T64,From 15 to 64 years,UNE,Unemployment,2014,,10.892,,A,Normal value,,,1,One
DATAFLOW,OECD.ELS.SAE:DSD_LFS@DF_LFS_INDIC(1.1),Employment and unemployment by five-year age group and sex - indicators,I,LTU,Lithuania,UNE_RATE,Unemployment rate,PT_LF_SUB,Percentage of labour force in the same subgroup,_T,Total,_T,Total,UNE,Unemployment,2014,,10.691,,A,Normal value,,,1,One
DATAFLOW,OECD.ELS.SAE:DSD_LFS@DF_LFS_INDIC(1.1),Employment and unemployment by five-year age group and sex - indicators,I,LUX,Luxembourg,UNE_RATE,Unemployment rate,PT_LF_SUB,Percentage of labour force in the same subgroup,_T,Total,Y15T64,From 15 to 64 years,UNE,Unemployment,2014,,5.854,,A,Normal value,,,1,One
DATAFLOW,OECD.ELS.SAE:DSD_LFS@DF_LFS_INDIC(1.1),Employment and unemployment by five-year age group and sex - indicators,I,LUX,Luxembourg,UNE_RATE,Unemployment rate,PT_LF_SUB,Percentage of labour force in the same subgroup,_T,Total,_T,Total,UNE,Unemployment,2014,,5.816,,A,Normal value,,,1,One
DATAFLOW,OECD.ELS.SAE:DSD_LFS@DF_LFS_INDIC(1.1),Employment and unemployment by five-year age group and sex - indicators,I,NZL,New Zealand,UNE_RATE,Unemployment rate,PT_LF_SUB,Percentage of labour force in the same subgroup,_T,Total,_T,Total,UNE,Unemployment,2014,,5.425,,A,Normal value,,,1,One
DATAFLOW,OECD.ELS.SAE:DSD_LFS@DF_LFS_INDIC(1.1),Employment and unemployment by five-year age group and sex - indicators,I,NZL,New Zealand,UNE_RATE,Unemployment rate,PT_LF_SUB,Percentage of labour force in the same subgroup,_T,Total,Y15T64,From 15 to 64 years,UNE,Unemployment,2014,,5.646,,A,Normal value,,,1,One
DATAFLOW,OECD.ELS.SAE:DSD_LFS@DF_LFS_INDIC(1.1),Employment and unemployment by five-year age group and sex - indicators,I,NOR,Norway,UNE_RATE,Unemployment rate,PT_LF_SUB,Percentage of labour force in the same subgroup,_T,Total,Y15T64,From 15 to 64 years,UNE,Unemployment,2014,,3.576,,A,Normal value,,,1,One
DATAFLOW,OECD.ELS.SAE:DSD_LFS@DF_LFS_INDIC(1.1),Employment and unemployment by five-year age group and sex - indicators,I,NOR,Norway,UNE_RATE,Unemployment rate,PT_LF_SUB,Percentage of labour force in the same subgroup,_T,Total,_T,Total,UNE,Unemployment,2014,,3.479,,A,Normal value,,,1,One
DATAFLOW,OECD.ELS.SAE:DSD_LFS@DF_LFS_INDIC(1.1),Employment and unemployment by five-year age group and sex - indicators,I,POL,Poland,UNE_RATE,Unemployment rate,PT_LF_SUB,Percentage of labour force in the same subgroup,_T,Total,Y15T64,From 15 to 64 years,UNE,Unemployment,2014,,9.105,,A,Normal value,,,1,One
DATAFLOW,OECD.ELS.SAE:DSD_LFS@DF_LFS_INDIC(1.1),Employment and unemployment by five-year age group and sex - indicators,I,PRT,Portugal,UNE_RATE,Unemployment rate,PT_LF_SUB,Percentage of labour force in the same subgroup,_T,Total,_T,Total,UNE,Unemployment,2014,,14.524,,A,Normal value,,,1,One
DATAFLOW,OECD.ELS.SAE:DSD_LFS@DF_LFS_INDIC(1.1),Employment and unemployment by five-year age group and sex - indicators,I,PRT,Portugal,UNE_RATE,Unemployment rate,PT_LF_SUB,Percentage of labour force in the same subgroup,_T,Total,Y15T64,From 15 to 64 years,UNE,Unemployment,2014,,14.772,,A,Normal value,,,1,One
DATAFLOW,OECD.ELS.SAE:DSD_LFS@DF_LFS_INDIC(1.1),Employment and unemployment by five-year age group and sex - indicators,I,SVK,Slovak Republic,UNE_RATE,Unemployment rate,PT_LF_SUB,Percentage of labour force in the same subgroup,_T,Total,_T,Total,UNE,Unemployment,2014,,13.177,,A,Normal value,,,1,One
DATAFLOW,OECD.ELS.SAE:DSD_LFS@DF_LFS_INDIC(1.1),Employment and unemployment by five-year age group and sex - indicators,I,SVK,Slovak Republic,UNE_RATE,Unemployment rate,PT_LF_SUB,Percentage of labour force in the same subgroup,_T,Total,Y15T64,From 15 to 64 years,UNE,Unemployment,2014,,13.214,,A,Normal value,,,1,One
DATAFLOW,OECD.ELS.SAE:DSD_LFS@DF_LFS_INDIC(1.1),Employment and unemployment by five-year age group and sex - indicators,I,SVN,Slovenia,UNE_RATE,Unemployment rate,PT_LF_SUB,Percentage of labour force in the same subgroup,_T,Total,_T,Total,UNE,Unemployment,2014,,9.661,,A,Normal value,,,1,One
DATAFLOW,OECD.ELS.SAE:DSD_LFS@DF_LFS_INDIC(1.1),Employment and unemployment by five-year age group and sex - indicators,I,SVN,Slovenia,UNE_RATE,Unemployment rate,PT_LF_SUB,Percentage of labour force in the same subgroup,_T,Total,Y15T64,From 15 to 64 years,UNE,Unemployment,2014,,9.897,,A,Normal value,,,1,One
DATAFLOW,OECD.ELS.SAE:DSD_LFS@DF_LFS_INDIC(1.1),Employment and unemployment by five-year age group and sex - indicators,I,SWE,Sweden,UNE_RATE,Unemployment rate,PT_LF_SUB,Percentage of labour force in the same subgroup,_T,Total,Y15T64,From 15 to 64 years,UNE,Unemployment,2014,,8.116,,A,Normal value,,,1,One
DATAFLOW,OECD.ELS.SAE:DSD_LFS@DF_LFS_INDIC(1.1),Employment and unemployment by five-year age group and sex - indicators,I,SWE,Sweden,UNE_RATE,Unemployment rate,PT_LF_SUB,Percentage of labour force in the same subgroup,_T,Total,_T,Total,UNE,Unemployment,2014,,7.929,,A,Normal value,,,1,One
DATAFLOW,OECD.ELS.SAE:DSD_LFS@DF_LFS_INDIC(1.1),Employment and unemployment by five-year age group and sex - indicators,I,CHE,Switzerland,UNE_RATE,Unemployment rate,PT_LF_SUB,Percentage of labour force in the same subgroup,_T,Total,_T,Total,UNE,Unemployment,2014,,4.824,,A,Normal value,,,1,One
DATAFLOW,OECD.ELS.SAE:DSD_LFS@DF_LFS_INDIC(1.1),Employment and unemployment by five-year age group and sex - indicators,I,CHE,Switzerland,UNE_RATE,Unemployment rate,PT_LF_SUB,Percentage of labour force in the same subgroup,_T,Total,Y15T64,From 15 to 64 years,UNE,Unemployment,2014,,4.973,,A,Normal value,,,1,One
DATAFLOW,OECD.ELS.SAE:DSD_LFS@DF_LFS_INDIC(1.1),Employment and unemployment by five-year age group and sex - indicators,I,EU27,European Union (27 countries),UNE_RATE,Unemployment rate,PT_LF_SUB,Percentage of labour force in the same subgroup,_T,Total,Y15T64,From 15 to 64 years,UNE,Unemployment,2014,,11.044,,A,Normal value,,,1,One
DATAFLOW,OECD.ELS.SAE:DSD_LFS@DF_LFS_INDIC(1.1),Employment and unemployment by five-year age group and sex - indicators,I,EU27,European Union (27 countries),UNE_RATE,Unemployment rate,PT_LF_SUB,Percentage of labour force in the same subgroup,_T,Total,_T,Total,UNE,Unemployment,2014,,10.882,,A,Normal value,,,1,One
DATAFLOW,OECD.ELS.SAE:DSD_LFS@DF_LFS_INDIC(1.1),Employment and unemployment by five-year age group and sex - indicators,I,EU19OECD,European Union (19 countries) in OECD,UNE_RATE,Unemployment rate,PT_LF_SUB,Percentage of labour force in the same subgroup,_T,Total,Y15T64,From 15 to 64 years,UNE,Unemployment,2014,,11.816,,A,Normal value,,,1,One
DATAFLOW,OECD.ELS.SAE:DSD_LFS@DF_LFS_INDIC(1.1),Employment and unemployment by five-year age group and sex - indicators,I,EU19OECD,European Union (19 countries) in OECD,UNE_RATE,Unemployment rate,PT_LF_SUB,Percentage of labour force in the same subgroup,_T,Total,_T,Total,UNE,Unemployment,2014,,11.658,,A,Normal value,,,1,One
DATAFLOW,OECD.ELS.SAE:DSD_LFS@DF_LFS_INDIC(1.1),Employment and unemployment by five-year age group and sex - indicators,I,EU22OECD,European Union (22 countries) in OECD,UNE_RATE,Unemployment rate,PT_LF_SUB,Percentage of labour force in the same subgroup,_T,Total,Y15T64,From 15 to 64 years,UNE,Unemployment,2014,,11.152,,A,Normal value,,,1,One
DATAFLOW,OECD.ELS.SAE:DSD_LFS@DF_LFS_INDIC(1.1),Employment and unemployment by five-year age group and sex - indicators,I,OECD,OECD,UNE_RATE,Unemployment rate,PT_LF_SUB,Percentage of labour force in the same subgroup,_T,Total,_T,Total,UNE,Unemployment,2014,,7.468,,A,Normal value,,,1,One
DATAFLOW,OECD.ELS.SAE:DSD_LFS@DF_LFS_INDIC(1.1),Employment and unemployment by five-year age group and sex - indicators,I,OECD,OECD,UNE_RATE,Unemployment rate,PT_LF_SUB,Percentage of labour force in the same subgroup,_T,Total,Y15T64,From 15 to 64 years,UNE,Unemployment,2014,,7.676,,A,Normal value,,,1,One
DATAFLOW,OECD.ELS.SAE:DSD_LFS@DF_LFS_INDIC(1.1),Employment and unemployment by five-year age group and sex - indicators,I,OECD_REP,OECD average country,UNE_RATE,Unemployment rate,PT_LF_SUB,Percentage of labour force in the same subgroup,_T,Total,Y15T64,From 15 to 64 years,UNE,Unemployment,2014,,8.806,,A,Normal value,,,1,One
DATAFLOW,OECD.ELS.SAE:DSD_LFS@DF_LFS_INDIC(1.1),Employment and unemployment by five-year age group and sex - indicators,I,OECD_REP,OECD average country,UNE_RATE,Unemployment rate,PT_LF_SUB,Percentage of labour force in the same subgroup,_T,Total,_T,Total,UNE,Unemployment,2014,,8.655,,A,Normal value,,,1,One
DATAFLOW,OECD.ELS.SAE:DSD_LFS@DF_LFS_INDIC(1.1),Employment and unemployment by five-year age group and sex - indicators,I,BRA,Brazil,UNE_RATE,Unemployment rate,PT_LF_SUB,Percentage of labour force in the same subgroup,_T,Total,Y15T64,From 15 to 64 years,UNE,Unemployment,2014,,7.03,,A,Normal value,,,1,One
DATAFLOW,OECD.ELS.SAE:DSD_LFS@DF_LFS_INDIC(1.1),Employment and unemployment by five-year age group and sex - indicators,I,BRA,Brazil,UNE_RATE,Unemployment rate,PT_LF_SUB,Percentage of labour force in the same subgroup,_T,Total,_T,Total,UNE,Unemployment,2014,,6.877,,A,Normal value,,,1,One
DATAFLOW,OECD.ELS.SAE:DSD_LFS@DF_LFS_INDIC(1.1),Employment and unemployment by five-year age group and sex - indicators,I,BGR,Bulgaria,UNE_RATE,Unemployment rate,PT_LF_SUB,Percentage of labour force in the same subgroup,_T,Total,_T,Total,UNE,Unemployment,2014,,11.421,,A,Normal value,,,1,One
DATAFLOW,OECD.ELS.SAE:DSD_LFS@DF_LFS_INDIC(1.1),Employment and unemployment by five-year age group and sex - indicators,I,BGR,Bulgaria,UNE_RATE,Unemployment rate,PT_LF_SUB,Percentage of labour force in the same subgroup,_T,Total,Y15T64,From 15 to 64 years,UNE,Unemployment,2014,,11.522,,A,Normal value,,,1,One
DATAFLOW,OECD.ELS.SAE:DSD_LFS@DF_LFS_INDIC(1.1),Employment and unemployment by five-year age group and sex - indicators,I,HRV,Croatia,UNE_RATE,Unemployment rate,PT_LF_SUB,Percentage of labour force in the same subgroup,_T,Total,Y15T64,From 15 to 64 years,UNE,Unemployment,2014,,17.383,,A,Normal value,,,1,One
DATAFLOW,OECD.ELS.SAE:DSD_LFS@DF_LFS_INDIC(1.1),Employment and unemployment by five-year age group and sex - indicators,I,HRV,Croatia,UNE_RATE,Unemployment rate,PT_LF_SUB,Percentage of labour force in the same subgroup,_T,Total,_T,Total,UNE,Unemployment,2014,,17.204,,A,Normal value,,,1,One
DATAFLOW,OECD.ELS.SAE:DSD_LFS@DF_LFS_INDIC(1.1),Employment and unemployment by five-year age group and sex - indicators,I,CYP,Cyprus,UNE_RATE,Unemployment rate,PT_LF_SUB,Percentage of labour force in the same subgroup,_T,Total,Y15T64,From 15 to 64 years,UNE,Unemployment,2014,,16.333,,A,Normal value,,,1,One
DATAFLOW,OECD.ELS.SAE:DSD_LFS@DF_LFS_INDIC(1.1),Employment and unemployment by five-year age group and sex - indicators,I,CYP,Cyprus,UNE_RATE,Unemployment rate,PT_LF_SUB,Percentage of labour force in the same subgroup,_T,Total,_T,Total,UNE,Unemployment,2014,,16.069,,A,Normal value,,,1,One
DATAFLOW,OECD.ELS.SAE:DSD_LFS@DF_LFS_INDIC(1.1),Employment and unemployment by five-year age group and sex - indicators,I,MLT,Malta,UNE_RATE,Unemployment rate,PT_LF_SUB,Percentage of labour force in the same subgroup,_T,Total,Y15T64,From 15 to 64 years,UNE,Unemployment,2014,,5.775,,A,Normal value,,,1,One
DATAFLOW,OECD.ELS.SAE:DSD_LFS@DF_LFS_INDIC(1.1),Employment and unemployment by five-year age group and sex - indicators,I,MLT,Malta,UNE_RATE,Unemployment rate,PT_LF_SUB,Percentage of labour force in the same subgroup,_T,Total,_T,Total,UNE,Unemployment,2014,,5.677,,A,Normal value,,,1,One
DATAFLOW,OECD.ELS.SAE:DSD_LFS@DF_LFS_INDIC(1.1),Employment and unemployment by five-year age group and sex - indicators,I,MKD,North Macedonia,UNE_RATE,Unemployment rate,PT_LF_SUB,Percentage of labour force in the same subgroup,_T,Total,_T,Total,UNE,Unemployment,2014,,28.025,,A,Normal value,,,1,One
DATAFLOW,OECD.ELS.SAE:DSD_LFS@DF_LFS_INDIC(1.1),Employment and unemployment by five-year age group and sex - indicators,I,MKD,North Macedonia,UNE_RATE,Unemployment rate,PT_LF_SUB,Percentage of labour force in the same subgroup,_T,Total,Y15T64,From 15 to 64 years,UNE,Unemployment,2014,,28.139,,A,Normal value,,,1,One
DATAFLOW,OECD.ELS.SAE:DSD_LFS@DF_LFS_INDIC(1.1),Employment and unemployment by five-year age group and sex - indicators,I,PER,Peru,UNE_RATE,Unemployment rate,PT_LF_SUB,Percentage of labour force in the same subgroup,_T,Total,Y15T64,From 15 to 64 years,UNE,Unemployment,2014,,3.645,,A,Normal value,,,1,One
DATAFLOW,OECD.ELS.SAE:DSD_LFS@DF_LFS_INDIC(1.1),Employment and unemployment by five-year age group and sex - indicators,I,PER,Peru,UNE_RATE,Unemployment rate,PT_LF_SUB,Percentage of labour force in the same subgroup,_T,Total,_T,Total,UNE,Unemployment,2014,,3.518,,A,Normal value,,,1,One
DATAFLOW,OECD.ELS.SAE:DSD_LFS@DF_LFS_INDIC(1.1),Employment and unemployment by five-year age group and sex - indicators,I,ROU,Romania,UNE_RATE,Unemployment rate,PT_LF_SUB,Percentage of labour force in the same subgroup,_T,Total,_T,Total,UNE,Unemployment,2014,,6.801,,A,Normal value,,,1,One
DATAFLOW,OECD.ELS.SAE:DSD_LFS@DF_LFS_INDIC(1.1),Employment and unemployment by five-year age group and sex - indicators,I,THA,Thailand,UNE_RATE,Unemployment rate,PT_LF_SUB,Percentage of labour force in the same subgroup,_T,Total,Y15T64,From 15 to 64 years,UNE,Unemployment,2014,,0.593,,A,Normal value,,,1,One
DATAFLOW,OECD.ELS.SAE:DSD_LFS@DF_LFS_INDIC(1.1),Employment and unemployment by five-year age group and sex - indicators,I,THA,Thailand,UNE_RATE,Unemployment rate,PT_LF_SUB,Percentage of labour force in the same subgroup,_T,Total,_T,Total,UNE,Unemployment,2014,,0.569,,A,Normal value,,,1,One
DATAFLOW,OECD.ELS.SAE:DSD_LFS@DF_LFS_INDIC(1.1),Employment and unemployment by five-year age group and sex - indicators,I,AUS,Australia,UNE_RATE,Unemployment rate,PT_LF_SUB,Percentage of labour force in the same subgroup,_T,Total,Y15T64,From 15 to 64 years,UNE,Unemployment,2022,,3.804,,A,Normal value,,,1,One
DATAFLOW,OECD.ELS.SAE:DSD_LFS@DF_LFS_INDIC(1.1),Employment and unemployment by five-year age group and sex - indicators,I,BEL,Belgium,UNE_RATE,Unemployment rate,PT_LF_SUB,Percentage of labour force in the same subgroup,_T,Total,Y15T64,From 15 to 64 years,UNE,Unemployment,2022,,5.611,,A,Normal value,,,1,One
DATAFLOW,OECD.ELS.SAE:DSD_LFS@DF_LFS_INDIC(1.1),Employment and unemployment by five-year age group and sex - indicators,I,BEL,Belgium,UNE_RATE,Unemployment rate,PT_LF_SUB,Percentage of labour force in the same subgroup,_T,Total,_T,Total,UNE,Unemployment,2022,,5.556,,A,Normal value,,,1,One
DATAFLOW,OECD.ELS.SAE:DSD_LFS@DF_LFS_INDIC(1.1),Employment and unemployment by five-year age group and sex - indicators,I,CAN,Canada,UNE_RATE,Unemployment rate,PT_LF_SUB,Percentage of labour force in the same subgroup,_T,Total,Y15T64,From 15 to 64 years,UNE,Unemployment,2022,,5.294,,A,Normal value,,,1,One
DATAFLOW,OECD.ELS.SAE:DSD_LFS@DF_LFS_INDIC(1.1),Employment and unemployment by five-year age group and sex - indicators,I,CHL,Chile,UNE_RATE,Unemployment rate,PT_LF_SUB,Percentage of labour force in the same subgroup,_T,Total,_T,Total,UNE,Unemployment,2022,,7.882,,A,Normal value,,,1,One
DATAFLOW,OECD.ELS.SAE:DSD_LFS@DF_LFS_INDIC(1.1),Employment and unemployment by five-year age group and sex - indicators,I,DNK,Denmark,UNE_RATE,Unemployment rate,PT_LF_SUB,Percentage of labour force in the same subgroup,_T,Total,Y15T64,From 15 to 64 years,UNE,Unemployment,2022,,4.052,,A,Normal value,,,1,One
DATAFLOW,OECD.ELS.SAE:DSD_LFS@DF_LFS_INDIC(1.1),Employment and unemployment by five-year age group and sex - indicators,I,DNK,Denmark,UNE_RATE,Unemployment rate,PT_LF_SUB,Percentage of labour force in the same subgroup,_T,Total,_T,Total,UNE,Unemployment,2022,,3.889,,A,Normal value,,,1,One
DATAFLOW,OECD.ELS.SAE:DSD_LFS@DF_LFS_INDIC(1.1),Employment and unemployment by five-year age group and sex - indicators,I,EST,Estonia,UNE_RATE,Unemployment rate,PT_LF_SUB,Percentage of labour force in the same subgroup,_T,Total,_T,Total,UNE,Unemployment,2022,,5.555,,A,Normal value,,,1,One
DATAFLOW,OECD.ELS.SAE:DSD_LFS@DF_LFS_INDIC(1.1),Employment and unemployment by five-year age group and sex - indicators,I,EST,Estonia,UNE_RATE,Unemployment rate,PT_LF_SUB,Percentage of labour force in the same subgroup,_T,Total,Y15T64,From 15 to 64 years,UNE,Unemployment,2022,,5.854,,A,Normal value,,,1,One
DATAFLOW,OECD.ELS.SAE:DSD_LFS@DF_LFS_INDIC(1.1),Employment and unemployment by five-year age group and sex - indicators,I,FIN,Finland,UNE_RATE,Unemployment rate,PT_LF_SUB,Percentage of labour force in the same subgroup,_T,Total,_T,Total,UNE,Unemployment,2022,,6.715,,A,Normal value,,,1,One
DATAFLOW,OECD.ELS.SAE:DSD_LFS@DF_LFS_INDIC(1.1),Employment and unemployment by five-year age group and sex - indicators,I,FIN,Finland,UNE_RATE,Unemployment rate,PT_LF_SUB,Percentage of labour force in the same subgroup,_T,Total,Y15T64,From 15 to 64 years,UNE,Unemployment,2022,,6.85,,A,Normal value,,,1,One
DATAFLOW,OECD.ELS.SAE:DSD_LFS@DF_LFS_INDIC(1.1),Employment and unemployment by five-year age group and sex - indicators,I,FRA,France,UNE_RATE,Unemployment rate,PT_LF_SUB,Percentage of labour force in the same subgroup,_T,Total,_T,Total,UNE,Unemployment,2022,,7.307,,A,Normal value,,,1,One
DATAFLOW,OECD.ELS.SAE:DSD_LFS@DF_LFS_INDIC(1.1),Employment and unemployment by five-year age group and sex - indicators,I,DEU,Germany,UNE_RATE,Unemployment rate,PT_LF_SUB,Percentage of labour force in the same subgroup,_T,Total,_T,Total,UNE,Unemployment,2022,,3.13,,A,Normal value,,,1,One
DATAFLOW,OECD.ELS.SAE:DSD_LFS@DF_LFS_INDIC(1.1),Employment and unemployment by five-year age group and sex - indicators,I,DEU,Germany,UNE_RATE,Unemployment rate,PT_LF_SUB,Percentage of labour force in the same subgroup,_T,Total,Y15T64,From 15 to 64 years,UNE,Unemployment,2022,,3.208,,A,Normal value,,,1,One
DATAFLOW,OECD.ELS.SAE:DSD_LFS@DF_LFS_INDIC(1.1),Employment and unemployment by five-year age group and sex - indicators,I,GRC,Greece,UNE_RATE,Unemployment rate,PT_LF_SUB,Percentage of labour force in the same subgroup,_T,Total,_T,Total,UNE,Unemployment,2022,,12.437,,A,Normal value,,,1,One
DATAFLOW,OECD.ELS.SAE:DSD_LFS@DF_LFS_INDIC(1.1),Employment and unemployment by five-year age group and sex - indicators,I,GRC,Greece,UNE_RATE,Unemployment rate,PT_LF_SUB,Percentage of labour force in the same subgroup,_T,Total,Y15T64,From 15 to 64 years,UNE,Unemployment,2022,,12.558,,A,Normal value,,,1,One
DATAFLOW,OECD.ELS.SAE:DSD_LFS@DF_LFS_INDIC(1.1),Employment and unemployment by five-year age group and sex - indicators,I,HUN,Hungary,UNE_RATE,Unemployment rate,PT_LF_SUB,Percentage of labour force in the same subgroup,_T,Total,Y15T64,From 15 to 64 years,UNE,Unemployment,2022,,3.622,,A,Normal value,,,1,One
DATAFLOW,OECD.ELS.SAE:DSD_LFS@DF_LFS_INDIC(1.1),Employment and unemployment by five-year age group and sex - indicators,I,HUN,Hungary,UNE_RATE,Unemployment rate,PT_LF_SUB,Percentage of labour force in the same subgroup,_T,Total,_T,Total,UNE,Unemployment,2022,,3.591,,A,Normal value,,,1,One
DATAFLOW,OECD.ELS.SAE:DSD_LFS@DF_LFS_INDIC(1.1),Employment and unemployment by five-year age group and sex - indicators,I,IRL,Ireland,UNE_RATE,Unemployment rate,PT_LF_SUB,Percentage of labour force in the same subgroup,_T,Total,_T,Total,UNE,Unemployment,2022,,3.342,,A,Normal value,,,1,One
DATAFLOW,OECD.ELS.SAE:DSD_LFS@DF_LFS_INDIC(1.1),Employment and unemployment by five-year age group and sex - indicators,I,IRL,Ireland,UNE_RATE,Unemployment rate,PT_LF_SUB,Percentage of labour force in the same subgroup,_T,Total,Y15T64,From 15 to 64 years,UNE,Unemployment,2022,,3.467,,A,Normal value,,,1,One
DATAFLOW,OECD.ELS.SAE:DSD_LFS@DF_LFS_INDIC(1.1),Employment and unemployment by five-year age group and sex - indicators,I,LVA,Latvia,UNE_RATE,Unemployment rate,PT_LF_SUB,Percentage of labour force in the same subgroup,_T,Total,_T,Total,UNE,Unemployment,2022,,6.805,,A,Normal value,,,1,One
DATAFLOW,OECD.ELS.SAE:DSD_LFS@DF_LFS_INDIC(1.1),Employment and unemployment by five-year age group and sex - indicators,I,LVA,Latvia,UNE_RATE,Unemployment rate,PT_LF_SUB,Percentage of labour force in the same subgroup,_T,Total,Y15T64,From 15 to 64 years,UNE,Unemployment,2022,,7.09,,A,Normal value,,,1,One
DATAFLOW,OECD.ELS.SAE:DSD_LFS@DF_LFS_INDIC(1.1),Employment and unemployment by five-year age group and sex - indicators,I,LTU,Lithuania,UNE_RATE,Unemployment rate,PT_LF_SUB,Percentage of labour force in the same subgroup,_T,Total,Y15T64,From 15 to 64 years,UNE,Unemployment,2022,,6.193,,A,Normal value,,,1,One
DATAFLOW,OECD.ELS.SAE:DSD_LFS@DF_LFS_INDIC(1.1),Employment and unemployment by five-year age group and sex - indicators,I,LTU,Lithuania,UNE_RATE,Unemployment rate,PT_LF_SUB,Percentage of labour force in the same subgroup,_T,Total,_T,Total,UNE,Unemployment,2022,,5.948,,A,Normal value,,,1,One
DATAFLOW,OECD.ELS.SAE:DSD_LFS@DF_LFS_INDIC(1.1),Employment and unemployment by five-year age group and sex - indicators,I,LUX,Luxembourg,UNE_RATE,Unemployment rate,PT_LF_SUB,Percentage of labour force in the same subgroup,_T,Total,Y15T64,From 15 to 64 years,UNE,Unemployment,2022,,4.549,,A,Normal value,,,1,One
DATAFLOW,OECD.ELS.SAE:DSD_LFS@DF_LFS_INDIC(1.1),Employment and unemployment by five-year age group and sex - indicators,I,LUX,Luxembourg,UNE_RATE,Unemployment rate,PT_LF_SUB,Percentage of labour force in the same subgroup,_T,Total,_T,Total,UNE,Unemployment,2022,,4.551,,A,Normal value,,,1,One
DATAFLOW,OECD.ELS.SAE:DSD_LFS@DF_LFS_INDIC(1.1),Employment and unemployment by five-year age group and sex - indicators,I,NZL,New Zealand,UNE_RATE,Unemployment rate,PT_LF_SUB,Percentage of labour force in the same subgroup,_T,Total,_T,Total,UNE,Unemployment,2022,,3.318,,A,Normal value,,,1,One
DATAFLOW,OECD.ELS.SAE:DSD_LFS@DF_LFS_INDIC(1.1),Employment and unemployment by five-year age group and sex - indicators,I,NZL,New Zealand,UNE_RATE,Unemployment rate,PT_LF_SUB,Percentage of labour force in the same subgroup,_T,Total,Y15T64,From 15 to 64 years,UNE,Unemployment,2022,,3.478,,A,Normal value,,,1,One
DATAFLOW,OECD.ELS.SAE:DSD_LFS@DF_LFS_INDIC(1.1),Employment and unemployment by five-year age group and sex - indicators,I,NOR,Norway,UNE_RATE,Unemployment rate,PT_LF_SUB,Percentage of labour force in the same subgroup,_T,Total,Y15T64,From 15 to 64 years,UNE,Unemployment,2022,,3.34,,A,Normal value,,,1,One
DATAFLOW,OECD.ELS.SAE:DSD_LFS@DF_LFS_INDIC(1.1),Employment and unemployment by five-year age group and sex - indicators,I,NOR,Norway,UNE_RATE,Unemployment rate,PT_LF_SUB,Percentage of labour force in the same subgroup,_T,Total,_T,Total,UNE,Unemployment,2022,,3.229,,A,Normal value,,,1,One
DATAFLOW,OECD.ELS.SAE:DSD_LFS@DF_LFS_INDIC(1.1),Employment and unemployment by five-year age group and sex - indicators,I,POL,Poland,UNE_RATE,Unemployment rate,PT_LF_SUB,Percentage of labour force in the same subgroup,_T,Total,_T,Total,UNE,Unemployment,2022,,2.875,,A,Normal value,,,1,One
DATAFLOW,OECD.ELS.SAE:DSD_LFS@DF_LFS_INDIC(1.1),Employment and unemployment by five-year age group and sex - indicators,I,PRT,Portugal,UNE_RATE,Unemployment rate,PT_LF_SUB,Percentage of labour force in the same subgroup,_T,Total,_T,Total,UNE,Unemployment,2022,,6.136,,A,Normal value,,,1,One
DATAFLOW,OECD.ELS.SAE:DSD_LFS@DF_LFS_INDIC(1.1),Employment and unemployment by five-year age group and sex - indicators,I,PRT,Portugal,UNE_RATE,Unemployment rate,PT_LF_SUB,Percentage of labour force in the same subgroup,_T,Total,Y15T64,From 15 to 64 years,UNE,Unemployment,2022,,6.32,,A,Normal value,,,1,One
DATAFLOW,OECD.ELS.SAE:DSD_LFS@DF_LFS_INDIC(1.1),Employment and unemployment by five-year age group and sex - indicators,I,SVN,Slovenia,UNE_RATE,Unemployment rate,PT_LF_SUB,Percentage of labour force in the same subgroup,_T,Total,_T,Total,UNE,Unemployment,2022,,4.002,,A,Normal value,,,1,One
DATAFLOW,OECD.ELS.SAE:DSD_LFS@DF_LFS_INDIC(1.1),Employment and unemployment by five-year age group and sex - indicators,I,SVN,Slovenia,UNE_RATE,Unemployment rate,PT_LF_SUB,Percentage of labour force in the same subgroup,_T,Total,Y15T64,From 15 to 64 years,UNE,Unemployment,2022,,3.988,,A,Normal value,,,1,One
DATAFLOW,OECD.ELS.SAE:DSD_LFS@DF_LFS_INDIC(1.1),Employment and unemployment by five-year age group and sex - indicators,I,ESP,Spain,UNE_RATE,Unemployment rate,PT_LF_SUB,Percentage of labour force in the same subgroup,_T,Total,_T,Total,UNE,Unemployment,2022,,13.032,,A,Normal value,,,1,One
DATAFLOW,OECD.ELS.SAE:DSD_LFS@DF_LFS_INDIC(1.1),Employment and unemployment by five-year age group and sex - indicators,I,SWE,Sweden,UNE_RATE,Unemployment rate,PT_LF_SUB,Percentage of labour force in the same subgroup,_T,Total,Y15T64,From 15 to 64 years,UNE,Unemployment,2022,,7.626,,A,Normal value,,,1,One
DATAFLOW,OECD.ELS.SAE:DSD_LFS@DF_LFS_INDIC(1.1),Employment and unemployment by five-year age group and sex - indicators,I,SWE,Sweden,UNE_RATE,Unemployment rate,PT_LF_SUB,Percentage of labour force in the same subgroup,_T,Total,_T,Total,UNE,Unemployment,2022,,7.493,,A,Normal value,,,1,One
DATAFLOW,OECD.ELS.SAE:DSD_LFS@DF_LFS_INDIC(1.1),Employment and unemployment by five-year age group and sex - indicators,I,CHE,Switzerland,UNE_RATE,Unemployment rate,PT_LF_SUB,Percentage of labour force in the same subgroup,_T,Total,_T,Total,UNE,Unemployment,2022,,4.12,,A,Normal value,,,1,One
DATAFLOW,OECD.ELS.SAE:DSD_LFS@DF_LFS_INDIC(1.1),Employment and unemployment by five-year age group and sex - indicators,I,CHE,Switzerland,UNE_RATE,Unemployment rate,PT_LF_SUB,Percentage of labour force in the same subgroup,_T,Total,Y15T64,From 15 to 64 years,UNE,Unemployment,2022,,4.242,,A,Normal value,,,1,One
DATAFLOW,OECD.ELS.SAE:DSD_LFS@DF_LFS_INDIC(1.1),Employment and unemployment by five-year age group and sex - indicators,I,G7,G7,UNE_RATE,Unemployment rate,PT_LF_SUB,Percentage of labour force in the same subgroup,_T,Total,Y15T64,From 15 to 64 years,UNE,Unemployment,2022,,4.174,,A,Normal value,,,1,One
DATAFLOW,OECD.ELS.SAE:DSD_LFS@DF_LFS_INDIC(1.1),Employment and unemployment by five-year age group and sex - indicators,I,G7,G7,UNE_RATE,Unemployment rate,PT_LF_SUB,Percentage of labour force in the same subgroup,_T,Total,_T,Total,UNE,Unemployment,2022,,4.054,,A,Normal value,,,1,One
DATAFLOW,OECD.ELS.SAE:DSD_LFS@DF_LFS_INDIC(1.1),Employment and unemployment by five-year age group and sex - indicators,I,EU19OECD,European Union (19 countries) in OECD,UNE_RATE,Unemployment rate,PT_LF_SUB,Percentage of labour force in the same subgroup,_T,Total,Y15T64,From 15 to 64 years,UNE,Unemployment,2022,,6.868,,A,Normal value,,,1,One
DATAFLOW,OECD.ELS.SAE:DSD_LFS@DF_LFS_INDIC(1.1),Employment and unemployment by five-year age group and sex - indicators,I,EU19OECD,European Union (19 countries) in OECD,UNE_RATE,Unemployment rate,PT_LF_SUB,Percentage of labour force in the same subgroup,_T,Total,_T,Total,UNE,Unemployment,2022,,6.751,,A,Normal value,,,1,One
DATAFLOW,OECD.ELS.SAE:DSD_LFS@DF_LFS_INDIC(1.1),Employment and unemployment by five-year age group and sex - indicators,I,OECD,OECD,UNE_RATE,Unemployment rate,PT_LF_SUB,Percentage of labour force in the same subgroup,_T,Total,_T,Total,UNE,Unemployment,2022,,4.994,,A,Normal value,,,1,One
DATAFLOW,OECD.ELS.SAE:DSD_LFS@DF_LFS_INDIC(1.1),Employment and unemployment by five-year age group and sex - indicators,I,OECD,OECD,UNE_RATE,Unemployment rate,PT_LF_SUB,Percentage of labour force in the same subgroup,_T,Total,Y15T64,From 15 to 64 years,UNE,Unemployment,2022,,5.144,,A,Normal value,,,1,One
DATAFLOW,OECD.ELS.SAE:DSD_LFS@DF_LFS_INDIC(1.1),Employment and unemployment by five-year age group and sex - indicators,I,OECD_REP,OECD average country,UNE_RATE,Unemployment rate,PT_LF_SUB,Percentage of labour force in the same subgroup,_T,Total,Y15T64,From 15 to 64 years,UNE,Unemployment,2022,,5.697,,A,Normal value,,,1,One
DATAFLOW,OECD.ELS.SAE:DSD_LFS@DF_LFS_INDIC(1.1),Employment and unemployment by five-year age group and sex - indicators,I,OECD_REP,OECD average country,UNE_RATE,Unemployment rate,PT_LF_SUB,Percentage of labour force in the same subgroup,_T,Total,_T,Total,UNE,Unemployment,2022,,5.578,,A,Normal value,,,1,One
DATAFLOW,OECD.ELS.SAE:DSD_LFS@DF_LFS_INDIC(1.1),Employment and unemployment by five-year age group and sex - indicators,I,ARG,Argentina,UNE_RATE,Unemployment rate,PT_LF_SUB,Percentage of labour force in the same subgroup,_T,Total,_T,Total,UNE,Unemployment,2022,,6.284,,A,Normal value,,,1,One
DATAFLOW,OECD.ELS.SAE:DSD_LFS@DF_LFS_INDIC(1.1),Employment and unemployment by five-year age group and sex - indicators,I,BGR,Bulgaria,UNE_RATE,Unemployment rate,PT_LF_SUB,Percentage of labour force in the same subgroup,_T,Total,_T,Total,UNE,Unemployment,2022,,4.145,,A,Normal value,,,1,One
DATAFLOW,OECD.ELS.SAE:DSD_LFS@DF_LFS_INDIC(1.1),Employment and unemployment by five-year age group and sex - indicators,I,BGR,Bulgaria,UNE_RATE,Unemployment rate,PT_LF_SUB,Percentage of labour force in the same subgroup,_T,Total,Y15T64,From 15 to 64 years,UNE,Unemployment,2022,,4.202,,A,Normal value,,,1,One
DATAFLOW,OECD.ELS.SAE:DSD_LFS@DF_LFS_INDIC(1.1),Employment and unemployment by five-year age group and sex - indicators,I,HRV,Croatia,UNE_RATE,Unemployment rate,PT_LF_SUB,Percentage of labour force in the same subgroup,_T,Total,Y15T64,From 15 to 64 years,UNE,Unemployment,2022,,6.874,,A,Normal value,,,1,One
DATAFLOW,OECD.ELS.SAE:DSD_LFS@DF_LFS_INDIC(1.1),Employment and unemployment by five-year age group and sex - indicators,I,HRV,Croatia,UNE_RATE,Unemployment rate,PT_LF_SUB,Percentage of labour force in the same subgroup,_T,Total,_T,Total,UNE,Unemployment,2022,,6.803,,A,Normal value,,,1,One
DATAFLOW,OECD.ELS.SAE:DSD_LFS@DF_LFS_INDIC(1.1),Employment and unemployment by five-year age group and sex - indicators,I,CYP,Cyprus,UNE_RATE,Unemployment rate,PT_LF_SUB,Percentage of labour force in the same subgroup,_T,Total,Y15T64,From 15 to 64 years,UNE,Unemployment,2022,,6.397,,A,Normal value,,,1,One
DATAFLOW,OECD.ELS.SAE:DSD_LFS@DF_LFS_INDIC(1.1),Employment and unemployment by five-year age group and sex - indicators,I,CYP,Cyprus,UNE_RATE,Unemployment rate,PT_LF_SUB,Percentage of labour force in the same subgroup,_T,Total,_T,Total,UNE,Unemployment,2022,,6.217,,A,Normal value,,,1,One
DATAFLOW,OECD.ELS.SAE:DSD_LFS@DF_LFS_INDIC(1.1),Employment and unemployment by five-year age group and sex - indicators,I,MLT,Malta,UNE_RATE,Unemployment rate,PT_LF_SUB,Percentage of labour force in the same subgroup,_T,Total,Y15T64,From 15 to 64 years,UNE,Unemployment,2022,,3.469,,A,Normal value,,,1,One
DATAFLOW,OECD.ELS.SAE:DSD_LFS@DF_LFS_INDIC(1.1),Employment and unemployment by five-year age group and sex - indicators,I,MLT,Malta,UNE_RATE,Unemployment rate,PT_LF_SUB,Percentage of labour force in the same subgroup,_T,Total,_T,Total,UNE,Unemployment,2022,,3.415,,A,Normal value,,,1,One
DATAFLOW,OECD.ELS.SAE:DSD_LFS@DF_LFS_INDIC(1.1),Employment and unemployment by five-year age group and sex - indicators,I,MKD,North Macedonia,UNE_RATE,Unemployment rate,PT_LF_SUB,Percentage of labour force in the same subgroup,_T,Total,_T,Total,UNE,Unemployment,2022,,14.387,,A,Normal value,,,1,One
DATAFLOW,OECD.ELS.SAE:DSD_LFS@DF_LFS_INDIC(1.1),Employment and unemployment by five-year age group and sex - indicators,I,MKD,North Macedonia,UNE_RATE,Unemployment rate,PT_LF_SUB,Percentage of labour force in the same subgroup,_T,Total,Y15T64,From 15 to 64 years,UNE,Unemployment,2022,,14.568,,A,Normal value,,,1,One
DATAFLOW,OECD.ELS.SAE:DSD_LFS@DF_LFS_INDIC(1.1),Employment and unemployment by five-year age group and sex - indicators,I,PER,Peru,UNE_RATE,Unemployment rate,PT_LF_SUB,Percentage of labour force in the same subgroup,_T,Total,Y15T64,From 15 to 64 years,UNE,Unemployment,2022,,4.776,,A,Normal value,,,1,One
DATAFLOW,OECD.ELS.SAE:DSD_LFS@DF_LFS_INDIC(1.1),Employment and unemployment by five-year age group and sex - indicators,I,PER,Peru,UNE_RATE,Unemployment rate,PT_LF_SUB,Percentage of labour force in the same subgroup,_T,Total,_T,Total,UNE,Unemployment,2022,,4.661,,A,Normal value,,,1,One
DATAFLOW,OECD.ELS.SAE:DSD_LFS@DF_LFS_INDIC(1.1),Employment and unemployment by five-year age group and sex - indicators,I,ROU,Romania,UNE_RATE,Unemployment rate,PT_LF_SUB,Percentage of labour force in the same subgroup,_T,Total,Y15T64,From 15 to 64 years,UNE,Unemployment,2022,,5.649,,A,Normal value,,,1,One
DATAFLOW,OECD.ELS.SAE:DSD_LFS@DF_LFS_INDIC(1.1),Employment and unemployment by five-year age group and sex - indicators,I,ROU,Romania,UNE_RATE,Unemployment rate,PT_LF_SUB,Percentage of labour force in the same subgroup,_T,Total,_T,Total,UNE,Unemployment,2022,,5.613,,A,Normal value,,,1,One
DATAFLOW,OECD.ELS.SAE:DSD_LFS@DF_LFS_INDIC(1.1),Employment and unemployment by five-year age group and sex - indicators,I,THA,Thailand,UNE_RATE,Unemployment rate,PT_LF_SUB,Percentage of labour force in the same subgroup,_T,Total,Y15T64,From 15 to 64 years,UNE,Unemployment,2022,,1.004,,A,Normal value,,,1,One
DATAFLOW,OECD.ELS.SAE:DSD_LFS@DF_LFS_INDIC(1.1),Employment and unemployment by five-year age group and sex - indicators,I,THA,Thailand,UNE_RATE,Unemployment rate,PT_LF_SUB,Percentage of labour force in the same subgroup,_T,Total,_T,Total,UNE,Unemployment,2022,,0.947,,A,Normal value,,,1,One
DATAFLOW,OECD.ELS.SAE:DSD_LFS@DF_LFS_INDIC(1.1),Employment and unemployment by five-year age group and sex - indicators,I,CHL,Chile,UNE_RATE,Unemployment rate,PT_LF_SUB,Percentage of labour force in the same subgroup,_T,Total,_T,Total,UNE,Unemployment,2024,,8.471,,A,Normal value,,,1,One
DATAFLOW,OECD.ELS.SAE:DSD_LFS@DF_LFS_INDIC(1.1),Employment and unemployment by five-year age group and sex - indicators,I,CHL,Chile,UNE_RATE,Unemployment rate,PT_LF_SUB,Percentage of labour force in the same subgroup,_T,Total,Y15T64,From 15 to 64 years,UNE,Unemployment,2024,,8.689,,A,Normal value,,,1,One
DATAFLOW,OECD.ELS.SAE:DSD_LFS@DF_LFS_INDIC(1.1),Employment and unemployment by five-year age group and sex - indicators,I,COL,Colombia,UNE_RATE,Unemployment rate,PT_LF_SUB,Percentage of labour force in the same subgroup,_T,Total,Y15T64,From 15 to 64 years,UNE,Unemployment,2024,,10.472,,A,Normal value,,,1,One
DATAFLOW,OECD.ELS.SAE:DSD_LFS@DF_LFS_INDIC(1.1),Employment and unemployment by five-year age group and sex - indicators,I,COL,Colombia,UNE_RATE,Unemployment rate,PT_LF_SUB,Percentage of labour force in the same subgroup,_T,Total,_T,Total,UNE,Unemployment,2024,,10.157,,A,Normal value,,,1,One
DATAFLOW,OECD.ELS.SAE:DSD_LFS@DF_LFS_INDIC(1.1),Employment and unemployment by five-year age group and sex - indicators,I,CRI,Costa Rica,UNE_RATE,Unemployment rate,PT_LF_SUB,Percentage of labour force in the same subgroup,_T,Total,_T,Total,UNE,Unemployment,2024,,7.439,,A,Normal value,,,1,One
DATAFLOW,OECD.ELS.SAE:DSD_LFS@DF_LFS_INDIC(1.1),Employment and unemployment by five-year age group and sex - indicators,I,CRI,Costa Rica,UNE_RATE,Unemployment rate,PT_LF_SUB,Percentage of labour force in the same subgroup,_T,Total,Y15T64,From 15 to 64 years,UNE,Unemployment,2024,,7.672,,A,Normal value,,,1,One
DATAFLOW,OECD.ELS.SAE:DSD_LFS@DF_LFS_INDIC(1.1),Employment and unemployment by five-year age group and sex - indicators,I,CZE,Czechia,UNE_RATE,Unemployment rate,PT_LF_SUB,Percentage of labour force in the same subgroup,_T,Total,_T,Total,UNE,Unemployment,2024,,2.601,,A,Normal value,,,1,One
DATAFLOW,OECD.ELS.SAE:DSD_LFS@DF_LFS_INDIC(1.1),Employment and unemployment by five-year age group and sex - indicators,I,CZE,Czechia,UNE_RATE,Unemployment rate,PT_LF_SUB,Percentage of labour force in the same subgroup,_T,Total,Y15T64,From 15 to 64 years,UNE,Unemployment,2024,,2.668,,A,Normal value,,,1,One
DATAFLOW,OECD.ELS.SAE:DSD_LFS@DF_LFS_INDIC(1.1),Employment and unemployment by five-year age group and sex - indicators,I,DNK,Denmark,UNE_RATE,Unemployment rate,PT_LF_SUB,Percentage of labour force in the same subgroup,_T,Total,Y15T64,From 15 to 64 years,UNE,Unemployment,2024,,6.231,,A,Normal value,,,1,One
DATAFLOW,OECD.ELS.SAE:DSD_LFS@DF_LFS_INDIC(1.1),Employment and unemployment by five-year age group and sex - indicators,I,DNK,Denmark,UNE_RATE,Unemployment rate,PT_LF_SUB,Percentage of labour force in the same subgroup,_T,Total,_T,Total,UNE,Unemployment,2024,,5.934,,A,Normal value,,,1,One
DATAFLOW,OECD.ELS.SAE:DSD_LFS@DF_LFS_INDIC(1.1),Employment and unemployment by five-year age group and sex - indicators,I,EST,Estonia,UNE_RATE,Unemployment rate,PT_LF_SUB,Percentage of labour force in the same subgroup,_T,Total,_T,Total,UNE,Unemployment,2024,,7.487,,A,Normal value,,,1,One
DATAFLOW,OECD.ELS.SAE:DSD_LFS@DF_LFS_INDIC(1.1),Employment and unemployment by five-year age group and sex - indicators,I,EST,Estonia,UNE_RATE,Unemployment rate,PT_LF_SUB,Percentage of labour force in the same subgroup,_T,Total,Y15T64,From 15 to 64 years,UNE,Unemployment,2024,,7.864,,A,Normal value,,,1,One
DATAFLOW,OECD.ELS.SAE:DSD_LFS@DF_LFS_INDIC(1.1),Employment and unemployment by five-year age group and sex - indicators,I,FIN,Finland,UNE_RATE,Unemployment rate,PT_LF_SUB,Percentage of labour force in the same subgroup,_T,Total,_T,Total,UNE,Unemployment,2024,,8.322,,A,Normal value,,,1,One
DATAFLOW,OECD.ELS.SAE:DSD_LFS@DF_LFS_INDIC(1.1),Employment and unemployment by five-year age group and sex - indicators,I,FIN,Finland,UNE_RATE,Unemployment rate,PT_LF_SUB,Percentage of labour force in the same subgroup,_T,Total,Y15T64,From 15 to 64 years,UNE,Unemployment,2024,,8.485,,A,Normal value,,,1,One
DATAFLOW,OECD.ELS.SAE:DSD_LFS@DF_LFS_INDIC(1.1),Employment and unemployment by five-year age group and sex - indicators,I,FRA,France,UNE_RATE,Unemployment rate,PT_LF_SUB,Percentage of labour force in the same subgroup,_T,Total,Y15T64,From 15 to 64 years,UNE,Unemployment,2024,,7.47,,A,Normal value,,,1,One
DATAFLOW,OECD.ELS.SAE:DSD_LFS@DF_LFS_INDIC(1.1),Employment and unemployment by five-year age group and sex - indicators,I,FRA,France,UNE_RATE,Unemployment rate,PT_LF_SUB,Percentage of labour force in the same subgroup,_T,Total,_T,Total,UNE,Unemployment,2024,,7.387,,A,Normal value,,,1,One
DATAFLOW,OECD.ELS.SAE:DSD_LFS@DF_LFS_INDIC(1.1),Employment and unemployment by five-year age group and sex - indicators,I,DEU,Germany,UNE_RATE,Unemployment rate,PT_LF_SUB,Percentage of labour force in the same subgroup,_T,Total,_T,Total,UNE,Unemployment,2024,,3.372,,A,Normal value,,,1,One
DATAFLOW,OECD.ELS.SAE:DSD_LFS@DF_LFS_INDIC(1.1),Employment and unemployment by five-year age group and sex - indicators,I,DEU,Germany,UNE_RATE,Unemployment rate,PT_LF_SUB,Percentage of labour force in the same subgroup,_T,Total,Y15T64,From 15 to 64 years,UNE,Unemployment,2024,,3.463,,A,Normal value,,,1,One
DATAFLOW,OECD.ELS.SAE:DSD_LFS@DF_LFS_INDIC(1.1),Employment and unemployment by five-year age group and sex - indicators,I,GRC,Greece,UNE_RATE,Unemployment rate,PT_LF_SUB,Percentage of labour force in the same subgroup,_T,Total,_T,Total,UNE,Unemployment,2024,,10.087,,A,Normal value,,,1,One
DATAFLOW,OECD.ELS.SAE:DSD_LFS@DF_LFS_INDIC(1.1),Employment and unemployment by five-year age group and sex - indicators,I,GRC,Greece,UNE_RATE,Unemployment rate,PT_LF_SUB,Percentage of labour force in the same subgroup,_T,Total,Y15T64,From 15 to 64 years,UNE,Unemployment,2024,,10.21,,A,Normal value,,,1,One
DATAFLOW,OECD.ELS.SAE:DSD_LFS@DF_LFS_INDIC(1.1),Employment and unemployment by five-year age group and sex - indicators,I,HUN,Hungary,UNE_RATE,Unemployment rate,PT_LF_SUB,Percentage of labour force in the same subgroup,_T,Total,Y15T64,From 15 to 64 years,UNE,Unemployment,2024,,4.524,,A,Normal value,,,1,One
DATAFLOW,OECD.ELS.SAE:DSD_LFS@DF_LFS_INDIC(1.1),Employment and unemployment by five-year age group and sex - indicators,I,HUN,Hungary,UNE_RATE,Unemployment rate,PT_LF_SUB,Percentage of labour force in the same subgroup,_T,Total,_T,Total,UNE,Unemployment,2024,,4.478,,A,Normal value,,,1,One
DATAFLOW,OECD.ELS.SAE:DSD_LFS@DF_LFS_INDIC(1.1),Employment and unemployment by five-year age group and sex - indicators,I,ISL,Iceland,UNE_RATE,Unemployment rate,PT_LF_SUB,Percentage of labour force in the same subgroup,_T,Total,_T,Total,UNE,Unemployment,2024,,3.512,,A,Normal value,,,1,One
DATAFLOW,OECD.ELS.SAE:DSD_LFS@DF_LFS_INDIC(1.1),Employment and unemployment by five-year age group and sex - indicators,I,ISL,Iceland,UNE_RATE,Unemployment rate,PT_LF_SUB,Percentage of labour force in the same subgroup,_T,Total,Y15T64,From 15 to 64 years,UNE,Unemployment,2024,,3.619,,A,Normal value,,,1,One
DATAFLOW,OECD.ELS.SAE:DSD_LFS@DF_LFS_INDIC(1.1),Employment and unemployment by five-year age group and sex - indicators,I,IRL,Ireland,UNE_RATE,Unemployment rate,PT_LF_SUB,Percentage of labour force in the same subgroup,_T,Total,_T,Total,UNE,Unemployment,2024,,3.11,,A,Normal value,,,1,One
DATAFLOW,OECD.ELS.SAE:DSD_LFS@DF_LFS_INDIC(1.1),Employment and unemployment by five-year age group and sex - indicators,I,IRL,Ireland,UNE_RATE,Unemployment rate,PT_LF_SUB,Percentage of labour force in the same subgroup,_T,Total,Y15T64,From 15 to 64 years,UNE,Unemployment,2024,,3.242,,A,Normal value,,,1,One
DATAFLOW,OECD.ELS.SAE:DSD_LFS@DF_LFS_INDIC(1.1),Employment and unemployment by five-year age group and sex - indicators,I,ISR,Israel,UNE_RATE,Unemployment rate,PT_LF_SUB,Percentage of labour force in the same subgroup,_T,Total,_T,Total,UNE,Unemployment,2024,,2.969,,A,Normal value,,,1,One
DATAFLOW,OECD.ELS.SAE:DSD_LFS@DF_LFS_INDIC(1.1),Employment and unemployment by five-year age group and sex - indicators,I,ISR,Israel,UNE_RATE,Unemployment rate,PT_LF_SUB,Percentage of labour force in the same subgroup,_T,Total,Y15T64,From 15 to 64 years,UNE,Unemployment,2024,,3.07,,A,Normal value,,,1,One
DATAFLOW,OECD.ELS.SAE:DSD_LFS@DF_LFS_INDIC(1.1),Employment and unemployment by five-year age group and sex - indicators,I,ITA,Italy,UNE_RATE,Unemployment rate,PT_LF_SUB,Percentage of labour force in the same subgroup,_T,Total,Y15T64,From 15 to 64 years,UNE,Unemployment,2024,,6.646,,A,Normal value,,,1,One
DATAFLOW,OECD.ELS.SAE:DSD_LFS@DF_LFS_INDIC(1.1),Employment and unemployment by five-year age group and sex - indicators,I,ITA,Italy,UNE_RATE,Unemployment rate,PT_LF_SUB,Percentage of labour force in the same subgroup,_T,Total,_T,Total,UNE,Unemployment,2024,,6.499,,A,Normal value,,,1,One
DATAFLOW,OECD.ELS.SAE:DSD_LFS@DF_LFS_INDIC(1.1),Employment and unemployment by five-year age group and sex - indicators,I,JPN,Japan,UNE_RATE,Unemployment rate,PT_LF_SUB,Percentage of labour force in the same subgroup,_T,Total,Y15T64,From 15 to 64 years,UNE,Unemployment,2024,,2.629,,A,Normal value,,,1,One
DATAFLOW,OECD.ELS.SAE:DSD_LFS@DF_LFS_INDIC(1.1),Employment and unemployment by five-year age group and sex - indicators,I,JPN,Japan,UNE_RATE,Unemployment rate,PT_LF_SUB,Percentage of labour force in the same subgroup,_T,Total,_T,Total,UNE,Unemployment,2024,,2.515,,A,Normal value,,,1,One
DATAFLOW,OECD.ELS.SAE:DSD_LFS@DF_LFS_INDIC(1.1),Employment and unemployment by five-year age group and sex - indicators,I,KOR,Korea,UNE_RATE,Unemployment rate,PT_LF_SUB,Percentage of labour force in the same subgroup,_T,Total,_T,Total,UNE,Unemployment,2024,,2.799,,A,Normal value,,,1,One
DATAFLOW,OECD.ELS.SAE:DSD_LFS@DF_LFS_INDIC(1.1),Employment and unemployment by five-year age group and sex - indicators,I,KOR,Korea,UNE_RATE,Unemployment rate,PT_LF_SUB,Percentage of labour force in the same subgroup,_T,Total,Y15T64,From 15 to 64 years,UNE,Unemployment,2024,,2.76,,A,Normal value,,,1,One
DATAFLOW,OECD.ELS.SAE:DSD_LFS@DF_LFS_INDIC(1.1),Employment and unemployment by five-year age group and sex - indicators,I,LVA,Latvia,UNE_RATE,Unemployment rate,PT_LF_SUB,Percentage of labour force in the same subgroup,_T,Total,_T,Total,UNE,Unemployment,2024,,6.871,,A,Normal value,,,1,One
DATAFLOW,OECD.ELS.SAE:DSD_LFS@DF_LFS_INDIC(1.1),Employment and unemployment by five-year age group and sex - indicators,I,LVA,Latvia,UNE_RATE,Unemployment rate,PT_LF_SUB,Percentage of labour force in the same subgroup,_T,Total,Y15T64,From 15 to 64 years,UNE,Unemployment,2024,,7.278,,A,Normal value,,,1,One
DATAFLOW,OECD.ELS.SAE:DSD_LFS@DF_LFS_INDIC(1.1),Employment and unemployment by five-year age group and sex - indicators,I,LTU,Lithuania,UNE_RATE,Unemployment rate,PT_LF_SUB,Percentage of labour force in the same subgroup,_T,Total,Y15T64,From 15 to 64 years,UNE,Unemployment,2024,,7.412,,A,Normal value,,,1,One
DATAFLOW,OECD.ELS.SAE:DSD_LFS@DF_LFS_INDIC(1.1),Employment and unemployment by five-year age group and sex - indicators,I,LTU,Lithuania,UNE_RATE,Unemployment rate,PT_LF_SUB,Percentage of labour force in the same subgroup,_T,Total,_T,Total,UNE,Unemployment,2024,,7.089,,A,Normal value,,,1,One
DATAFLOW,OECD.ELS.SAE:DSD_LFS@DF_LFS_INDIC(1.1),Employment and unemployment by five-year age group and sex - indicators,I,LUX,Luxembourg,UNE_RATE,Unemployment rate,PT_LF_SUB,Percentage of labour force in the same subgroup,_T,Total,Y15T64,From 15 to 64 years,UNE,Unemployment,2024,,6.411,,A,Normal value,,,1,One
DATAFLOW,OECD.ELS.SAE:DSD_LFS@DF_LFS_INDIC(1.1),Employment and unemployment by five-year age group and sex - indicators,I,LUX,Luxembourg,UNE_RATE,Unemployment rate,PT_LF_SUB,Percentage of labour force in the same subgroup,_T,Total,_T,Total,UNE,Unemployment,2024,,6.39,,A,Normal value,,,1,One
DATAFLOW,OECD.ELS.SAE:DSD_LFS@DF_LFS_INDIC(1.1),Employment and unemployment by five-year age group and sex - indicators,I,MEX,Mexico,UNE_RATE,Unemployment rate,PT_LF_SUB,Percentage of labour force in the same subgroup,_T,Total,_T,Total,UNE,Unemployment,2024,,2.695,,A,Normal value,,,1,One
DATAFLOW,OECD.ELS.SAE:DSD_LFS@DF_LFS_INDIC(1.1),Employment and unemployment by five-year age group and sex - indicators,I,MEX,Mexico,UNE_RATE,Unemployment rate,PT_LF_SUB,Percentage of labour force in the same subgroup,_T,Total,Y15T64,From 15 to 64 years,UNE,Unemployment,2024,,2.808,,A,Normal value,,,1,One
DATAFLOW,OECD.ELS.SAE:DSD_LFS@DF_LFS_INDIC(1.1),Employment and unemployment by five-year age group and sex - indicators,I,NLD,Netherlands,UNE_RATE,Unemployment rate,PT_LF_SUB,Percentage of labour force in the same subgroup,_T,Total,_T,Total,UNE,Unemployment,2024,,3.626,,A,Normal value,,,1,One
DATAFLOW,OECD.ELS.SAE:DSD_LFS@DF_LFS_INDIC(1.1),Employment and unemployment by five-year age group and sex - indicators,I,NLD,Netherlands,UNE_RATE,Unemployment rate,PT_LF_SUB,Percentage of labour force in the same subgroup,_T,Total,Y15T64,From 15 to 64 years,UNE,Unemployment,2024,,3.685,,A,Normal value,,,1,One
DATAFLOW,OECD.ELS.SAE:DSD_LFS@DF_LFS_INDIC(1.1),Employment and unemployment by five-year age group and sex - indicators,I,NZL,New Zealand,UNE_RATE,Unemployment rate,PT_LF_SUB,Percentage of labour force in the same subgroup,_T,Total,_T,Total,UNE,Unemployment,2024,,4.756,,A,Normal value,,,1,One
DATAFLOW,OECD.ELS.SAE:DSD_LFS@DF_LFS_INDIC(1.1),Employment and unemployment by five-year age group and sex - indicators,I,NZL,New Zealand,UNE_RATE,Unemployment rate,PT_LF_SUB,Percentage of labour force in the same subgroup,_T,Total,Y15T64,From 15 to 64 years,UNE,Unemployment,2024,,4.953,,A,Normal value,,,1,One
DATAFLOW,OECD.ELS.SAE:DSD_LFS@DF_LFS_INDIC(1.1),Employment and unemployment by five-year age group and sex - indicators,I,NOR,Norway,UNE_RATE,Unemployment rate,PT_LF_SUB,Percentage of labour force in the same subgroup,_T,Total,Y15T64,From 15 to 64 years,UNE,Unemployment,2024,,4.106,,A,Normal value,,,1,One
DATAFLOW,OECD.ELS.SAE:DSD_LFS@DF_LFS_INDIC(1.1),Employment and unemployment by five-year age group and sex - indicators,I,NOR,Norway,UNE_RATE,Unemployment rate,PT_LF_SUB,Percentage of labour force in the same subgroup,_T,Total,_T,Total,UNE,Unemployment,2024,,3.979,,A,Normal value,,,1,One
DATAFLOW,OECD.ELS.SAE:DSD_LFS@DF_LFS_INDIC(1.1),Employment and unemployment by five-year age group and sex - indicators,I,POL,Poland,UNE_RATE,Unemployment rate,PT_LF_SUB,Percentage of labour force in the same subgroup,_T,Total,_T,Total,UNE,Unemployment,2024,,2.884,,A,Normal value,,,1,One
DATAFLOW,OECD.ELS.SAE:DSD_LFS@DF_LFS_INDIC(1.1),Employment and unemployment by five-year age group and sex - indicators,I,POL,Poland,UNE_RATE,Unemployment rate,PT_LF_SUB,Percentage of labour force in the same subgroup,_T,Total,Y15T64,From 15 to 64 years,UNE,Unemployment,2024,,2.942,,A,Normal value,,,1,One
DATAFLOW,OECD.ELS.SAE:DSD_LFS@DF_LFS_INDIC(1.1),Employment and unemployment by five-year age group and sex - indicators,I,PRT,Portugal,UNE_RATE,Unemployment rate,PT_LF_SUB,Percentage of labour force in the same subgroup,_T,Total,_T,Total,UNE,Unemployment,2024,,6.423,,A,Normal value,,,1,One
DATAFLOW,OECD.ELS.SAE:DSD_LFS@DF_LFS_INDIC(1.1),Employment and unemployment by five-year age group and sex - indicators,I,PRT,Portugal,UNE_RATE,Unemployment rate,PT_LF_SUB,Percentage of labour force in the same subgroup,_T,Total,Y15T64,From 15 to 64 years,UNE,Unemployment,2024,,6.609,,A,Normal value,,,1,One
DATAFLOW,OECD.ELS.SAE:DSD_LFS@DF_LFS_INDIC(1.1),Employment and unemployment by five-year age group and sex - indicators,I,SVK,Slovak Republic,UNE_RATE,Unemployment rate,PT_LF_SUB,Percentage of labour force in the same subgroup,_T,Total,_T,Total,UNE,Unemployment,2024,,5.331,,A,Normal value,,,1,One
DATAFLOW,OECD.ELS.SAE:DSD_LFS@DF_LFS_INDIC(1.1),Employment and unemployment by five-year age group and sex - indicators,I,SVK,Slovak Republic,UNE_RATE,Unemployment rate,PT_LF_SUB,Percentage of labour force in the same subgroup,_T,Total,Y15T64,From 15 to 64 years,UNE,Unemployment,2024,,5.436,,A,Normal value,,,1,One
DATAFLOW,OECD.ELS.SAE:DSD_LFS@DF_LFS_INDIC(1.1),Employment and unemployment by five-year age group and sex - indicators,I,SVN,Slovenia,UNE_RATE,Unemployment rate,PT_LF_SUB,Percentage of labour force in the same subgroup,_T,Total,_T,Total,UNE,Unemployment,2024,,3.687,,A,Normal value,,,1,One
DATAFLOW,OECD.ELS.SAE:DSD_LFS@DF_LFS_INDIC(1.1),Employment and unemployment by five-year age group and sex - indicators,I,SVN,Slovenia,UNE_RATE,Unemployment rate,PT_LF_SUB,Percentage of labour force in the same subgroup,_T,Total,Y15T64,From 15 to 64 years,UNE,Unemployment,2024,,3.61,,A,Normal value,,,1,One
DATAFLOW,OECD.ELS.SAE:DSD_LFS@DF_LFS_INDIC(1.1),Employment and unemployment by five-year age group and sex - indicators,I,ESP,Spain,UNE_RATE,Unemployment rate,PT_LF_SUB,Percentage of labour force in the same subgroup,_T,Total,_T,Total,UNE,Unemployment,2024,,11.343,,A,Normal value,,,1,One
DATAFLOW,OECD.ELS.SAE:DSD_LFS@DF_LFS_INDIC(1.1),Employment and unemployment by five-year age group and sex - indicators,I,ESP,Spain,UNE_RATE,Unemployment rate,PT_LF_SUB,Percentage of labour force in the same subgroup,_T,Total,Y15T64,From 15 to 64 years,UNE,Unemployment,2024,,11.417,,A,Normal value,,,1,One
DATAFLOW,OECD.ELS.SAE:DSD_LFS@DF_LFS_INDIC(1.1),Employment and unemployment by five-year age group and sex - indicators,I,SWE,Sweden,UNE_RATE,Unemployment rate,PT_LF_SUB,Percentage of labour force in the same subgroup,_T,Total,Y15T64,From 15 to 64 years,UNE,Unemployment,2024,,8.538,,A,Normal value,,,1,One
DATAFLOW,OECD.ELS.SAE:DSD_LFS@DF_LFS_INDIC(1.1),Employment and unemployment by five-year age group and sex - indicators,I,SWE,Sweden,UNE_RATE,Unemployment rate,PT_LF_SUB,Percentage of labour force in the same subgroup,_T,Total,_T,Total,UNE,Unemployment,2024,,8.396,,A,Normal value,,,1,One
DATAFLOW,OECD.ELS.SAE:DSD_LFS@DF_LFS_INDIC(1.1),Employment and unemployment by five-year age group and sex - indicators,I,CHE,Switzerland,UNE_RATE,Unemployment rate,PT_LF_SUB,Percentage of labour force in the same subgroup,_T,Total,_T,Total,UNE,Unemployment,2024,,4.341,,A,Normal value,,,1,One
DATAFLOW,OECD.ELS.SAE:DSD_LFS@DF_LFS_INDIC(1.1),Employment and unemployment by five-year age group and sex - indicators,I,CHE,Switzerland,UNE_RATE,Unemployment rate,PT_LF_SUB,Percentage of labour force in the same subgroup,_T,Total,Y15T64,From 15 to 64 years,UNE,Unemployment,2024,,4.464,,A,Normal value,,,1,One
DATAFLOW,OECD.ELS.SAE:DSD_LFS@DF_LFS_INDIC(1.1),Employment and unemployment by five-year age group and sex - indicators,I,TUR,Türkiye,UNE_RATE,Unemployment rate,PT_LF_SUB,Percentage of labour force in the same subgroup,_T,Total,_T,Total,UNE,Unemployment,2024,,8.712,,A,Normal value,,,1,One
DATAFLOW,OECD.ELS.SAE:DSD_LFS@DF_LFS_INDIC(1.1),Employment and unemployment by five-year age group and sex - indicators,I,TUR,Türkiye,UNE_RATE,Unemployment rate,PT_LF_SUB,Percentage of labour force in the same subgroup,_T,Total,Y15T64,From 15 to 64 years,UNE,Unemployment,2024,,8.91,,A,Normal value,,,1,One
DATAFLOW,OECD.ELS.SAE:DSD_LFS@DF_LFS_INDIC(1.1),Employment and unemployment by five-year age group and sex - indicators,I,GBR,United Kingdom,UNE_RATE,Unemployment rate,PT_LF_SUB,Percentage of labour force in the same subgroup,_T,Total,Y15T64,From 15 to 64 years,UNE,Unemployment,2024,,3.825,,A,Normal value,,,1,One
DATAFLOW,OECD.ELS.SAE:DSD_LFS@DF_LFS_INDIC(1.1),Employment and unemployment by five-year age group and sex - indicators,I,GBR,United Kingdom,UNE_RATE,Unemployment rate,PT_LF_SUB,Percentage of labour force in the same subgroup,_T,Total,_T,Total,UNE,Unemployment,2024,,3.758,,A,Normal value,,,1,One
DATAFLOW,OECD.ELS.SAE:DSD_LFS@DF_LFS_INDIC(1.1),Employment and unemployment by five-year age group and sex - indicators,I,USA,United States,UNE_RATE,Unemployment rate,PT_LF_SUB,Percentage of labour force in the same subgroup,_T,Total,Y15T64,From 15 to 64 years,UNE,Unemployment,2024,,4.088,,A,Normal value,,,1,One
DATAFLOW,OECD.ELS.SAE:DSD_LFS@DF_LFS_INDIC(1.1),Employment and unemployment by five-year age group and sex - indicators,I,USA,United States,UNE_RATE,Unemployment rate,PT_LF_SUB,Percentage of labour force in the same subgroup,_T,Total,_T,Total,UNE,Unemployment,2024,,4.022,,A,Normal value,,,1,One
DATAFLOW,OECD.ELS.SAE:DSD_LFS@DF_LFS_INDIC(1.1),Employment and unemployment by five-year age group and sex - indicators,I,G7,G7,UNE_RATE,Unemployment rate,PT_LF_SUB,Percentage of labour force in the same subgroup,_T,Total,Y15T64,From 15 to 64 years,UNE,Unemployment,2024,,4.343,,A,Normal value,,,1,One
DATAFLOW,OECD.ELS.SAE:DSD_LFS@DF_LFS_INDIC(1.1),Employment and unemployment by five-year age group and sex - indicators,I,G7,G7,UNE_RATE,Unemployment rate,PT_LF_SUB,Percentage of labour force in the same subgroup,_T,Total,_T,Total,UNE,Unemployment,2024,,4.218,,A,Normal value,,,1,One
DATAFLOW,OECD.ELS.SAE:DSD_LFS@DF_LFS_INDIC(1.1),Employment and unemployment by five-year age group and sex - indicators,I,EU27,European Union (27 countries),UNE_RATE,Unemployment rate,PT_LF_SUB,Percentage of labour force in the same subgroup,_T,Total,Y15T64,From 15 to 64 years,UNE,Unemployment,2024,,6.018,,A,Normal value,,,1,One
DATAFLOW,OECD.ELS.SAE:DSD_LFS@DF_LFS_INDIC(1.1),Employment and unemployment by five-year age group and sex - indicators,I,EU27,European Union (27 countries),UNE_RATE,Unemployment rate,PT_LF_SUB,Percentage of labour force in the same subgroup,_T,Total,_T,Total,UNE,Unemployment,2024,,5.906,,A,Normal value,,,1,One
DATAFLOW,OECD.ELS.SAE:DSD_LFS@DF_LFS_INDIC(1.1),Employment and unemployment by five-year age group and sex - indicators,I,EU19OECD,European Union (19 countries) in OECD,UNE_RATE,Unemployment rate,PT_LF_SUB,Percentage of labour force in the same subgroup,_T,Total,Y15T64,From 15 to 64 years,UNE,Unemployment,2024,,6.471,,A,Normal value,,,1,One
DATAFLOW,OECD.ELS.SAE:DSD_LFS@DF_LFS_INDIC(1.1),Employment and unemployment by five-year age group and sex - indicators,I,EU19OECD,European Union (19 countries) in OECD,UNE_RATE,Unemployment rate,PT_LF_SUB,Percentage of labour force in the same subgroup,_T,Total,_T,Total,UNE,Unemployment,2024,,6.346,,A,Normal value,,,1,One
DATAFLOW,OECD.ELS.SAE:DSD_LFS@DF_LFS_INDIC(1.1),Employment and unemployment by five-year age group and sex - indicators,I,EU22OECD,European Union (22 countries) in OECD,UNE_RATE,Unemployment rate,PT_LF_SUB,Percentage of labour force in the same subgroup,_T,Total,Y15T64,From 15 to 64 years,UNE,Unemployment,2024,,6.083,,A,Normal value,,,1,One
DATAFLOW,OECD.ELS.SAE:DSD_LFS@DF_LFS_INDIC(1.1),Employment and unemployment by five-year age group and sex - indicators,I,EU22OECD,European Union (22 countries) in OECD,UNE_RATE,Unemployment rate,PT_LF_SUB,Percentage of labour force in the same subgroup,_T,Total,_T,Total,UNE,Unemployment,2024,,5.966,,A,Normal value,,,1,One
DATAFLOW,OECD.ELS.SAE:DSD_LFS@DF_LFS_INDIC(1.1),Employment and unemployment by five-year age group and sex - indicators,I,OECD,OECD,UNE_RATE,Unemployment rate,PT_LF_SUB,Percentage of labour force in the same subgroup,_T,Total,_T,Total,UNE,Unemployment,2024,,4.885,,A,Normal value,,,1,One
DATAFLOW,OECD.ELS.SAE:DSD_LFS@DF_LFS_INDIC(1.1),Employment and unemployment by five-year age group and sex - indicators,I,OECD,OECD,UNE_RATE,Unemployment rate,PT_LF_SUB,Percentage of labour force in the same subgroup,_T,Total,Y15T64,From 15 to 64 years,UNE,Unemployment,2024,,5.035,,A,Normal value,,,1,One
DATAFLOW,OECD.ELS.SAE:DSD_LFS@DF_LFS_INDIC(1.1),Employment and unemployment by five-year age group and sex - indicators,I,OECD_REP,OECD average country,UNE_RATE,Unemployment rate,PT_LF_SUB,Percentage of labour force in the same subgroup,_T,Total,Y15T64,From 15 to 64 years,UNE,Unemployment,2024,,5.731,,A,Normal value,,,1,One
DATAFLOW,OECD.ELS.SAE:DSD_LFS@DF_LFS_INDIC(1.1),Employment and unemployment by five-year age group and sex - indicators,I,OECD_REP,OECD average country,UNE_RATE,Unemployment rate,PT_LF_SUB,Percentage of labour force in the same subgroup,_T,Total,_T,Total,UNE,Unemployment,2024,,5.596,,A,Normal value,,,1,One
DATAFLOW,OECD.ELS.SAE:DSD_LFS@DF_LFS_INDIC(1.1),Employment and unemployment by five-year age group and sex - indicators,I,BRA,Brazil,UNE_RATE,Unemployment rate,PT_LF_SUB,Percentage of labour force in the same subgroup,_T,Total,Y15T64,From 15 to 64 years,UNE,Unemployment,2024,,6.779,,A,Normal value,,,1,One
DATAFLOW,OECD.ELS.SAE:DSD_LFS@DF_LFS_INDIC(1.1),Employment and unemployment by five-year age group and sex - indicators,I,BRA,Brazil,UNE_RATE,Unemployment rate,PT_LF_SUB,Percentage of labour force in the same subgroup,_T,Total,_T,Total,UNE,Unemployment,2024,,6.61,,A,Normal value,,,1,One
DATAFLOW,OECD.ELS.SAE:DSD_LFS@DF_LFS_INDIC(1.1),Employment and unemployment by five-year age group and sex - indicators,I,HRV,Croatia,UNE_RATE,Unemployment rate,PT_LF_SUB,Percentage of labour force in the same subgroup,_T,Total,Y15T64,From 15 to 64 years,UNE,Unemployment,2024,,5.057,,A,Normal value,,,1,One
DATAFLOW,OECD.ELS.SAE:DSD_LFS@DF_LFS_INDIC(1.1),Employment and unemployment by five-year age group and sex - indicators,I,HRV,Croatia,UNE_RATE,Unemployment rate,PT_LF_SUB,Percentage of labour force in the same subgroup,_T,Total,_T,Total,UNE,Unemployment,2024,,5.026,,A,Normal value,,,1,One
DATAFLOW,OECD.ELS.SAE:DSD_LFS@DF_LFS_INDIC(1.1),Employment and unemployment by five-year age group and sex - indicators,I,CYP,Cyprus,UNE_RATE,Unemployment rate,PT_LF_SUB,Percentage of labour force in the same subgroup,_T,Total,Y15T64,From 15 to 64 years,UNE,Unemployment,2024,,4.945,,A,Normal value,,,1,One
DATAFLOW,OECD.ELS.SAE:DSD_LFS@DF_LFS_INDIC(1.1),Employment and unemployment by five-year age group and sex - indicators,I,CYP,Cyprus,UNE_RATE,Unemployment rate,PT_LF_SUB,Percentage of labour force in the same subgroup,_T,Total,_T,Total,UNE,Unemployment,2024,,4.84,,A,Normal value,,,1,One
DATAFLOW,OECD.ELS.SAE:DSD_LFS@DF_LFS_INDIC(1.1),Employment and unemployment by five-year age group and sex - indicators,I,IND,India,UNE_RATE,Unemployment rate,PT_LF_SUB,Percentage of labour force in the same subgroup,_T,Total,_T,Total,UNE,Unemployment,2024,,4.883,,A,Normal value,,,1,One
DATAFLOW,OECD.ELS.SAE:DSD_LFS@DF_LFS_INDIC(1.1),Employment and unemployment by five-year age group and sex - indicators,I,IND,India,UNE_RATE,Unemployment rate,PT_LF_SUB,Percentage of labour force in the same subgroup,_T,Total,Y15T64,From 15 to 64 years,UNE,Unemployment,2024,,5.047,,A,Normal value,,,1,One
DATAFLOW,OECD.ELS.SAE:DSD_LFS@DF_LFS_INDIC(1.1),Employment and unemployment by five-year age group and sex - indicators,I,MLT,Malta,UNE_RATE,Unemployment rate,PT_LF_SUB,Percentage of labour force in the same subgroup,_T,Total,Y15T64,From 15 to 64 years,UNE,Unemployment,2024,,3.219,,A,Normal value,,,1,One
DATAFLOW,OECD.ELS.SAE:DSD_LFS@DF_LFS_INDIC(1.1),Employment and unemployment by five-year age group and sex - indicators,I,MLT,Malta,UNE_RATE,Unemployment rate,PT_LF_SUB,Percentage of labour force in the same subgroup,_T,Total,_T,Total,UNE,Unemployment,2024,,3.162,,A,Normal value,,,1,One
DATAFLOW,OECD.ELS.SAE:DSD_LFS@DF_LFS_INDIC(1.1),Employment and unemployment by five-year age group and sex - indicators,I,MKD,North Macedonia,UNE_RATE,Unemployment rate,PT_LF_SUB,Percentage of labour force in the same subgroup,_T,Total,_T,Total,UNE,Unemployment,2024,,12.31,,A,Normal value,,,1,One
DATAFLOW,OECD.ELS.SAE:DSD_LFS@DF_LFS_INDIC(1.1),Employment and unemployment by five-year age group and sex - indicators,I,MKD,North Macedonia,UNE_RATE,Unemployment rate,PT_LF_SUB,Percentage of labour force in the same subgroup,_T,Total,Y15T64,From 15 to 64 years,UNE,Unemployment,2024,,12.433,,A,Normal value,,,1,One
DATAFLOW,OECD.ELS.SAE:DSD_LFS@DF_LFS_INDIC(1.1),Employment and unemployment by five-year age group and sex - indicators,I,PER,Peru,UNE_RATE,Unemployment rate,PT_LF_SUB,Percentage of labour force in the same subgroup,_T,Total,Y15T64,From 15 to 64 years,UNE,Unemployment,2024,,5.737,,A,Normal value,,,1,One
DATAFLOW,OECD.ELS.SAE:DSD_LFS@DF_LFS_INDIC(1.1),Employment and unemployment by five-year age group and sex - indicators,I,PER,Peru,UNE_RATE,Unemployment rate,PT_LF_SUB,Percentage of labour force in the same subgroup,_T,Total,_T,Total,UNE,Unemployment,2024,,5.573,,A,Normal value,,,1,One
DATAFLOW,OECD.ELS.SAE:DSD_LFS@DF_LFS_INDIC(1.1),Employment and unemployment by five-year age group and sex - indicators,I,ROU,Romania,UNE_RATE,Unemployment rate,PT_LF_SUB,Percentage of labour force in the same subgroup,_T,Total,Y15T64,From 15 to 64 years,UNE,Unemployment,2024,,5.447,,A,Normal value,,,1,One
DATAFLOW,OECD.ELS.SAE:DSD_LFS@DF_LFS_INDIC(1.1),Employment and unemployment by five-year age group and sex - indicators,I,ROU,Romania,UNE_RATE,Unemployment rate,PT_LF_SUB,Percentage of labour force in the same subgroup,_T,Total,_T,Total,UNE,Unemployment,2024,,5.429,,A,Normal value,,,1,One
DATAFLOW,OECD.ELS.SAE:DSD_LFS@DF_LFS_INDIC(1.1),Employment and unemployment by five-year age group and sex - indicators,I,ZAF,South Africa,UNE_RATE,Unemployment rate,PT_LF_SUB,Percentage of labour force in the same subgroup,_T,Total,_T,Total,UNE,Unemployment,2024,,32.274,,A,Normal value,,,1,One
DATAFLOW,OECD.ELS.SAE:DSD_LFS@DF_LFS_INDIC(1.1),Employment and unemployment by five-year age group and sex - indicators,I,ZAF,South Africa,UNE_RATE,Unemployment rate,PT_LF_SUB,Percentage of labour force in the same subgroup,_T,Total,Y15T64,From 15 to 64 years,UNE,Unemployment,2024,,32.599,,A,Normal value,,,1,One
DATAFLOW,OECD.ELS.SAE:DSD_LFS@DF_LFS_INDIC(1.1),Employment and unemployment by five-year age group and sex - indicators,I,THA,Thailand,UNE_RATE,Unemployment rate,PT_LF_SUB,Percentage of labour force in the same subgroup,_T,Total,Y15T64,From 15 to 64 years,UNE,Unemployment,2024,,0.83,,A,Normal value,,,1,One
DATAFLOW,OECD.ELS.SAE:DSD_LFS@DF_LFS_INDIC(1.1),Employment and unemployment by five-year age group and sex - indicators,I,THA,Thailand,UNE_RATE,Unemployment rate,PT_LF_SUB,Percentage of labour force in the same subgroup,_T,Total,_T,Total,UNE,Unemployment,2024,,0.78,,A,Normal value,,,1,One
DATAFLOW,OECD.ELS.SAE:DSD_LFS@DF_LFS_INDIC(1.1),Employment and unemployment by five-year age group and sex - indicators,I,COL,Colombia,UNE_RATE,Unemployment rate,PT_LF_SUB,Percentage of labour force in the same subgroup,_T,Total,_T,Total,UNE,Unemployment,2021,,13.794,,A,Normal value,,,1,One
DATAFLOW,OECD.ELS.SAE:DSD_LFS@DF_LFS_INDIC(1.1),Employment and unemployment by five-year age group and sex - indicators,I,COL,Colombia,UNE_RATE,Unemployment rate,PT_LF_SUB,Percentage of labour force in the same subgroup,_T,Total,Y15T64,From 15 to 64 years,UNE,Unemployment,2021,,14.112,,A,Normal value,,,1,One
DATAFLOW,OECD.ELS.SAE:DSD_LFS@DF_LFS_INDIC(1.1),Employment and unemployment by five-year age group and sex - indicators,I,FRA,France,UNE_RATE,Unemployment rate,PT_LF_SUB,Percentage of labour force in the same subgroup,_T,Total,_T,Total,UNE,Unemployment,2021,,7.86,,A,Normal value,,,1,One
DATAFLOW,OECD.ELS.SAE:DSD_LFS@DF_LFS_INDIC(1.1),Employment and unemployment by five-year age group and sex - indicators,I,FRA,France,UNE_RATE,Unemployment rate,PT_LF_SUB,Percentage of labour force in the same subgroup,_T,Total,Y15T64,From 15 to 64 years,UNE,Unemployment,2021,,7.921,,A,Normal value,,,1,One
DATAFLOW,OECD.ELS.SAE:DSD_LFS@DF_LFS_INDIC(1.1),Employment and unemployment by five-year age group and sex - indicators,I,ITA,Italy,UNE_RATE,Unemployment rate,PT_LF_SUB,Percentage of labour force in the same subgroup,_T,Total,_T,Total,UNE,Unemployment,2021,,9.497,,A,Normal value,,,1,One
DATAFLOW,OECD.ELS.SAE:DSD_LFS@DF_LFS_INDIC(1.1),Employment and unemployment by five-year age group and sex - indicators,I,JPN,Japan,UNE_RATE,Unemployment rate,PT_LF_SUB,Percentage of labour force in the same subgroup,_T,Total,_T,Total,UNE,Unemployment,2021,,2.828,,A,Normal value,,,1,One
DATAFLOW,OECD.ELS.SAE:DSD_LFS@DF_LFS_INDIC(1.1),Employment and unemployment by five-year age group and sex - indicators,I,JPN,Japan,UNE_RATE,Unemployment rate,PT_LF_SUB,Percentage of labour force in the same subgroup,_T,Total,Y15T64,From 15 to 64 years,UNE,Unemployment,2021,,2.968,,A,Normal value,,,1,One
DATAFLOW,OECD.ELS.SAE:DSD_LFS@DF_LFS_INDIC(1.1),Employment and unemployment by five-year age group and sex - indicators,I,KOR,Korea,UNE_RATE,Unemployment rate,PT_LF_SUB,Percentage of labour force in the same subgroup,_T,Total,Y15T64,From 15 to 64 years,UNE,Unemployment,2021,,3.642,,A,Normal value,,,1,One
DATAFLOW,OECD.ELS.SAE:DSD_LFS@DF_LFS_INDIC(1.1),Employment and unemployment by five-year age group and sex - indicators,I,MEX,Mexico,UNE_RATE,Unemployment rate,PT_LF_SUB,Percentage of labour force in the same subgroup,_T,Total,Y15T64,From 15 to 64 years,UNE,Unemployment,2021,,4.256,,A,Normal value,,,1,One
DATAFLOW,OECD.ELS.SAE:DSD_LFS@DF_LFS_INDIC(1.1),Employment and unemployment by five-year age group and sex - indicators,I,NLD,Netherlands,UNE_RATE,Unemployment rate,PT_LF_SUB,Percentage of labour force in the same subgroup,_T,Total,Y15T64,From 15 to 64 years,UNE,Unemployment,2021,,4.231,,A,Normal value,,,1,One
DATAFLOW,OECD.ELS.SAE:DSD_LFS@DF_LFS_INDIC(1.1),Employment and unemployment by five-year age group and sex - indicators,I,NLD,Netherlands,UNE_RATE,Unemployment rate,PT_LF_SUB,Percentage of labour force in the same subgroup,_T,Total,_T,Total,UNE,Unemployment,2021,,4.21,,A,Normal value,,,1,One
DATAFLOW,OECD.ELS.SAE:DSD_LFS@DF_LFS_INDIC(1.1),Employment and unemployment by five-year age group and sex - indicators,I,ESP,Spain,UNE_RATE,Unemployment rate,PT_LF_SUB,Percentage of labour force in the same subgroup,_T,Total,Y15T64,From 15 to 64 years,UNE,Unemployment,2021,,15.038,,A,Normal value,,,1,One
DATAFLOW,OECD.ELS.SAE:DSD_LFS@DF_LFS_INDIC(1.1),Employment and unemployment by five-year age group and sex - indicators,I,ESP,Spain,UNE_RATE,Unemployment rate,PT_LF_SUB,Percentage of labour force in the same subgroup,_T,Total,_T,Total,UNE,Unemployment,2021,,14.914,,A,Normal value,,,1,One
DATAFLOW,OECD.ELS.SAE:DSD_LFS@DF_LFS_INDIC(1.1),Employment and unemployment by five-year age group and sex - indicators,I,TUR,Türkiye,UNE_RATE,Unemployment rate,PT_LF_SUB,Percentage of labour force in the same subgroup,_T,Total,Y15T64,From 15 to 64 years,UNE,Unemployment,2021,,12.23,,A,Normal value,,,1,One
DATAFLOW,OECD.ELS.SAE:DSD_LFS@DF_LFS_INDIC(1.1),Employment and unemployment by five-year age group and sex - indicators,I,TUR,Türkiye,UNE_RATE,Unemployment rate,PT_LF_SUB,Percentage of labour force in the same subgroup,_T,Total,_T,Total,UNE,Unemployment,2021,,11.971,,A,Normal value,,,1,One
DATAFLOW,OECD.ELS.SAE:DSD_LFS@DF_LFS_INDIC(1.1),Employment and unemployment by five-year age group and sex - indicators,I,GBR,United Kingdom,UNE_RATE,Unemployment rate,PT_LF_SUB,Percentage of labour force in the same subgroup,_T,Total,_T,Total,UNE,Unemployment,2021,,4.42,,A,Normal value,,,1,One
DATAFLOW,OECD.ELS.SAE:DSD_LFS@DF_LFS_INDIC(1.1),Employment and unemployment by five-year age group and sex - indicators,I,GBR,United Kingdom,UNE_RATE,Unemployment rate,PT_LF_SUB,Percentage of labour force in the same subgroup,_T,Total,Y15T64,From 15 to 64 years,UNE,Unemployment,2021,,4.516,,A,Normal value,,,1,One
DATAFLOW,OECD.ELS.SAE:DSD_LFS@DF_LFS_INDIC(1.1),Employment and unemployment by five-year age group and sex - indicators,I,USA,United States,UNE_RATE,Unemployment rate,PT_LF_SUB,Percentage of labour force in the same subgroup,_T,Total,_T,Total,UNE,Unemployment,2021,,5.349,,A,Normal value,,,1,One
DATAFLOW,OECD.ELS.SAE:DSD_LFS@DF_LFS_INDIC(1.1),Employment and unemployment by five-year age group and sex - indicators,I,USA,United States,UNE_RATE,Unemployment rate,PT_LF_SUB,Percentage of labour force in the same subgroup,_T,Total,Y15T64,From 15 to 64 years,UNE,Unemployment,2021,,5.412,,A,Normal value,,,1,One
DATAFLOW,OECD.ELS.SAE:DSD_LFS@DF_LFS_INDIC(1.1),Employment and unemployment by five-year age group and sex - indicators,I,BRA,Brazil,UNE_RATE,Unemployment rate,PT_LF_SUB,Percentage of labour force in the same subgroup,_T,Total,_T,Total,UNE,Unemployment,2021,,13.977,,A,Normal value,,,1,One
DATAFLOW,OECD.ELS.SAE:DSD_LFS@DF_LFS_INDIC(1.1),Employment and unemployment by five-year age group and sex - indicators,I,BRA,Brazil,UNE_RATE,Unemployment rate,PT_LF_SUB,Percentage of labour force in the same subgroup,_T,Total,Y15T64,From 15 to 64 years,UNE,Unemployment,2021,,14.253,,A,Normal value,,,1,One
DATAFLOW,OECD.ELS.SAE:DSD_LFS@DF_LFS_INDIC(1.1),Employment and unemployment by five-year age group and sex - indicators,I,RUS,Russia,UNE_RATE,Unemployment rate,PT_LF_SUB,Percentage of labour force in the same subgroup,_T,Total,_T,Total,UNE,Unemployment,2021,,4.819,,A,Normal value,,,1,One
DATAFLOW,OECD.ELS.SAE:DSD_LFS@DF_LFS_INDIC(1.1),Employment and unemployment by five-year age group and sex - indicators,I,RUS,Russia,UNE_RATE,Unemployment rate,PT_LF_SUB,Percentage of labour force in the same subgroup,_T,Total,Y15T64,From 15 to 64 years,UNE,Unemployment,2021,,4.867,,A,Normal value,,,1,One
DATAFLOW,OECD.ELS.SAE:DSD_LFS@DF_LFS_INDIC(1.1),Employment and unemployment by five-year age group and sex - indicators,I,ZAF,South Africa,UNE_RATE,Unemployment rate,PT_LF_SUB,Percentage of labour force in the same subgroup,_T,Total,Y15T64,From 15 to 64 years,UNE,Unemployment,2021,,34.266,,A,Normal value,,,1,One
DATAFLOW,OECD.ELS.SAE:DSD_LFS@DF_LFS_INDIC(1.1),Employment and unemployment by five-year age group and sex - indicators,I,ZAF,South Africa,UNE_RATE,Unemployment rate,PT_LF_SUB,Percentage of labour force in the same subgroup,_T,Total,_T,Total,UNE,Unemployment,2021,,33.998,,A,Normal value,,,1,One
DATAFLOW,OECD.ELS.SAE:DSD_LFS@DF_LFS_INDIC(1.1),Employment and unemployment by five-year age group and sex - indicators,I,COL,Colombia,UNE_RATE,Unemployment rate,PT_LF_SUB,Percentage of labour force in the same subgroup,_T,Total,Y15T64,From 15 to 64 years,UNE,Unemployment,2016,,9.817,,A,Normal value,,,1,One
DATAFLOW,OECD.ELS.SAE:DSD_LFS@DF_LFS_INDIC(1.1),Employment and unemployment by five-year age group and sex - indicators,I,COL,Colombia,UNE_RATE,Unemployment rate,PT_LF_SUB,Percentage of labour force in the same subgroup,_T,Total,_T,Total,UNE,Unemployment,2016,,9.539,,A,Normal value,,,1,One
DATAFLOW,OECD.ELS.SAE:DSD_LFS@DF_LFS_INDIC(1.1),Employment and unemployment by five-year age group and sex - indicators,I,FRA,France,UNE_RATE,Unemployment rate,PT_LF_SUB,Percentage of labour force in the same subgroup,_T,Total,Y15T64,From 15 to 64 years,UNE,Unemployment,2016,,10.142,,A,Normal value,,,1,One
DATAFLOW,OECD.ELS.SAE:DSD_LFS@DF_LFS_INDIC(1.1),Employment and unemployment by five-year age group and sex - indicators,I,FRA,France,UNE_RATE,Unemployment rate,PT_LF_SUB,Percentage of labour force in the same subgroup,_T,Total,_T,Total,UNE,Unemployment,2016,,10.052,,A,Normal value,,,1,One
DATAFLOW,OECD.ELS.SAE:DSD_LFS@DF_LFS_INDIC(1.1),Employment and unemployment by five-year age group and sex - indicators,I,DEU,Germany,UNE_RATE,Unemployment rate,PT_LF_SUB,Percentage of labour force in the same subgroup,_T,Total,_T,Total,UNE,Unemployment,2016,,4.122,,A,Normal value,,,1,One
DATAFLOW,OECD.ELS.SAE:DSD_LFS@DF_LFS_INDIC(1.1),Employment and unemployment by five-year age group and sex - indicators,I,DEU,Germany,UNE_RATE,Unemployment rate,PT_LF_SUB,Percentage of labour force in the same subgroup,_T,Total,Y15T64,From 15 to 64 years,UNE,Unemployment,2016,,4.213,,A,Normal value,,,1,One
DATAFLOW,OECD.ELS.SAE:DSD_LFS@DF_LFS_INDIC(1.1),Employment and unemployment by five-year age group and sex - indicators,I,ITA,Italy,UNE_RATE,Unemployment rate,PT_LF_SUB,Percentage of labour force in the same subgroup,_T,Total,Y15T64,From 15 to 64 years,UNE,Unemployment,2016,,11.892,,A,Normal value,,,1,One
DATAFLOW,OECD.ELS.SAE:DSD_LFS@DF_LFS_INDIC(1.1),Employment and unemployment by five-year age group and sex - indicators,I,ITA,Italy,UNE_RATE,Unemployment rate,PT_LF_SUB,Percentage of labour force in the same subgroup,_T,Total,_T,Total,UNE,Unemployment,2016,,11.688,,A,Normal value,,,1,One
DATAFLOW,OECD.ELS.SAE:DSD_LFS@DF_LFS_INDIC(1.1),Employment and unemployment by five-year age group and sex - indicators,I,JPN,Japan,UNE_RATE,Unemployment rate,PT_LF_SUB,Percentage of labour force in the same subgroup,_T,Total,Y15T64,From 15 to 64 years,UNE,Unemployment,2016,,3.274,,A,Normal value,,,1,One
DATAFLOW,OECD.ELS.SAE:DSD_LFS@DF_LFS_INDIC(1.1),Employment and unemployment by five-year age group and sex - indicators,I,JPN,Japan,UNE_RATE,Unemployment rate,PT_LF_SUB,Percentage of labour force in the same subgroup,_T,Total,_T,Total,UNE,Unemployment,2016,,3.128,,A,Normal value,,,1,One
DATAFLOW,OECD.ELS.SAE:DSD_LFS@DF_LFS_INDIC(1.1),Employment and unemployment by five-year age group and sex - indicators,I,KOR,Korea,UNE_RATE,Unemployment rate,PT_LF_SUB,Percentage of labour force in the same subgroup,_T,Total,_T,Total,UNE,Unemployment,2016,,3.681,,A,Normal value,,,1,One
DATAFLOW,OECD.ELS.SAE:DSD_LFS@DF_LFS_INDIC(1.1),Employment and unemployment by five-year age group and sex - indicators,I,KOR,Korea,UNE_RATE,Unemployment rate,PT_LF_SUB,Percentage of labour force in the same subgroup,_T,Total,Y15T64,From 15 to 64 years,UNE,Unemployment,2016,,3.797,,A,Normal value,,,1,One
DATAFLOW,OECD.ELS.SAE:DSD_LFS@DF_LFS_INDIC(1.1),Employment and unemployment by five-year age group and sex - indicators,I,NLD,Netherlands,UNE_RATE,Unemployment rate,PT_LF_SUB,Percentage of labour force in the same subgroup,_T,Total,_T,Total,UNE,Unemployment,2016,,6.988,,A,Normal value,,,1,One
DATAFLOW,OECD.ELS.SAE:DSD_LFS@DF_LFS_INDIC(1.1),Employment and unemployment by five-year age group and sex - indicators,I,NLD,Netherlands,UNE_RATE,Unemployment rate,PT_LF_SUB,Percentage of labour force in the same subgroup,_T,Total,Y15T64,From 15 to 64 years,UNE,Unemployment,2016,,7.021,,A,Normal value,,,1,One
DATAFLOW,OECD.ELS.SAE:DSD_LFS@DF_LFS_INDIC(1.1),Employment and unemployment by five-year age group and sex - indicators,I,POL,Poland,UNE_RATE,Unemployment rate,PT_LF_SUB,Percentage of labour force in the same subgroup,_T,Total,Y15T64,From 15 to 64 years,UNE,Unemployment,2016,,6.244,,A,Normal value,,,1,One
DATAFLOW,OECD.ELS.SAE:DSD_LFS@DF_LFS_INDIC(1.1),Employment and unemployment by five-year age group and sex - indicators,I,ESP,Spain,UNE_RATE,Unemployment rate,PT_LF_SUB,Percentage of labour force in the same subgroup,_T,Total,Y15T64,From 15 to 64 years,UNE,Unemployment,2016,,19.746,,A,Normal value,,,1,One
DATAFLOW,OECD.ELS.SAE:DSD_LFS@DF_LFS_INDIC(1.1),Employment and unemployment by five-year age group and sex - indicators,I,TUR,Türkiye,UNE_RATE,Unemployment rate,PT_LF_SUB,Percentage of labour force in the same subgroup,_T,Total,_T,Total,UNE,Unemployment,2016,,10.9,,A,Normal value,,,1,One
DATAFLOW,OECD.ELS.SAE:DSD_LFS@DF_LFS_INDIC(1.1),Employment and unemployment by five-year age group and sex - indicators,I,TUR,Türkiye,UNE_RATE,Unemployment rate,PT_LF_SUB,Percentage of labour force in the same subgroup,_T,Total,Y15T64,From 15 to 64 years,UNE,Unemployment,2016,,11.115,,A,Normal value,,,1,One
DATAFLOW,OECD.ELS.SAE:DSD_LFS@DF_LFS_INDIC(1.1),Employment and unemployment by five-year age group and sex - indicators,I,GBR,United Kingdom,UNE_RATE,Unemployment rate,PT_LF_SUB,Percentage of labour force in the same subgroup,_T,Total,Y15T64,From 15 to 64 years,UNE,Unemployment,2016,,4.978,,A,Normal value,,,1,One
DATAFLOW,OECD.ELS.SAE:DSD_LFS@DF_LFS_INDIC(1.1),Employment and unemployment by five-year age group and sex - indicators,I,USA,United States,UNE_RATE,Unemployment rate,PT_LF_SUB,Percentage of labour force in the same subgroup,_T,Total,Y15T64,From 15 to 64 years,UNE,Unemployment,2016,,4.934,,A,Normal value,,,1,One
DATAFLOW,OECD.ELS.SAE:DSD_LFS@DF_LFS_INDIC(1.1),Employment and unemployment by five-year age group and sex - indicators,I,USA,United States,UNE_RATE,Unemployment rate,PT_LF_SUB,Percentage of labour force in the same subgroup,_T,Total,_T,Total,UNE,Unemployment,2016,,4.87,,A,Normal value,,,1,One
DATAFLOW,OECD.ELS.SAE:DSD_LFS@DF_LFS_INDIC(1.1),Employment and unemployment by five-year age group and sex - indicators,I,BRA,Brazil,UNE_RATE,Unemployment rate,PT_LF_SUB,Percentage of labour force in the same subgroup,_T,Total,Y15T64,From 15 to 64 years,UNE,Unemployment,2016,,11.852,,A,Normal value,,,1,One
DATAFLOW,OECD.ELS.SAE:DSD_LFS@DF_LFS_INDIC(1.1),Employment and unemployment by five-year age group and sex - indicators,I,BRA,Brazil,UNE_RATE,Unemployment rate,PT_LF_SUB,Percentage of labour force in the same subgroup,_T,Total,_T,Total,UNE,Unemployment,2016,,11.611,,A,Normal value,,,1,One
DATAFLOW,OECD.ELS.SAE:DSD_LFS@DF_LFS_INDIC(1.1),Employment and unemployment by five-year age group and sex - indicators,I,IDN,Indonesia,UNE_RATE,Unemployment rate,PT_LF_SUB,Percentage of labour force in the same subgroup,_T,Total,_T,Total,UNE,Unemployment,2016,,5.553,,A,Normal value,,,1,One
DATAFLOW,OECD.ELS.SAE:DSD_LFS@DF_LFS_INDIC(1.1),Employment and unemployment by five-year age group and sex - indicators,I,IDN,Indonesia,UNE_RATE,Unemployment rate,PT_LF_SUB,Percentage of labour force in the same subgroup,_T,Total,Y15T64,From 15 to 64 years,UNE,Unemployment,2016,,5.715,,A,Normal value,,,1,One
DATAFLOW,OECD.ELS.SAE:DSD_LFS@DF_LFS_INDIC(1.1),Employment and unemployment by five-year age group and sex - indicators,I,RUS,Russia,UNE_RATE,Unemployment rate,PT_LF_SUB,Percentage of labour force in the same subgroup,_T,Total,Y15T64,From 15 to 64 years,UNE,Unemployment,2016,,5.567,,A,Normal value,,,1,One
DATAFLOW,OECD.ELS.SAE:DSD_LFS@DF_LFS_INDIC(1.1),Employment and unemployment by five-year age group and sex - indicators,I,RUS,Russia,UNE_RATE,Unemployment rate,PT_LF_SUB,Percentage of labour force in the same subgroup,_T,Total,_T,Total,UNE,Unemployment,2016,,5.537,,A,Normal value,,,1,One
DATAFLOW,OECD.ELS.SAE:DSD_LFS@DF_LFS_INDIC(1.1),Employment and unemployment by five-year age group and sex - indicators,I,ZAF,South Africa,UNE_RATE,Unemployment rate,PT_LF_SUB,Percentage of labour force in the same subgroup,_T,Total,_T,Total,UNE,Unemployment,2016,,26.503,,A,Normal value,,,1,One
DATAFLOW,OECD.ELS.SAE:DSD_LFS@DF_LFS_INDIC(1.1),Employment and unemployment by five-year age group and sex - indicators,I,ZAF,South Africa,UNE_RATE,Unemployment rate,PT_LF_SUB,Percentage of labour force in the same subgroup,_T,Total,Y15T64,From 15 to 64 years,UNE,Unemployment,2016,,26.715,,A,Normal value,,,1,One
DATAFLOW,OECD.ELS.SAE:DSD_LFS@DF_LFS_INDIC(1.1),Employment and unemployment by five-year age group and sex - indicators,I,COL,Colombia,UNE_RATE,Unemployment rate,PT_LF_SUB,Percentage of labour force in the same subgroup,_T,Total,_T,Total,UNE,Unemployment,2017,,9.669,,A,Normal value,,,1,One
DATAFLOW,OECD.ELS.SAE:DSD_LFS@DF_LFS_INDIC(1.1),Employment and unemployment by five-year age group and sex - indicators,I,COL,Colombia,UNE_RATE,Unemployment rate,PT_LF_SUB,Percentage of labour force in the same subgroup,_T,Total,Y15T64,From 15 to 64 years,UNE,Unemployment,2017,,9.984,,A,Normal value,,,1,One
DATAFLOW,OECD.ELS.SAE:DSD_LFS@DF_LFS_INDIC(1.1),Employment and unemployment by five-year age group and sex - indicators,I,FRA,France,UNE_RATE,Unemployment rate,PT_LF_SUB,Percentage of labour force in the same subgroup,_T,Total,_T,Total,UNE,Unemployment,2017,,9.401,,A,Normal value,,,1,One
DATAFLOW,OECD.ELS.SAE:DSD_LFS@DF_LFS_INDIC(1.1),Employment and unemployment by five-year age group and sex - indicators,I,FRA,France,UNE_RATE,Unemployment rate,PT_LF_SUB,Percentage of labour force in the same subgroup,_T,Total,Y15T64,From 15 to 64 years,UNE,Unemployment,2017,,9.482,,A,Normal value,,,1,One
DATAFLOW,OECD.ELS.SAE:DSD_LFS@DF_LFS_INDIC(1.1),Employment and unemployment by five-year age group and sex - indicators,I,ITA,Italy,UNE_RATE,Unemployment rate,PT_LF_SUB,Percentage of labour force in the same subgroup,_T,Total,_T,Total,UNE,Unemployment,2017,,11.211,,A,Normal value,,,1,One
DATAFLOW,OECD.ELS.SAE:DSD_LFS@DF_LFS_INDIC(1.1),Employment and unemployment by five-year age group and sex - indicators,I,JPN,Japan,UNE_RATE,Unemployment rate,PT_LF_SUB,Percentage of labour force in the same subgroup,_T,Total,_T,Total,UNE,Unemployment,2017,,2.813,,A,Normal value,,,1,One
DATAFLOW,OECD.ELS.SAE:DSD_LFS@DF_LFS_INDIC(1.1),Employment and unemployment by five-year age group and sex - indicators,I,JPN,Japan,UNE_RATE,Unemployment rate,PT_LF_SUB,Percentage of labour force in the same subgroup,_T,Total,Y15T64,From 15 to 64 years,UNE,Unemployment,2017,,2.95,,A,Normal value,,,1,One
DATAFLOW,OECD.ELS.SAE:DSD_LFS@DF_LFS_INDIC(1.1),Employment and unemployment by five-year age group and sex - indicators,I,KOR,Korea,UNE_RATE,Unemployment rate,PT_LF_SUB,Percentage of labour force in the same subgroup,_T,Total,Y15T64,From 15 to 64 years,UNE,Unemployment,2017,,3.765,,A,Normal value,,,1,One
DATAFLOW,OECD.ELS.SAE:DSD_LFS@DF_LFS_INDIC(1.1),Employment and unemployment by five-year age group and sex - indicators,I,MEX,Mexico,UNE_RATE,Unemployment rate,PT_LF_SUB,Percentage of labour force in the same subgroup,_T,Total,Y15T64,From 15 to 64 years,UNE,Unemployment,2017,,3.568,,A,Normal value,,,1,One
DATAFLOW,OECD.ELS.SAE:DSD_LFS@DF_LFS_INDIC(1.1),Employment and unemployment by five-year age group and sex - indicators,I,MEX,Mexico,UNE_RATE,Unemployment rate,PT_LF_SUB,Percentage of labour force in the same subgroup,_T,Total,_T,Total,UNE,Unemployment,2017,,3.438,,A,Normal value,,,1,One
DATAFLOW,OECD.ELS.SAE:DSD_LFS@DF_LFS_INDIC(1.1),Employment and unemployment by five-year age group and sex - indicators,I,NLD,Netherlands,UNE_RATE,Unemployment rate,PT_LF_SUB,Percentage of labour force in the same subgroup,_T,Total,Y15T64,From 15 to 64 years,UNE,Unemployment,2017,,5.854,,A,Normal value,,,1,One
DATAFLOW,OECD.ELS.SAE:DSD_LFS@DF_LFS_INDIC(1.1),Employment and unemployment by five-year age group and sex - indicators,I,NLD,Netherlands,UNE_RATE,Unemployment rate,PT_LF_SUB,Percentage of labour force in the same subgroup,_T,Total,_T,Total,UNE,Unemployment,2017,,5.855,,A,Normal value,,,1,One
DATAFLOW,OECD.ELS.SAE:DSD_LFS@DF_LFS_INDIC(1.1),Employment and unemployment by five-year age group and sex - indicators,I,TUR,Türkiye,UNE_RATE,Unemployment rate,PT_LF_SUB,Percentage of labour force in the same subgroup,_T,Total,Y15T64,From 15 to 64 years,UNE,Unemployment,2017,,11.151,,A,Normal value,,,1,One
DATAFLOW,OECD.ELS.SAE:DSD_LFS@DF_LFS_INDIC(1.1),Employment and unemployment by five-year age group and sex - indicators,I,TUR,Türkiye,UNE_RATE,Unemployment rate,PT_LF_SUB,Percentage of labour force in the same subgroup,_T,Total,_T,Total,UNE,Unemployment,2017,,10.918,,A,Normal value,,,1,One
DATAFLOW,OECD.ELS.SAE:DSD_LFS@DF_LFS_INDIC(1.1),Employment and unemployment by five-year age group and sex - indicators,I,GBR,United Kingdom,UNE_RATE,Unemployment rate,PT_LF_SUB,Percentage of labour force in the same subgroup,_T,Total,Y15T64,From 15 to 64 years,UNE,Unemployment,2017,,4.469,,A,Normal value,,,1,One
DATAFLOW,OECD.ELS.SAE:DSD_LFS@DF_LFS_INDIC(1.1),Employment and unemployment by five-year age group and sex - indicators,I,USA,United States,UNE_RATE,Unemployment rate,PT_LF_SUB,Percentage of labour force in the same subgroup,_T,Total,_T,Total,UNE,Unemployment,2017,,4.356,,A,Normal value,,,1,One
DATAFLOW,OECD.ELS.SAE:DSD_LFS@DF_LFS_INDIC(1.1),Employment and unemployment by five-year age group and sex - indicators,I,USA,United States,UNE_RATE,Unemployment rate,PT_LF_SUB,Percentage of labour force in the same subgroup,_T,Total,Y15T64,From 15 to 64 years,UNE,Unemployment,2017,,4.406,,A,Normal value,,,1,One
DATAFLOW,OECD.ELS.SAE:DSD_LFS@DF_LFS_INDIC(1.1),Employment and unemployment by five-year age group and sex - indicators,I,G7,G7,UNE_RATE,Unemployment rate,PT_LF_SUB,Percentage of labour force in the same subgroup,_T,Total,_T,Total,UNE,Unemployment,2017,,4.985,,A,Normal value,,,1,One
DATAFLOW,OECD.ELS.SAE:DSD_LFS@DF_LFS_INDIC(1.1),Employment and unemployment by five-year age group and sex - indicators,I,BRA,Brazil,UNE_RATE,Unemployment rate,PT_LF_SUB,Percentage of labour force in the same subgroup,_T,Total,_T,Total,UNE,Unemployment,2017,,12.583,,A,Normal value,,,1,One
DATAFLOW,OECD.ELS.SAE:DSD_LFS@DF_LFS_INDIC(1.1),Employment and unemployment by five-year age group and sex - indicators,I,BRA,Brazil,UNE_RATE,Unemployment rate,PT_LF_SUB,Percentage of labour force in the same subgroup,_T,Total,Y15T64,From 15 to 64 years,UNE,Unemployment,2017,,12.837,,A,Normal value,,,1,One
DATAFLOW,OECD.ELS.SAE:DSD_LFS@DF_LFS_INDIC(1.1),Employment and unemployment by five-year age group and sex - indicators,I,IDN,Indonesia,UNE_RATE,Unemployment rate,PT_LF_SUB,Percentage of labour force in the same subgroup,_T,Total,Y15T64,From 15 to 64 years,UNE,Unemployment,2017,,5.599,,A,Normal value,,,1,One
DATAFLOW,OECD.ELS.SAE:DSD_LFS@DF_LFS_INDIC(1.1),Employment and unemployment by five-year age group and sex - indicators,I,IDN,Indonesia,UNE_RATE,Unemployment rate,PT_LF_SUB,Percentage of labour force in the same subgroup,_T,Total,_T,Total,UNE,Unemployment,2017,,5.41,,A,Normal value,,,1,One
DATAFLOW,OECD.ELS.SAE:DSD_LFS@DF_LFS_INDIC(1.1),Employment and unemployment by five-year age group and sex - indicators,I,RUS,Russia,UNE_RATE,Unemployment rate,PT_LF_SUB,Percentage of labour force in the same subgroup,_T,Total,_T,Total,UNE,Unemployment,2017,,5.203,,A,Normal value,,,1,One
DATAFLOW,OECD.ELS.SAE:DSD_LFS@DF_LFS_INDIC(1.1),Employment and unemployment by five-year age group and sex - indicators,I,RUS,Russia,UNE_RATE,Unemployment rate,PT_LF_SUB,Percentage of labour force in the same subgroup,_T,Total,Y15T64,From 15 to 64 years,UNE,Unemployment,2017,,5.233,,A,Normal value,,,1,One
DATAFLOW,OECD.ELS.SAE:DSD_LFS@DF_LFS_INDIC(1.1),Employment and unemployment by five-year age group and sex - indicators,I,ZAF,South Africa,UNE_RATE,Unemployment rate,PT_LF_SUB,Percentage of labour force in the same subgroup,_T,Total,Y15T64,From 15 to 64 years,UNE,Unemployment,2017,,27.45,,A,Normal value,,,1,One
DATAFLOW,OECD.ELS.SAE:DSD_LFS@DF_LFS_INDIC(1.1),Employment and unemployment by five-year age group and sex - indicators,I,ZAF,South Africa,UNE_RATE,Unemployment rate,PT_LF_SUB,Percentage of labour force in the same subgroup,_T,Total,_T,Total,UNE,Unemployment,2017,,27.238,,A,Normal value,,,1,One
DATAFLOW,OECD.ELS.SAE:DSD_LFS@DF_LFS_INDIC(1.1),Employment and unemployment by five-year age group and sex - indicators,I,COL,Colombia,UNE_RATE,Unemployment rate,PT_LF_SUB,Percentage of labour force in the same subgroup,_T,Total,_T,Total,UNE,Unemployment,2015,,9.19,,A,Normal value,,,1,One
DATAFLOW,OECD.ELS.SAE:DSD_LFS@DF_LFS_INDIC(1.1),Employment and unemployment by five-year age group and sex - indicators,I,COL,Colombia,UNE_RATE,Unemployment rate,PT_LF_SUB,Percentage of labour force in the same subgroup,_T,Total,Y15T64,From 15 to 64 years,UNE,Unemployment,2015,,9.442,,A,Normal value,,,1,One
DATAFLOW,OECD.ELS.SAE:DSD_LFS@DF_LFS_INDIC(1.1),Employment and unemployment by five-year age group and sex - indicators,I,FIN,Finland,UNE_RATE,Unemployment rate,PT_LF_SUB,Percentage of labour force in the same subgroup,_T,Total,Y15T64,From 15 to 64 years,UNE,Unemployment,2015,,9.508,,A,Normal value,,,1,One
DATAFLOW,OECD.ELS.SAE:DSD_LFS@DF_LFS_INDIC(1.1),Employment and unemployment by five-year age group and sex - indicators,I,FIN,Finland,UNE_RATE,Unemployment rate,PT_LF_SUB,Percentage of labour force in the same subgroup,_T,Total,_T,Total,UNE,Unemployment,2015,,9.265,,A,Normal value,,,1,One
DATAFLOW,OECD.ELS.SAE:DSD_LFS@DF_LFS_INDIC(1.1),Employment and unemployment by five-year age group and sex - indicators,I,FRA,France,UNE_RATE,Unemployment rate,PT_LF_SUB,Percentage of labour force in the same subgroup,_T,Total,_T,Total,UNE,Unemployment,2015,,10.351,,A,Normal value,,,1,One
DATAFLOW,OECD.ELS.SAE:DSD_LFS@DF_LFS_INDIC(1.1),Employment and unemployment by five-year age group and sex - indicators,I,FRA,France,UNE_RATE,Unemployment rate,PT_LF_SUB,Percentage of labour force in the same subgroup,_T,Total,Y15T64,From 15 to 64 years,UNE,Unemployment,2015,,10.441,,A,Normal value,,,1,One
DATAFLOW,OECD.ELS.SAE:DSD_LFS@DF_LFS_INDIC(1.1),Employment and unemployment by five-year age group and sex - indicators,I,DEU,Germany,UNE_RATE,Unemployment rate,PT_LF_SUB,Percentage of labour force in the same subgroup,_T,Total,Y15T64,From 15 to 64 years,UNE,Unemployment,2015,,4.721,,A,Normal value,,,1,One
DATAFLOW,OECD.ELS.SAE:DSD_LFS@DF_LFS_INDIC(1.1),Employment and unemployment by five-year age group and sex - indicators,I,DEU,Germany,UNE_RATE,Unemployment rate,PT_LF_SUB,Percentage of labour force in the same subgroup,_T,Total,_T,Total,UNE,Unemployment,2015,,4.624,,A,Normal value,,,1,One
DATAFLOW,OECD.ELS.SAE:DSD_LFS@DF_LFS_INDIC(1.1),Employment and unemployment by five-year age group and sex - indicators,I,ITA,Italy,UNE_RATE,Unemployment rate,PT_LF_SUB,Percentage of labour force in the same subgroup,_T,Total,_T,Total,UNE,Unemployment,2015,,11.896,,A,Normal value,,,1,One
DATAFLOW,OECD.ELS.SAE:DSD_LFS@DF_LFS_INDIC(1.1),Employment and unemployment by five-year age group and sex - indicators,I,JPN,Japan,UNE_RATE,Unemployment rate,PT_LF_SUB,Percentage of labour force in the same subgroup,_T,Total,_T,Total,UNE,Unemployment,2015,,3.349,,A,Normal value,,,1,One
DATAFLOW,OECD.ELS.SAE:DSD_LFS@DF_LFS_INDIC(1.1),Employment and unemployment by five-year age group and sex - indicators,I,JPN,Japan,UNE_RATE,Unemployment rate,PT_LF_SUB,Percentage of labour force in the same subgroup,_T,Total,Y15T64,From 15 to 64 years,UNE,Unemployment,2015,,3.519,,A,Normal value,,,1,One
DATAFLOW,OECD.ELS.SAE:DSD_LFS@DF_LFS_INDIC(1.1),Employment and unemployment by five-year age group and sex - indicators,I,KOR,Korea,UNE_RATE,Unemployment rate,PT_LF_SUB,Percentage of labour force in the same subgroup,_T,Total,Y15T64,From 15 to 64 years,UNE,Unemployment,2015,,3.691,,A,Normal value,,,1,One
DATAFLOW,OECD.ELS.SAE:DSD_LFS@DF_LFS_INDIC(1.1),Employment and unemployment by five-year age group and sex - indicators,I,KOR,Korea,UNE_RATE,Unemployment rate,PT_LF_SUB,Percentage of labour force in the same subgroup,_T,Total,_T,Total,UNE,Unemployment,2015,,3.592,,A,Normal value,,,1,One
DATAFLOW,OECD.ELS.SAE:DSD_LFS@DF_LFS_INDIC(1.1),Employment and unemployment by five-year age group and sex - indicators,I,MEX,Mexico,UNE_RATE,Unemployment rate,PT_LF_SUB,Percentage of labour force in the same subgroup,_T,Total,Y15T64,From 15 to 64 years,UNE,Unemployment,2015,,4.502,,A,Normal value,,,1,One
DATAFLOW,OECD.ELS.SAE:DSD_LFS@DF_LFS_INDIC(1.1),Employment and unemployment by five-year age group and sex - indicators,I,NLD,Netherlands,UNE_RATE,Unemployment rate,PT_LF_SUB,Percentage of labour force in the same subgroup,_T,Total,Y15T64,From 15 to 64 years,UNE,Unemployment,2015,,7.902,,A,Normal value,,,1,One
DATAFLOW,OECD.ELS.SAE:DSD_LFS@DF_LFS_INDIC(1.1),Employment and unemployment by five-year age group and sex - indicators,I,NLD,Netherlands,UNE_RATE,Unemployment rate,PT_LF_SUB,Percentage of labour force in the same subgroup,_T,Total,_T,Total,UNE,Unemployment,2015,,7.866,,A,Normal value,,,1,One
DATAFLOW,OECD.ELS.SAE:DSD_LFS@DF_LFS_INDIC(1.1),Employment and unemployment by five-year age group and sex - indicators,I,POL,Poland,UNE_RATE,Unemployment rate,PT_LF_SUB,Percentage of labour force in the same subgroup,_T,Total,Y15T64,From 15 to 64 years,UNE,Unemployment,2015,,7.598,,A,Normal value,,,1,One
DATAFLOW,OECD.ELS.SAE:DSD_LFS@DF_LFS_INDIC(1.1),Employment and unemployment by five-year age group and sex - indicators,I,POL,Poland,UNE_RATE,Unemployment rate,PT_LF_SUB,Percentage of labour force in the same subgroup,_T,Total,_T,Total,UNE,Unemployment,2015,,7.501,,A,Normal value,,,1,One
DATAFLOW,OECD.ELS.SAE:DSD_LFS@DF_LFS_INDIC(1.1),Employment and unemployment by five-year age group and sex - indicators,I,ESP,Spain,UNE_RATE,Unemployment rate,PT_LF_SUB,Percentage of labour force in the same subgroup,_T,Total,_T,Total,UNE,Unemployment,2015,,22.057,,A,Normal value,,,1,One
DATAFLOW,OECD.ELS.SAE:DSD_LFS@DF_LFS_INDIC(1.1),Employment and unemployment by five-year age group and sex - indicators,I,TUR,Türkiye,UNE_RATE,Unemployment rate,PT_LF_SUB,Percentage of labour force in the same subgroup,_T,Total,Y15T64,From 15 to 64 years,UNE,Unemployment,2015,,10.508,,A,Normal value,,,1,One
DATAFLOW,OECD.ELS.SAE:DSD_LFS@DF_LFS_INDIC(1.1),Employment and unemployment by five-year age group and sex - indicators,I,TUR,Türkiye,UNE_RATE,Unemployment rate,PT_LF_SUB,Percentage of labour force in the same subgroup,_T,Total,_T,Total,UNE,Unemployment,2015,,10.304,,A,Normal value,,,1,One
DATAFLOW,OECD.ELS.SAE:DSD_LFS@DF_LFS_INDIC(1.1),Employment and unemployment by five-year age group and sex - indicators,I,GBR,United Kingdom,UNE_RATE,Unemployment rate,PT_LF_SUB,Percentage of labour force in the same subgroup,_T,Total,_T,Total,UNE,Unemployment,2015,,5.252,,A,Normal value,,,1,One
DATAFLOW,OECD.ELS.SAE:DSD_LFS@DF_LFS_INDIC(1.1),Employment and unemployment by five-year age group and sex - indicators,I,GBR,United Kingdom,UNE_RATE,Unemployment rate,PT_LF_SUB,Percentage of labour force in the same subgroup,_T,Total,Y15T64,From 15 to 64 years,UNE,Unemployment,2015,,5.386,,A,Normal value,,,1,One
DATAFLOW,OECD.ELS.SAE:DSD_LFS@DF_LFS_INDIC(1.1),Employment and unemployment by five-year age group and sex - indicators,I,USA,United States,UNE_RATE,Unemployment rate,PT_LF_SUB,Percentage of labour force in the same subgroup,_T,Total,_T,Total,UNE,Unemployment,2015,,5.281,,A,Normal value,,,1,One
DATAFLOW,OECD.ELS.SAE:DSD_LFS@DF_LFS_INDIC(1.1),Employment and unemployment by five-year age group and sex - indicators,I,USA,United States,UNE_RATE,Unemployment rate,PT_LF_SUB,Percentage of labour force in the same subgroup,_T,Total,Y15T64,From 15 to 64 years,UNE,Unemployment,2015,,5.367,,A,Normal value,,,1,One
DATAFLOW,OECD.ELS.SAE:DSD_LFS@DF_LFS_INDIC(1.1),Employment and unemployment by five-year age group and sex - indicators,I,BRA,Brazil,UNE_RATE,Unemployment rate,PT_LF_SUB,Percentage of labour force in the same subgroup,_T,Total,_T,Total,UNE,Unemployment,2015,,8.729,,A,Normal value,,,1,One
DATAFLOW,OECD.ELS.SAE:DSD_LFS@DF_LFS_INDIC(1.1),Employment and unemployment by five-year age group and sex - indicators,I,BRA,Brazil,UNE_RATE,Unemployment rate,PT_LF_SUB,Percentage of labour force in the same subgroup,_T,Total,Y15T64,From 15 to 64 years,UNE,Unemployment,2015,,8.923,,A,Normal value,,,1,One
DATAFLOW,OECD.ELS.SAE:DSD_LFS@DF_LFS_INDIC(1.1),Employment and unemployment by five-year age group and sex - indicators,I,IDN,Indonesia,UNE_RATE,Unemployment rate,PT_LF_SUB,Percentage of labour force in the same subgroup,_T,Total,Y15T64,From 15 to 64 years,UNE,Unemployment,2015,,6.259,,A,Normal value,,,1,One
DATAFLOW,OECD.ELS.SAE:DSD_LFS@DF_LFS_INDIC(1.1),Employment and unemployment by five-year age group and sex - indicators,I,IDN,Indonesia,UNE_RATE,Unemployment rate,PT_LF_SUB,Percentage of labour force in the same subgroup,_T,Total,_T,Total,UNE,Unemployment,2015,,5.99,,A,Normal value,,,1,One
DATAFLOW,OECD.ELS.SAE:DSD_LFS@DF_LFS_INDIC(1.1),Employment and unemployment by five-year age group and sex - indicators,I,RUS,Russia,UNE_RATE,Unemployment rate,PT_LF_SUB,Percentage of labour force in the same subgroup,_T,Total,_T,Total,UNE,Unemployment,2015,,5.567,,A,Normal value,,,1,One
DATAFLOW,OECD.ELS.SAE:DSD_LFS@DF_LFS_INDIC(1.1),Employment and unemployment by five-year age group and sex - indicators,I,RUS,Russia,UNE_RATE,Unemployment rate,PT_LF_SUB,Percentage of labour force in the same subgroup,_T,Total,Y15T64,From 15 to 64 years,UNE,Unemployment,2015,,5.601,,A,Normal value,,,1,One
DATAFLOW,OECD.ELS.SAE:DSD_LFS@DF_LFS_INDIC(1.1),Employment and unemployment by five-year age group and sex - indicators,I,ZAF,South Africa,UNE_RATE,Unemployment rate,PT_LF_SUB,Percentage of labour force in the same subgroup,_T,Total,Y15T64,From 15 to 64 years,UNE,Unemployment,2015,,25.345,,A,Normal value,,,1,One
DATAFLOW,OECD.ELS.SAE:DSD_LFS@DF_LFS_INDIC(1.1),Employment and unemployment by five-year age group and sex - indicators,I,COL,Colombia,UNE_RATE,Unemployment rate,PT_LF_SUB,Percentage of labour force in the same subgroup,_T,Total,_T,Total,UNE,Unemployment,2011,,11.051,,A,Normal value,,,1,One
DATAFLOW,OECD.ELS.SAE:DSD_LFS@DF_LFS_INDIC(1.1),Employment and unemployment by five-year age group and sex - indicators,I,COL,Colombia,UNE_RATE,Unemployment rate,PT_LF_SUB,Percentage of labour force in the same subgroup,_T,Total,Y15T64,From 15 to 64 years,UNE,Unemployment,2011,,11.304,,A,Normal value,,,1,One
DATAFLOW,OECD.ELS.SAE:DSD_LFS@DF_LFS_INDIC(1.1),Employment and unemployment by five-year age group and sex - indicators,I,FIN,Finland,UNE_RATE,Unemployment rate,PT_LF_SUB,Percentage of labour force in the same subgroup,_T,Total,Y15T64,From 15 to 64 years,UNE,Unemployment,2011,,7.863,,A,Normal value,,,1,One
DATAFLOW,OECD.ELS.SAE:DSD_LFS@DF_LFS_INDIC(1.1),Employment and unemployment by five-year age group and sex - indicators,I,FIN,Finland,UNE_RATE,Unemployment rate,PT_LF_SUB,Percentage of labour force in the same subgroup,_T,Total,_T,Total,UNE,Unemployment,2011,,7.732,,A,Normal value,,,1,One
DATAFLOW,OECD.ELS.SAE:DSD_LFS@DF_LFS_INDIC(1.1),Employment and unemployment by five-year age group and sex - indicators,I,FRA,France,UNE_RATE,Unemployment rate,PT_LF_SUB,Percentage of labour force in the same subgroup,_T,Total,_T,Total,UNE,Unemployment,2011,,9.198,,A,Normal value,,,1,One
DATAFLOW,OECD.ELS.SAE:DSD_LFS@DF_LFS_INDIC(1.1),Employment and unemployment by five-year age group and sex - indicators,I,FRA,France,UNE_RATE,Unemployment rate,PT_LF_SUB,Percentage of labour force in the same subgroup,_T,Total,Y15T64,From 15 to 64 years,UNE,Unemployment,2011,,9.256,,A,Normal value,,,1,One
DATAFLOW,OECD.ELS.SAE:DSD_LFS@DF_LFS_INDIC(1.1),Employment and unemployment by five-year age group and sex - indicators,I,DEU,Germany,UNE_RATE,Unemployment rate,PT_LF_SUB,Percentage of labour force in the same subgroup,_T,Total,Y15T64,From 15 to 64 years,UNE,Unemployment,2011,,5.911,,A,Normal value,,,1,One
DATAFLOW,OECD.ELS.SAE:DSD_LFS@DF_LFS_INDIC(1.1),Employment and unemployment by five-year age group and sex - indicators,I,DEU,Germany,UNE_RATE,Unemployment rate,PT_LF_SUB,Percentage of labour force in the same subgroup,_T,Total,_T,Total,UNE,Unemployment,2011,,5.819,,A,Normal value,,,1,One
DATAFLOW,OECD.ELS.SAE:DSD_LFS@DF_LFS_INDIC(1.1),Employment and unemployment by five-year age group and sex - indicators,I,ITA,Italy,UNE_RATE,Unemployment rate,PT_LF_SUB,Percentage of labour force in the same subgroup,_T,Total,_T,Total,UNE,Unemployment,2011,,8.359,,A,Normal value,,,1,One
DATAFLOW,OECD.ELS.SAE:DSD_LFS@DF_LFS_INDIC(1.1),Employment and unemployment by five-year age group and sex - indicators,I,ITA,Italy,UNE_RATE,Unemployment rate,PT_LF_SUB,Percentage of labour force in the same subgroup,_T,Total,Y15T64,From 15 to 64 years,UNE,Unemployment,2011,,8.475,,A,Normal value,,,1,One
DATAFLOW,OECD.ELS.SAE:DSD_LFS@DF_LFS_INDIC(1.1),Employment and unemployment by five-year age group and sex - indicators,I,JPN,Japan,UNE_RATE,Unemployment rate,PT_LF_SUB,Percentage of labour force in the same subgroup,_T,Total,_T,Total,UNE,Unemployment,2011,,4.521,,A,Normal value,,,1,One
DATAFLOW,OECD.ELS.SAE:DSD_LFS@DF_LFS_INDIC(1.1),Employment and unemployment by five-year age group and sex - indicators,I,JPN,Japan,UNE_RATE,Unemployment rate,PT_LF_SUB,Percentage of labour force in the same subgroup,_T,Total,Y15T64,From 15 to 64 years,UNE,Unemployment,2011,,4.752,,A,Normal value,,,1,One
DATAFLOW,OECD.ELS.SAE:DSD_LFS@DF_LFS_INDIC(1.1),Employment and unemployment by five-year age group and sex - indicators,I,KOR,Korea,UNE_RATE,Unemployment rate,PT_LF_SUB,Percentage of labour force in the same subgroup,_T,Total,_T,Total,UNE,Unemployment,2011,,3.397,,A,Normal value,,,1,One
DATAFLOW,OECD.ELS.SAE:DSD_LFS@DF_LFS_INDIC(1.1),Employment and unemployment by five-year age group and sex - indicators,I,MEX,Mexico,UNE_RATE,Unemployment rate,PT_LF_SUB,Percentage of labour force in the same subgroup,_T,Total,Y15T64,From 15 to 64 years,UNE,Unemployment,2011,,5.365,,A,Normal value,,,1,One
DATAFLOW,OECD.ELS.SAE:DSD_LFS@DF_LFS_INDIC(1.1),Employment and unemployment by five-year age group and sex - indicators,I,POL,Poland,UNE_RATE,Unemployment rate,PT_LF_SUB,Percentage of labour force in the same subgroup,_T,Total,Y15T64,From 15 to 64 years,UNE,Unemployment,2011,,9.756,,A,Normal value,,,1,One
DATAFLOW,OECD.ELS.SAE:DSD_LFS@DF_LFS_INDIC(1.1),Employment and unemployment by five-year age group and sex - indicators,I,POL,Poland,UNE_RATE,Unemployment rate,PT_LF_SUB,Percentage of labour force in the same subgroup,_T,Total,_T,Total,UNE,Unemployment,2011,,9.631,,A,Normal value,,,1,One
DATAFLOW,OECD.ELS.SAE:DSD_LFS@DF_LFS_INDIC(1.1),Employment and unemployment by five-year age group and sex - indicators,I,ESP,Spain,UNE_RATE,Unemployment rate,PT_LF_SUB,Percentage of labour force in the same subgroup,_T,Total,Y15T64,From 15 to 64 years,UNE,Unemployment,2011,,21.518,,A,Normal value,,,1,One
DATAFLOW,OECD.ELS.SAE:DSD_LFS@DF_LFS_INDIC(1.1),Employment and unemployment by five-year age group and sex - indicators,I,SWE,Sweden,UNE_RATE,Unemployment rate,PT_LF_SUB,Percentage of labour force in the same subgroup,_T,Total,_T,Total,UNE,Unemployment,2011,,7.783,,A,Normal value,,,1,One
DATAFLOW,OECD.ELS.SAE:DSD_LFS@DF_LFS_INDIC(1.1),Employment and unemployment by five-year age group and sex - indicators,I,SWE,Sweden,UNE_RATE,Unemployment rate,PT_LF_SUB,Percentage of labour force in the same subgroup,_T,Total,Y15T64,From 15 to 64 years,UNE,Unemployment,2011,,7.939,,A,Normal value,,,1,One
DATAFLOW,OECD.ELS.SAE:DSD_LFS@DF_LFS_INDIC(1.1),Employment and unemployment by five-year age group and sex - indicators,I,TUR,Türkiye,UNE_RATE,Unemployment rate,PT_LF_SUB,Percentage of labour force in the same subgroup,_T,Total,Y15T64,From 15 to 64 years,UNE,Unemployment,2011,,10.005,,A,Normal value,,,1,One
DATAFLOW,OECD.ELS.SAE:DSD_LFS@DF_LFS_INDIC(1.1),Employment and unemployment by five-year age group and sex - indicators,I,TUR,Türkiye,UNE_RATE,Unemployment rate,PT_LF_SUB,Percentage of labour force in the same subgroup,_T,Total,_T,Total,UNE,Unemployment,2011,,9.788,,A,Normal value,,,1,One
DATAFLOW,OECD.ELS.SAE:DSD_LFS@DF_LFS_INDIC(1.1),Employment and unemployment by five-year age group and sex - indicators,I,GBR,United Kingdom,UNE_RATE,Unemployment rate,PT_LF_SUB,Percentage of labour force in the same subgroup,_T,Total,_T,Total,UNE,Unemployment,2011,,8.006,,A,Normal value,,,1,One
DATAFLOW,OECD.ELS.SAE:DSD_LFS@DF_LFS_INDIC(1.1),Employment and unemployment by five-year age group and sex - indicators,I,USA,United States,UNE_RATE,Unemployment rate,PT_LF_SUB,Percentage of labour force in the same subgroup,_T,Total,_T,Total,UNE,Unemployment,2011,,8.95,,A,Normal value,,,1,One
DATAFLOW,OECD.ELS.SAE:DSD_LFS@DF_LFS_INDIC(1.1),Employment and unemployment by five-year age group and sex - indicators,I,USA,United States,UNE_RATE,Unemployment rate,PT_LF_SUB,Percentage of labour force in the same subgroup,_T,Total,Y15T64,From 15 to 64 years,UNE,Unemployment,2011,,9.067,,A,Normal value,,,1,One
DATAFLOW,OECD.ELS.SAE:DSD_LFS@DF_LFS_INDIC(1.1),Employment and unemployment by five-year age group and sex - indicators,I,BRA,Brazil,UNE_RATE,Unemployment rate,PT_LF_SUB,Percentage of labour force in the same subgroup,_T,Total,_T,Total,UNE,Unemployment,2011,,6.688,,A,Normal value,,,1,One
DATAFLOW,OECD.ELS.SAE:DSD_LFS@DF_LFS_INDIC(1.1),Employment and unemployment by five-year age group and sex - indicators,I,BRA,Brazil,UNE_RATE,Unemployment rate,PT_LF_SUB,Percentage of labour force in the same subgroup,_T,Total,Y15T64,From 15 to 64 years,UNE,Unemployment,2011,,6.863,,A,Normal value,,,1,One
DATAFLOW,OECD.ELS.SAE:DSD_LFS@DF_LFS_INDIC(1.1),Employment and unemployment by five-year age group and sex - indicators,I,IDN,Indonesia,UNE_RATE,Unemployment rate,PT_LF_SUB,Percentage of labour force in the same subgroup,_T,Total,Y15T64,From 15 to 64 years,UNE,Unemployment,2011,,7.424,,A,Normal value,,,1,One
DATAFLOW,OECD.ELS.SAE:DSD_LFS@DF_LFS_INDIC(1.1),Employment and unemployment by five-year age group and sex - indicators,I,IDN,Indonesia,UNE_RATE,Unemployment rate,PT_LF_SUB,Percentage of labour force in the same subgroup,_T,Total,_T,Total,UNE,Unemployment,2011,,7.213,,A,Normal value,,,1,One
DATAFLOW,OECD.ELS.SAE:DSD_LFS@DF_LFS_INDIC(1.1),Employment and unemployment by five-year age group and sex - indicators,I,RUS,Russia,UNE_RATE,Unemployment rate,PT_LF_SUB,Percentage of labour force in the same subgroup,_T,Total,_T,Total,UNE,Unemployment,2011,,6.496,,A,Normal value,,,1,One
DATAFLOW,OECD.ELS.SAE:DSD_LFS@DF_LFS_INDIC(1.1),Employment and unemployment by five-year age group and sex - indicators,I,RUS,Russia,UNE_RATE,Unemployment rate,PT_LF_SUB,Percentage of labour force in the same subgroup,_T,Total,Y15T64,From 15 to 64 years,UNE,Unemployment,2011,,6.536,,A,Normal value,,,1,One
DATAFLOW,OECD.ELS.SAE:DSD_LFS@DF_LFS_INDIC(1.1),Employment and unemployment by five-year age group and sex - indicators,I,ZAF,South Africa,UNE_RATE,Unemployment rate,PT_LF_SUB,Percentage of labour force in the same subgroup,_T,Total,_T,Total,UNE,Unemployment,2011,,24.643,,A,Normal value,,,1,One
DATAFLOW,OECD.ELS.SAE:DSD_LFS@DF_LFS_INDIC(1.1),Employment and unemployment by five-year age group and sex - indicators,I,CHL,Chile,UNE_RATE,Unemployment rate,PT_LF_SUB,Percentage of labour force in the same subgroup,_T,Total,Y15T64,From 15 to 64 years,UNE,Unemployment,2013,,6.285,,A,Normal value,,,1,One
DATAFLOW,OECD.ELS.SAE:DSD_LFS@DF_LFS_INDIC(1.1),Employment and unemployment by five-year age group and sex - indicators,I,COL,Colombia,UNE_RATE,Unemployment rate,PT_LF_SUB,Percentage of labour force in the same subgroup,_T,Total,_T,Total,UNE,Unemployment,2013,,9.901,,A,Normal value,,,1,One
DATAFLOW,OECD.ELS.SAE:DSD_LFS@DF_LFS_INDIC(1.1),Employment and unemployment by five-year age group and sex - indicators,I,COL,Colombia,UNE_RATE,Unemployment rate,PT_LF_SUB,Percentage of labour force in the same subgroup,_T,Total,Y15T64,From 15 to 64 years,UNE,Unemployment,2013,,10.165,,A,Normal value,,,1,One
DATAFLOW,OECD.ELS.SAE:DSD_LFS@DF_LFS_INDIC(1.1),Employment and unemployment by five-year age group and sex - indicators,I,FIN,Finland,UNE_RATE,Unemployment rate,PT_LF_SUB,Percentage of labour force in the same subgroup,_T,Total,Y15T64,From 15 to 64 years,UNE,Unemployment,2013,,8.286,,A,Normal value,,,1,One
DATAFLOW,OECD.ELS.SAE:DSD_LFS@DF_LFS_INDIC(1.1),Employment and unemployment by five-year age group and sex - indicators,I,FIN,Finland,UNE_RATE,Unemployment rate,PT_LF_SUB,Percentage of labour force in the same subgroup,_T,Total,_T,Total,UNE,Unemployment,2013,,8.12,,A,Normal value,,,1,One
DATAFLOW,OECD.ELS.SAE:DSD_LFS@DF_LFS_INDIC(1.1),Employment and unemployment by five-year age group and sex - indicators,I,FRA,France,UNE_RATE,Unemployment rate,PT_LF_SUB,Percentage of labour force in the same subgroup,_T,Total,_T,Total,UNE,Unemployment,2013,,10.295,,A,Normal value,,,1,One
DATAFLOW,OECD.ELS.SAE:DSD_LFS@DF_LFS_INDIC(1.1),Employment and unemployment by five-year age group and sex - indicators,I,FRA,France,UNE_RATE,Unemployment rate,PT_LF_SUB,Percentage of labour force in the same subgroup,_T,Total,Y15T64,From 15 to 64 years,UNE,Unemployment,2013,,10.361,,A,Normal value,,,1,One
DATAFLOW,OECD.ELS.SAE:DSD_LFS@DF_LFS_INDIC(1.1),Employment and unemployment by five-year age group and sex - indicators,I,DEU,Germany,UNE_RATE,Unemployment rate,PT_LF_SUB,Percentage of labour force in the same subgroup,_T,Total,Y15T64,From 15 to 64 years,UNE,Unemployment,2013,,5.327,,A,Normal value,,,1,One
DATAFLOW,OECD.ELS.SAE:DSD_LFS@DF_LFS_INDIC(1.1),Employment and unemployment by five-year age group and sex - indicators,I,DEU,Germany,UNE_RATE,Unemployment rate,PT_LF_SUB,Percentage of labour force in the same subgroup,_T,Total,_T,Total,UNE,Unemployment,2013,,5.231,,A,Normal value,,,1,One
DATAFLOW,OECD.ELS.SAE:DSD_LFS@DF_LFS_INDIC(1.1),Employment and unemployment by five-year age group and sex - indicators,I,GRC,Greece,UNE_RATE,Unemployment rate,PT_LF_SUB,Percentage of labour force in the same subgroup,_T,Total,Y15T64,From 15 to 64 years,UNE,Unemployment,2013,,27.695,,A,Normal value,,,1,One
DATAFLOW,OECD.ELS.SAE:DSD_LFS@DF_LFS_INDIC(1.1),Employment and unemployment by five-year age group and sex - indicators,I,GRC,Greece,UNE_RATE,Unemployment rate,PT_LF_SUB,Percentage of labour force in the same subgroup,_T,Total,_T,Total,UNE,Unemployment,2013,,27.466,,A,Normal value,,,1,One
DATAFLOW,OECD.ELS.SAE:DSD_LFS@DF_LFS_INDIC(1.1),Employment and unemployment by five-year age group and sex - indicators,I,ITA,Italy,UNE_RATE,Unemployment rate,PT_LF_SUB,Percentage of labour force in the same subgroup,_T,Total,Y15T64,From 15 to 64 years,UNE,Unemployment,2013,,12.334,,A,Normal value,,,1,One
DATAFLOW,OECD.ELS.SAE:DSD_LFS@DF_LFS_INDIC(1.1),Employment and unemployment by five-year age group and sex - indicators,I,JPN,Japan,UNE_RATE,Unemployment rate,PT_LF_SUB,Percentage of labour force in the same subgroup,_T,Total,_T,Total,UNE,Unemployment,2013,,4.058,,A,Normal value,,,1,One
DATAFLOW,OECD.ELS.SAE:DSD_LFS@DF_LFS_INDIC(1.1),Employment and unemployment by five-year age group and sex - indicators,I,JPN,Japan,UNE_RATE,Unemployment rate,PT_LF_SUB,Percentage of labour force in the same subgroup,_T,Total,Y15T64,From 15 to 64 years,UNE,Unemployment,2013,,4.25,,A,Normal value,,,1,One
DATAFLOW,OECD.ELS.SAE:DSD_LFS@DF_LFS_INDIC(1.1),Employment and unemployment by five-year age group and sex - indicators,I,KOR,Korea,UNE_RATE,Unemployment rate,PT_LF_SUB,Percentage of labour force in the same subgroup,_T,Total,Y15T64,From 15 to 64 years,UNE,Unemployment,2013,,3.219,,A,Normal value,,,1,One
DATAFLOW,OECD.ELS.SAE:DSD_LFS@DF_LFS_INDIC(1.1),Employment and unemployment by five-year age group and sex - indicators,I,KOR,Korea,UNE_RATE,Unemployment rate,PT_LF_SUB,Percentage of labour force in the same subgroup,_T,Total,_T,Total,UNE,Unemployment,2013,,3.096,,A,Normal value,,,1,One
DATAFLOW,OECD.ELS.SAE:DSD_LFS@DF_LFS_INDIC(1.1),Employment and unemployment by five-year age group and sex - indicators,I,MEX,Mexico,UNE_RATE,Unemployment rate,PT_LF_SUB,Percentage of labour force in the same subgroup,_T,Total,_T,Total,UNE,Unemployment,2013,,4.943,,A,Normal value,,,1,One
DATAFLOW,OECD.ELS.SAE:DSD_LFS@DF_LFS_INDIC(1.1),Employment and unemployment by five-year age group and sex - indicators,I,NLD,Netherlands,UNE_RATE,Unemployment rate,PT_LF_SUB,Percentage of labour force in the same subgroup,_T,Total,Y15T64,From 15 to 64 years,UNE,Unemployment,2013,,8.239,,A,Normal value,,,1,One
DATAFLOW,OECD.ELS.SAE:DSD_LFS@DF_LFS_INDIC(1.1),Employment and unemployment by five-year age group and sex - indicators,I,NLD,Netherlands,UNE_RATE,Unemployment rate,PT_LF_SUB,Percentage of labour force in the same subgroup,_T,Total,_T,Total,UNE,Unemployment,2013,,8.187,,A,Normal value,,,1,One
DATAFLOW,OECD.ELS.SAE:DSD_LFS@DF_LFS_INDIC(1.1),Employment and unemployment by five-year age group and sex - indicators,I,POL,Poland,UNE_RATE,Unemployment rate,PT_LF_SUB,Percentage of labour force in the same subgroup,_T,Total,_T,Total,UNE,Unemployment,2013,,10.326,,A,Normal value,,,1,One
DATAFLOW,OECD.ELS.SAE:DSD_LFS@DF_LFS_INDIC(1.1),Employment and unemployment by five-year age group and sex - indicators,I,ESP,Spain,UNE_RATE,Unemployment rate,PT_LF_SUB,Percentage of labour force in the same subgroup,_T,Total,Y15T64,From 15 to 64 years,UNE,Unemployment,2013,,26.219,,A,Normal value,,,1,One
DATAFLOW,OECD.ELS.SAE:DSD_LFS@DF_LFS_INDIC(1.1),Employment and unemployment by five-year age group and sex - indicators,I,TUR,Türkiye,UNE_RATE,Unemployment rate,PT_LF_SUB,Percentage of labour force in the same subgroup,_T,Total,Y15T64,From 15 to 64 years,UNE,Unemployment,2013,,9.924,,A,Normal value,,,1,One
DATAFLOW,OECD.ELS.SAE:DSD_LFS@DF_LFS_INDIC(1.1),Employment and unemployment by five-year age group and sex - indicators,I,TUR,Türkiye,UNE_RATE,Unemployment rate,PT_LF_SUB,Percentage of labour force in the same subgroup,_T,Total,_T,Total,UNE,Unemployment,2013,,9.714,,A,Normal value,,,1,One
DATAFLOW,OECD.ELS.SAE:DSD_LFS@DF_LFS_INDIC(1.1),Employment and unemployment by five-year age group and sex - indicators,I,GBR,United Kingdom,UNE_RATE,Unemployment rate,PT_LF_SUB,Percentage of labour force in the same subgroup,_T,Total,_T,Total,UNE,Unemployment,2013,,7.508,,A,Normal value,,,1,One
DATAFLOW,OECD.ELS.SAE:DSD_LFS@DF_LFS_INDIC(1.1),Employment and unemployment by five-year age group and sex - indicators,I,GBR,United Kingdom,UNE_RATE,Unemployment rate,PT_LF_SUB,Percentage of labour force in the same subgroup,_T,Total,Y15T64,From 15 to 64 years,UNE,Unemployment,2013,,7.682,,A,Normal value,,,1,One
DATAFLOW,OECD.ELS.SAE:DSD_LFS@DF_LFS_INDIC(1.1),Employment and unemployment by five-year age group and sex - indicators,I,USA,United States,UNE_RATE,Unemployment rate,PT_LF_SUB,Percentage of labour force in the same subgroup,_T,Total,_T,Total,UNE,Unemployment,2013,,7.375,,A,Normal value,,,1,One
DATAFLOW,OECD.ELS.SAE:DSD_LFS@DF_LFS_INDIC(1.1),Employment and unemployment by five-year age group and sex - indicators,I,USA,United States,UNE_RATE,Unemployment rate,PT_LF_SUB,Percentage of labour force in the same subgroup,_T,Total,Y15T64,From 15 to 64 years,UNE,Unemployment,2013,,7.487,,A,Normal value,,,1,One
DATAFLOW,OECD.ELS.SAE:DSD_LFS@DF_LFS_INDIC(1.1),Employment and unemployment by five-year age group and sex - indicators,I,BRA,Brazil,UNE_RATE,Unemployment rate,PT_LF_SUB,Percentage of labour force in the same subgroup,_T,Total,_T,Total,UNE,Unemployment,2013,,7.174,,A,Normal value,,,1,One
DATAFLOW,OECD.ELS.SAE:DSD_LFS@DF_LFS_INDIC(1.1),Employment and unemployment by five-year age group and sex - indicators,I,BRA,Brazil,UNE_RATE,Unemployment rate,PT_LF_SUB,Percentage of labour force in the same subgroup,_T,Total,Y15T64,From 15 to 64 years,UNE,Unemployment,2013,,7.34,,A,Normal value,,,1,One
DATAFLOW,OECD.ELS.SAE:DSD_LFS@DF_LFS_INDIC(1.1),Employment and unemployment by five-year age group and sex - indicators,I,IDN,Indonesia,UNE_RATE,Unemployment rate,PT_LF_SUB,Percentage of labour force in the same subgroup,_T,Total,Y15T64,From 15 to 64 years,UNE,Unemployment,2013,,6.27,,A,Normal value,,,1,One
DATAFLOW,OECD.ELS.SAE:DSD_LFS@DF_LFS_INDIC(1.1),Employment and unemployment by five-year age group and sex - indicators,I,IDN,Indonesia,UNE_RATE,Unemployment rate,PT_LF_SUB,Percentage of labour force in the same subgroup,_T,Total,_T,Total,UNE,Unemployment,2013,,6.021,,A,Normal value,,,1,One
DATAFLOW,OECD.ELS.SAE:DSD_LFS@DF_LFS_INDIC(1.1),Employment and unemployment by five-year age group and sex - indicators,I,RUS,Russia,UNE_RATE,Unemployment rate,PT_LF_SUB,Percentage of labour force in the same subgroup,_T,Total,_T,Total,UNE,Unemployment,2013,,5.478,,A,Normal value,,,1,One
DATAFLOW,OECD.ELS.SAE:DSD_LFS@DF_LFS_INDIC(1.1),Employment and unemployment by five-year age group and sex - indicators,I,RUS,Russia,UNE_RATE,Unemployment rate,PT_LF_SUB,Percentage of labour force in the same subgroup,_T,Total,Y15T64,From 15 to 64 years,UNE,Unemployment,2013,,5.509,,A,Normal value,,,1,One
DATAFLOW,OECD.ELS.SAE:DSD_LFS@DF_LFS_INDIC(1.1),Employment and unemployment by five-year age group and sex - indicators,I,ZAF,South Africa,UNE_RATE,Unemployment rate,PT_LF_SUB,Percentage of labour force in the same subgroup,_T,Total,Y15T64,From 15 to 64 years,UNE,Unemployment,2013,,24.737,,A,Normal value,,,1,One
DATAFLOW,OECD.ELS.SAE:DSD_LFS@DF_LFS_INDIC(1.1),Employment and unemployment by five-year age group and sex - indicators,I,CAN,Canada,UNE_RATE,Unemployment rate,PT_LF_SUB,Percentage of labour force in the same subgroup,_T,Total,_T,Total,UNE,Unemployment,2019,,5.685,,A,Normal value,,,1,One
DATAFLOW,OECD.ELS.SAE:DSD_LFS@DF_LFS_INDIC(1.1),Employment and unemployment by five-year age group and sex - indicators,I,COL,Colombia,UNE_RATE,Unemployment rate,PT_LF_SUB,Percentage of labour force in the same subgroup,_T,Total,_T,Total,UNE,Unemployment,2019,,10.882,,A,Normal value,,,1,One
DATAFLOW,OECD.ELS.SAE:DSD_LFS@DF_LFS_INDIC(1.1),Employment and unemployment by five-year age group and sex - indicators,I,COL,Colombia,UNE_RATE,Unemployment rate,PT_LF_SUB,Percentage of labour force in the same subgroup,_T,Total,Y15T64,From 15 to 64 years,UNE,Unemployment,2019,,11.187,,A,Normal value,,,1,One
DATAFLOW,OECD.ELS.SAE:DSD_LFS@DF_LFS_INDIC(1.1),Employment and unemployment by five-year age group and sex - indicators,I,FRA,France,UNE_RATE,Unemployment rate,PT_LF_SUB,Percentage of labour force in the same subgroup,_T,Total,_T,Total,UNE,Unemployment,2019,,8.443,,A,Normal value,,,1,One
DATAFLOW,OECD.ELS.SAE:DSD_LFS@DF_LFS_INDIC(1.1),Employment and unemployment by five-year age group and sex - indicators,I,FRA,France,UNE_RATE,Unemployment rate,PT_LF_SUB,Percentage of labour force in the same subgroup,_T,Total,Y15T64,From 15 to 64 years,UNE,Unemployment,2019,,8.53,,A,Normal value,,,1,One
DATAFLOW,OECD.ELS.SAE:DSD_LFS@DF_LFS_INDIC(1.1),Employment and unemployment by five-year age group and sex - indicators,I,DEU,Germany,UNE_RATE,Unemployment rate,PT_LF_SUB,Percentage of labour force in the same subgroup,_T,Total,_T,Total,UNE,Unemployment,2019,,3.136,,A,Normal value,,,1,One
DATAFLOW,OECD.ELS.SAE:DSD_LFS@DF_LFS_INDIC(1.1),Employment and unemployment by five-year age group and sex - indicators,I,JPN,Japan,UNE_RATE,Unemployment rate,PT_LF_SUB,Percentage of labour force in the same subgroup,_T,Total,_T,Total,UNE,Unemployment,2019,,2.354,,A,Normal value,,,1,One
DATAFLOW,OECD.ELS.SAE:DSD_LFS@DF_LFS_INDIC(1.1),Employment and unemployment by five-year age group and sex - indicators,I,JPN,Japan,UNE_RATE,Unemployment rate,PT_LF_SUB,Percentage of labour force in the same subgroup,_T,Total,Y15T64,From 15 to 64 years,UNE,Unemployment,2019,,2.46,,A,Normal value,,,1,One
DATAFLOW,OECD.ELS.SAE:DSD_LFS@DF_LFS_INDIC(1.1),Employment and unemployment by five-year age group and sex - indicators,I,KOR,Korea,UNE_RATE,Unemployment rate,PT_LF_SUB,Percentage of labour force in the same subgroup,_T,Total,Y15T64,From 15 to 64 years,UNE,Unemployment,2019,,3.829,,A,Normal value,,,1,One
DATAFLOW,OECD.ELS.SAE:DSD_LFS@DF_LFS_INDIC(1.1),Employment and unemployment by five-year age group and sex - indicators,I,MEX,Mexico,UNE_RATE,Unemployment rate,PT_LF_SUB,Percentage of labour force in the same subgroup,_T,Total,Y15T64,From 15 to 64 years,UNE,Unemployment,2019,,3.651,,A,Normal value,,,1,One
DATAFLOW,OECD.ELS.SAE:DSD_LFS@DF_LFS_INDIC(1.1),Employment and unemployment by five-year age group and sex - indicators,I,MEX,Mexico,UNE_RATE,Unemployment rate,PT_LF_SUB,Percentage of labour force in the same subgroup,_T,Total,_T,Total,UNE,Unemployment,2019,,3.505,,A,Normal value,,,1,One
DATAFLOW,OECD.ELS.SAE:DSD_LFS@DF_LFS_INDIC(1.1),Employment and unemployment by five-year age group and sex - indicators,I,NLD,Netherlands,UNE_RATE,Unemployment rate,PT_LF_SUB,Percentage of labour force in the same subgroup,_T,Total,Y15T64,From 15 to 64 years,UNE,Unemployment,2019,,4.387,,A,Normal value,,,1,One
DATAFLOW,OECD.ELS.SAE:DSD_LFS@DF_LFS_INDIC(1.1),Employment and unemployment by five-year age group and sex - indicators,I,NLD,Netherlands,UNE_RATE,Unemployment rate,PT_LF_SUB,Percentage of labour force in the same subgroup,_T,Total,_T,Total,UNE,Unemployment,2019,,4.422,,A,Normal value,,,1,One
DATAFLOW,OECD.ELS.SAE:DSD_LFS@DF_LFS_INDIC(1.1),Employment and unemployment by five-year age group and sex - indicators,I,ESP,Spain,UNE_RATE,Unemployment rate,PT_LF_SUB,Percentage of labour force in the same subgroup,_T,Total,Y15T64,From 15 to 64 years,UNE,Unemployment,2019,,14.189,,A,Normal value,,,1,One
DATAFLOW,OECD.ELS.SAE:DSD_LFS@DF_LFS_INDIC(1.1),Employment and unemployment by five-year age group and sex - indicators,I,ESP,Spain,UNE_RATE,Unemployment rate,PT_LF_SUB,Percentage of labour force in the same subgroup,_T,Total,_T,Total,UNE,Unemployment,2019,,14.104,,A,Normal value,,,1,One
DATAFLOW,OECD.ELS.SAE:DSD_LFS@DF_LFS_INDIC(1.1),Employment and unemployment by five-year age group and sex - indicators,I,TUR,Türkiye,UNE_RATE,Unemployment rate,PT_LF_SUB,Percentage of labour force in the same subgroup,_T,Total,Y15T64,From 15 to 64 years,UNE,Unemployment,2019,,14.025,,A,Normal value,,,1,One
DATAFLOW,OECD.ELS.SAE:DSD_LFS@DF_LFS_INDIC(1.1),Employment and unemployment by five-year age group and sex - indicators,I,TUR,Türkiye,UNE_RATE,Unemployment rate,PT_LF_SUB,Percentage of labour force in the same subgroup,_T,Total,_T,Total,UNE,Unemployment,2019,,13.73,,A,Normal value,,,1,One
DATAFLOW,OECD.ELS.SAE:DSD_LFS@DF_LFS_INDIC(1.1),Employment and unemployment by five-year age group and sex - indicators,I,GBR,United Kingdom,UNE_RATE,Unemployment rate,PT_LF_SUB,Percentage of labour force in the same subgroup,_T,Total,_T,Total,UNE,Unemployment,2019,,3.87,,A,Normal value,,,1,One
DATAFLOW,OECD.ELS.SAE:DSD_LFS@DF_LFS_INDIC(1.1),Employment and unemployment by five-year age group and sex - indicators,I,GBR,United Kingdom,UNE_RATE,Unemployment rate,PT_LF_SUB,Percentage of labour force in the same subgroup,_T,Total,Y15T64,From 15 to 64 years,UNE,Unemployment,2019,,3.963,,A,Normal value,,,1,One
DATAFLOW,OECD.ELS.SAE:DSD_LFS@DF_LFS_INDIC(1.1),Employment and unemployment by five-year age group and sex - indicators,I,USA,United States,UNE_RATE,Unemployment rate,PT_LF_SUB,Percentage of labour force in the same subgroup,_T,Total,_T,Total,UNE,Unemployment,2019,,3.668,,A,Normal value,,,1,One
DATAFLOW,OECD.ELS.SAE:DSD_LFS@DF_LFS_INDIC(1.1),Employment and unemployment by five-year age group and sex - indicators,I,USA,United States,UNE_RATE,Unemployment rate,PT_LF_SUB,Percentage of labour force in the same subgroup,_T,Total,Y15T64,From 15 to 64 years,UNE,Unemployment,2019,,3.717,,A,Normal value,,,1,One
DATAFLOW,OECD.ELS.SAE:DSD_LFS@DF_LFS_INDIC(1.1),Employment and unemployment by five-year age group and sex - indicators,I,G7,G7,UNE_RATE,Unemployment rate,PT_LF_SUB,Percentage of labour force in the same subgroup,_T,Total,_T,Total,UNE,Unemployment,2019,,4.278,,A,Normal value,,,1,One
DATAFLOW,OECD.ELS.SAE:DSD_LFS@DF_LFS_INDIC(1.1),Employment and unemployment by five-year age group and sex - indicators,I,G7,G7,UNE_RATE,Unemployment rate,PT_LF_SUB,Percentage of labour force in the same subgroup,_T,Total,Y15T64,From 15 to 64 years,UNE,Unemployment,2019,,4.412,,A,Normal value,,,1,One
DATAFLOW,OECD.ELS.SAE:DSD_LFS@DF_LFS_INDIC(1.1),Employment and unemployment by five-year age group and sex - indicators,I,BRA,Brazil,UNE_RATE,Unemployment rate,PT_LF_SUB,Percentage of labour force in the same subgroup,_T,Total,_T,Total,UNE,Unemployment,2019,,11.743,,A,Normal value,,,1,One
DATAFLOW,OECD.ELS.SAE:DSD_LFS@DF_LFS_INDIC(1.1),Employment and unemployment by five-year age group and sex - indicators,I,BRA,Brazil,UNE_RATE,Unemployment rate,PT_LF_SUB,Percentage of labour force in the same subgroup,_T,Total,Y15T64,From 15 to 64 years,UNE,Unemployment,2019,,11.997,,A,Normal value,,,1,One
DATAFLOW,OECD.ELS.SAE:DSD_LFS@DF_LFS_INDIC(1.1),Employment and unemployment by five-year age group and sex - indicators,I,IND,India,UNE_RATE,Unemployment rate,PT_LF_SUB,Percentage of labour force in the same subgroup,_T,Total,Y15T64,From 15 to 64 years,UNE,Unemployment,2019,,8.89,,A,Normal value,,,1,One
DATAFLOW,OECD.ELS.SAE:DSD_LFS@DF_LFS_INDIC(1.1),Employment and unemployment by five-year age group and sex - indicators,I,IND,India,UNE_RATE,Unemployment rate,PT_LF_SUB,Percentage of labour force in the same subgroup,_T,Total,_T,Total,UNE,Unemployment,2019,,8.702,,A,Normal value,,,1,One
DATAFLOW,OECD.ELS.SAE:DSD_LFS@DF_LFS_INDIC(1.1),Employment and unemployment by five-year age group and sex - indicators,I,IDN,Indonesia,UNE_RATE,Unemployment rate,PT_LF_SUB,Percentage of labour force in the same subgroup,_T,Total,Y15T64,From 15 to 64 years,UNE,Unemployment,2019,,5.527,,A,Normal value,,,1,One
DATAFLOW,OECD.ELS.SAE:DSD_LFS@DF_LFS_INDIC(1.1),Employment and unemployment by five-year age group and sex - indicators,I,IDN,Indonesia,UNE_RATE,Unemployment rate,PT_LF_SUB,Percentage of labour force in the same subgroup,_T,Total,_T,Total,UNE,Unemployment,2019,,5.275,,A,Normal value,,,1,One
DATAFLOW,OECD.ELS.SAE:DSD_LFS@DF_LFS_INDIC(1.1),Employment and unemployment by five-year age group and sex - indicators,I,RUS,Russia,UNE_RATE,Unemployment rate,PT_LF_SUB,Percentage of labour force in the same subgroup,_T,Total,_T,Total,UNE,Unemployment,2019,,4.595,,A,Normal value,,,1,One
DATAFLOW,OECD.ELS.SAE:DSD_LFS@DF_LFS_INDIC(1.1),Employment and unemployment by five-year age group and sex - indicators,I,RUS,Russia,UNE_RATE,Unemployment rate,PT_LF_SUB,Percentage of labour force in the same subgroup,_T,Total,Y15T64,From 15 to 64 years,UNE,Unemployment,2019,,4.63,,A,Normal value,,,1,One
DATAFLOW,OECD.ELS.SAE:DSD_LFS@DF_LFS_INDIC(1.1),Employment and unemployment by five-year age group and sex - indicators,I,ZAF,South Africa,UNE_RATE,Unemployment rate,PT_LF_SUB,Percentage of labour force in the same subgroup,_T,Total,Y15T64,From 15 to 64 years,UNE,Unemployment,2019,,28.693,,A,Normal value,,,1,One
DATAFLOW,OECD.ELS.SAE:DSD_LFS@DF_LFS_INDIC(1.1),Employment and unemployment by five-year age group and sex - indicators,I,ZAF,South Africa,UNE_RATE,Unemployment rate,PT_LF_SUB,Percentage of labour force in the same subgroup,_T,Total,_T,Total,UNE,Unemployment,2019,,28.446,,A,Normal value,,,1,One
DATAFLOW,OECD.ELS.SAE:DSD_LFS@DF_LFS_INDIC(1.1),Employment and unemployment by five-year age group and sex - indicators,I,COL,Colombia,UNE_RATE,Unemployment rate,PT_LF_SUB,Percentage of labour force in the same subgroup,_T,Total,Y15T64,From 15 to 64 years,UNE,Unemployment,2020,,16.946,,A,Normal value,,,1,One
DATAFLOW,OECD.ELS.SAE:DSD_LFS@DF_LFS_INDIC(1.1),Employment and unemployment by five-year age group and sex - indicators,I,COL,Colombia,UNE_RATE,Unemployment rate,PT_LF_SUB,Percentage of labour force in the same subgroup,_T,Total,_T,Total,UNE,Unemployment,2020,,16.528,,A,Normal value,,,1,One
DATAFLOW,OECD.ELS.SAE:DSD_LFS@DF_LFS_INDIC(1.1),Employment and unemployment by five-year age group and sex - indicators,I,FRA,France,UNE_RATE,Unemployment rate,PT_LF_SUB,Percentage of labour force in the same subgroup,_T,Total,Y15T64,From 15 to 64 years,UNE,Unemployment,2020,,8.092,,A,Normal value,,,1,One
DATAFLOW,OECD.ELS.SAE:DSD_LFS@DF_LFS_INDIC(1.1),Employment and unemployment by five-year age group and sex - indicators,I,FRA,France,UNE_RATE,Unemployment rate,PT_LF_SUB,Percentage of labour force in the same subgroup,_T,Total,_T,Total,UNE,Unemployment,2020,,8.009,,A,Normal value,,,1,One
DATAFLOW,OECD.ELS.SAE:DSD_LFS@DF_LFS_INDIC(1.1),Employment and unemployment by five-year age group and sex - indicators,I,ISR,Israel,UNE_RATE,Unemployment rate,PT_LF_SUB,Percentage of labour force in the same subgroup,_T,Total,_T,Total,UNE,Unemployment,2020,,4.326,,A,Normal value,,,1,One
DATAFLOW,OECD.ELS.SAE:DSD_LFS@DF_LFS_INDIC(1.1),Employment and unemployment by five-year age group and sex - indicators,I,ISR,Israel,UNE_RATE,Unemployment rate,PT_LF_SUB,Percentage of labour force in the same subgroup,_T,Total,Y15T64,From 15 to 64 years,UNE,Unemployment,2020,,4.454,,A,Normal value,,,1,One
DATAFLOW,OECD.ELS.SAE:DSD_LFS@DF_LFS_INDIC(1.1),Employment and unemployment by five-year age group and sex - indicators,I,ITA,Italy,UNE_RATE,Unemployment rate,PT_LF_SUB,Percentage of labour force in the same subgroup,_T,Total,Y15T64,From 15 to 64 years,UNE,Unemployment,2020,,9.4,,A,Normal value,,,1,One
DATAFLOW,OECD.ELS.SAE:DSD_LFS@DF_LFS_INDIC(1.1),Employment and unemployment by five-year age group and sex - indicators,I,ITA,Italy,UNE_RATE,Unemployment rate,PT_LF_SUB,Percentage of labour force in the same subgroup,_T,Total,_T,Total,UNE,Unemployment,2020,,9.192,,A,Normal value,,,1,One
DATAFLOW,OECD.ELS.SAE:DSD_LFS@DF_LFS_INDIC(1.1),Employment and unemployment by five-year age group and sex - indicators,I,JPN,Japan,UNE_RATE,Unemployment rate,PT_LF_SUB,Percentage of labour force in the same subgroup,_T,Total,Y15T64,From 15 to 64 years,UNE,Unemployment,2020,,2.959,,A,Normal value,,,1,One
DATAFLOW,OECD.ELS.SAE:DSD_LFS@DF_LFS_INDIC(1.1),Employment and unemployment by five-year age group and sex - indicators,I,JPN,Japan,UNE_RATE,Unemployment rate,PT_LF_SUB,Percentage of labour force in the same subgroup,_T,Total,_T,Total,UNE,Unemployment,2020,,2.781,,A,Normal value,,,1,One
DATAFLOW,OECD.ELS.SAE:DSD_LFS@DF_LFS_INDIC(1.1),Employment and unemployment by five-year age group and sex - indicators,I,KOR,Korea,UNE_RATE,Unemployment rate,PT_LF_SUB,Percentage of labour force in the same subgroup,_T,Total,Y15T64,From 15 to 64 years,UNE,Unemployment,2020,,3.991,,A,Normal value,,,1,One
DATAFLOW,OECD.ELS.SAE:DSD_LFS@DF_LFS_INDIC(1.1),Employment and unemployment by five-year age group and sex - indicators,I,MEX,Mexico,UNE_RATE,Unemployment rate,PT_LF_SUB,Percentage of labour force in the same subgroup,_T,Total,Y15T64,From 15 to 64 years,UNE,Unemployment,2020,,4.534,,A,Normal value,,,1,One
DATAFLOW,OECD.ELS.SAE:DSD_LFS@DF_LFS_INDIC(1.1),Employment and unemployment by five-year age group and sex - indicators,I,NLD,Netherlands,UNE_RATE,Unemployment rate,PT_LF_SUB,Percentage of labour force in the same subgroup,_T,Total,_T,Total,UNE,Unemployment,2020,,4.837,,A,Normal value,,,1,One
DATAFLOW,OECD.ELS.SAE:DSD_LFS@DF_LFS_INDIC(1.1),Employment and unemployment by five-year age group and sex - indicators,I,NLD,Netherlands,UNE_RATE,Unemployment rate,PT_LF_SUB,Percentage of labour force in the same subgroup,_T,Total,Y15T64,From 15 to 64 years,UNE,Unemployment,2020,,4.861,,A,Normal value,,,1,One
DATAFLOW,OECD.ELS.SAE:DSD_LFS@DF_LFS_INDIC(1.1),Employment and unemployment by five-year age group and sex - indicators,I,ESP,Spain,UNE_RATE,Unemployment rate,PT_LF_SUB,Percentage of labour force in the same subgroup,_T,Total,Y15T64,From 15 to 64 years,UNE,Unemployment,2020,,15.649,,A,Normal value,,,1,One
DATAFLOW,OECD.ELS.SAE:DSD_LFS@DF_LFS_INDIC(1.1),Employment and unemployment by five-year age group and sex - indicators,I,SWE,Sweden,UNE_RATE,Unemployment rate,PT_LF_SUB,Percentage of labour force in the same subgroup,_T,Total,Y15T64,From 15 to 64 years,UNE,Unemployment,2020,,8.549,,A,Normal value,,,1,One
DATAFLOW,OECD.ELS.SAE:DSD_LFS@DF_LFS_INDIC(1.1),Employment and unemployment by five-year age group and sex - indicators,I,SWE,Sweden,UNE_RATE,Unemployment rate,PT_LF_SUB,Percentage of labour force in the same subgroup,_T,Total,_T,Total,UNE,Unemployment,2020,,8.304,,A,Normal value,,,1,One
DATAFLOW,OECD.ELS.SAE:DSD_LFS@DF_LFS_INDIC(1.1),Employment and unemployment by five-year age group and sex - indicators,I,TUR,Türkiye,UNE_RATE,Unemployment rate,PT_LF_SUB,Percentage of labour force in the same subgroup,_T,Total,_T,Total,UNE,Unemployment,2020,,13.148,,A,Normal value,,,1,One
DATAFLOW,OECD.ELS.SAE:DSD_LFS@DF_LFS_INDIC(1.1),Employment and unemployment by five-year age group and sex - indicators,I,TUR,Türkiye,UNE_RATE,Unemployment rate,PT_LF_SUB,Percentage of labour force in the same subgroup,_T,Total,Y15T64,From 15 to 64 years,UNE,Unemployment,2020,,13.419,,A,Normal value,,,1,One
DATAFLOW,OECD.ELS.SAE:DSD_LFS@DF_LFS_INDIC(1.1),Employment and unemployment by five-year age group and sex - indicators,I,GBR,United Kingdom,UNE_RATE,Unemployment rate,PT_LF_SUB,Percentage of labour force in the same subgroup,_T,Total,Y15T64,From 15 to 64 years,UNE,Unemployment,2020,,4.718,,A,Normal value,,,1,One
DATAFLOW,OECD.ELS.SAE:DSD_LFS@DF_LFS_INDIC(1.1),Employment and unemployment by five-year age group and sex - indicators,I,GBR,United Kingdom,UNE_RATE,Unemployment rate,PT_LF_SUB,Percentage of labour force in the same subgroup,_T,Total,_T,Total,UNE,Unemployment,2020,,4.609,,A,Normal value,,,1,One
DATAFLOW,OECD.ELS.SAE:DSD_LFS@DF_LFS_INDIC(1.1),Employment and unemployment by five-year age group and sex - indicators,I,USA,United States,UNE_RATE,Unemployment rate,PT_LF_SUB,Percentage of labour force in the same subgroup,_T,Total,Y15T64,From 15 to 64 years,UNE,Unemployment,2020,,8.094,,A,Normal value,,,1,One
DATAFLOW,OECD.ELS.SAE:DSD_LFS@DF_LFS_INDIC(1.1),Employment and unemployment by five-year age group and sex - indicators,I,USA,United States,UNE_RATE,Unemployment rate,PT_LF_SUB,Percentage of labour force in the same subgroup,_T,Total,_T,Total,UNE,Unemployment,2020,,8.055,,A,Normal value,,,1,One
DATAFLOW,OECD.ELS.SAE:DSD_LFS@DF_LFS_INDIC(1.1),Employment and unemployment by five-year age group and sex - indicators,I,G7,G7,UNE_RATE,Unemployment rate,PT_LF_SUB,Percentage of labour force in the same subgroup,_T,Total,_T,Total,UNE,Unemployment,2020,,6.485,,A,Normal value,,,1,One
DATAFLOW,OECD.ELS.SAE:DSD_LFS@DF_LFS_INDIC(1.1),Employment and unemployment by five-year age group and sex - indicators,I,BRA,Brazil,UNE_RATE,Unemployment rate,PT_LF_SUB,Percentage of labour force in the same subgroup,_T,Total,Y15T64,From 15 to 64 years,UNE,Unemployment,2020,,14.025,,A,Normal value,,,1,One
DATAFLOW,OECD.ELS.SAE:DSD_LFS@DF_LFS_INDIC(1.1),Employment and unemployment by five-year age group and sex - indicators,I,BRA,Brazil,UNE_RATE,Unemployment rate,PT_LF_SUB,Percentage of labour force in the same subgroup,_T,Total,_T,Total,UNE,Unemployment,2020,,13.728,,A,Normal value,,,1,One
DATAFLOW,OECD.ELS.SAE:DSD_LFS@DF_LFS_INDIC(1.1),Employment and unemployment by five-year age group and sex - indicators,I,IND,India,UNE_RATE,Unemployment rate,PT_LF_SUB,Percentage of labour force in the same subgroup,_T,Total,_T,Total,UNE,Unemployment,2020,,8.768,,A,Normal value,,,1,One
DATAFLOW,OECD.ELS.SAE:DSD_LFS@DF_LFS_INDIC(1.1),Employment and unemployment by five-year age group and sex - indicators,I,IND,India,UNE_RATE,Unemployment rate,PT_LF_SUB,Percentage of labour force in the same subgroup,_T,Total,Y15T64,From 15 to 64 years,UNE,Unemployment,2020,,9.016,,A,Normal value,,,1,One
DATAFLOW,OECD.ELS.SAE:DSD_LFS@DF_LFS_INDIC(1.1),Employment and unemployment by five-year age group and sex - indicators,I,RUS,Russia,UNE_RATE,Unemployment rate,PT_LF_SUB,Percentage of labour force in the same subgroup,_T,Total,Y15T64,From 15 to 64 years,UNE,Unemployment,2020,,5.834,,A,Normal value,,,1,One
DATAFLOW,OECD.ELS.SAE:DSD_LFS@DF_LFS_INDIC(1.1),Employment and unemployment by five-year age group and sex - indicators,I,RUS,Russia,UNE_RATE,Unemployment rate,PT_LF_SUB,Percentage of labour force in the same subgroup,_T,Total,_T,Total,UNE,Unemployment,2020,,5.771,,A,Normal value,,,1,One
DATAFLOW,OECD.ELS.SAE:DSD_LFS@DF_LFS_INDIC(1.1),Employment and unemployment by five-year age group and sex - indicators,I,ZAF,South Africa,UNE_RATE,Unemployment rate,PT_LF_SUB,Percentage of labour force in the same subgroup,_T,Total,_T,Total,UNE,Unemployment,2020,,29.21,,A,Normal value,,,1,One
DATAFLOW,OECD.ELS.SAE:DSD_LFS@DF_LFS_INDIC(1.1),Employment and unemployment by five-year age group and sex - indicators,I,ZAF,South Africa,UNE_RATE,Unemployment rate,PT_LF_SUB,Percentage of labour force in the same subgroup,_T,Total,Y15T64,From 15 to 64 years,UNE,Unemployment,2020,,29.436,,A,Normal value,,,1,One
DATAFLOW,OECD.ELS.SAE:DSD_LFS@DF_LFS_INDIC(1.1),Employment and unemployment by five-year age group and sex - indicators,I,AUS,Australia,UNE_RATE,Unemployment rate,PT_LF_SUB,Percentage of labour force in the same subgroup,_T,Total,Y15T64,From 15 to 64 years,UNE,Unemployment,2014,,6.215,,A,Normal value,,,1,One
DATAFLOW,OECD.ELS.SAE:DSD_LFS@DF_LFS_INDIC(1.1),Employment and unemployment by five-year age group and sex - indicators,I,CHL,Chile,UNE_RATE,Unemployment rate,PT_LF_SUB,Percentage of labour force in the same subgroup,_T,Total,Y15T64,From 15 to 64 years,UNE,Unemployment,2014,,6.688,,A,Normal value,,,1,One
DATAFLOW,OECD.ELS.SAE:DSD_LFS@DF_LFS_INDIC(1.1),Employment and unemployment by five-year age group and sex - indicators,I,COL,Colombia,UNE_RATE,Unemployment rate,PT_LF_SUB,Percentage of labour force in the same subgroup,_T,Total,Y15T64,From 15 to 64 years,UNE,Unemployment,2014,,9.644,,A,Normal value,,,1,One
DATAFLOW,OECD.ELS.SAE:DSD_LFS@DF_LFS_INDIC(1.1),Employment and unemployment by five-year age group and sex - indicators,I,COL,Colombia,UNE_RATE,Unemployment rate,PT_LF_SUB,Percentage of labour force in the same subgroup,_T,Total,_T,Total,UNE,Unemployment,2014,,9.397,,A,Normal value,,,1,One
DATAFLOW,OECD.ELS.SAE:DSD_LFS@DF_LFS_INDIC(1.1),Employment and unemployment by five-year age group and sex - indicators,I,FIN,Finland,UNE_RATE,Unemployment rate,PT_LF_SUB,Percentage of labour force in the same subgroup,_T,Total,_T,Total,UNE,Unemployment,2014,,8.531,,A,Normal value,,,1,One
DATAFLOW,OECD.ELS.SAE:DSD_LFS@DF_LFS_INDIC(1.1),Employment and unemployment by five-year age group and sex - indicators,I,FIN,Finland,UNE_RATE,Unemployment rate,PT_LF_SUB,Percentage of labour force in the same subgroup,_T,Total,Y15T64,From 15 to 64 years,UNE,Unemployment,2014,,8.729,,A,Normal value,,,1,One
DATAFLOW,OECD.ELS.SAE:DSD_LFS@DF_LFS_INDIC(1.1),Employment and unemployment by five-year age group and sex - indicators,I,FRA,France,UNE_RATE,Unemployment rate,PT_LF_SUB,Percentage of labour force in the same subgroup,_T,Total,Y15T64,From 15 to 64 years,UNE,Unemployment,2014,,10.349,,A,Normal value,,,1,One
DATAFLOW,OECD.ELS.SAE:DSD_LFS@DF_LFS_INDIC(1.1),Employment and unemployment by five-year age group and sex - indicators,I,FRA,France,UNE_RATE,Unemployment rate,PT_LF_SUB,Percentage of labour force in the same subgroup,_T,Total,_T,Total,UNE,Unemployment,2014,,10.28,,A,Normal value,,,1,One
DATAFLOW,OECD.ELS.SAE:DSD_LFS@DF_LFS_INDIC(1.1),Employment and unemployment by five-year age group and sex - indicators,I,DEU,Germany,UNE_RATE,Unemployment rate,PT_LF_SUB,Percentage of labour force in the same subgroup,_T,Total,_T,Total,UNE,Unemployment,2014,,4.976,,A,Normal value,,,1,One
DATAFLOW,OECD.ELS.SAE:DSD_LFS@DF_LFS_INDIC(1.1),Employment and unemployment by five-year age group and sex - indicators,I,DEU,Germany,UNE_RATE,Unemployment rate,PT_LF_SUB,Percentage of labour force in the same subgroup,_T,Total,Y15T64,From 15 to 64 years,UNE,Unemployment,2014,,5.077,,A,Normal value,,,1,One
DATAFLOW,OECD.ELS.SAE:DSD_LFS@DF_LFS_INDIC(1.1),Employment and unemployment by five-year age group and sex - indicators,I,GRC,Greece,UNE_RATE,Unemployment rate,PT_LF_SUB,Percentage of labour force in the same subgroup,_T,Total,_T,Total,UNE,Unemployment,2014,,26.491,,A,Normal value,,,1,One
DATAFLOW,OECD.ELS.SAE:DSD_LFS@DF_LFS_INDIC(1.1),Employment and unemployment by five-year age group and sex - indicators,I,ITA,Italy,UNE_RATE,Unemployment rate,PT_LF_SUB,Percentage of labour force in the same subgroup,_T,Total,Y15T64,From 15 to 64 years,UNE,Unemployment,2014,,12.899,,A,Normal value,,,1,One
DATAFLOW,OECD.ELS.SAE:DSD_LFS@DF_LFS_INDIC(1.1),Employment and unemployment by five-year age group and sex - indicators,I,ITA,Italy,UNE_RATE,Unemployment rate,PT_LF_SUB,Percentage of labour force in the same subgroup,_T,Total,_T,Total,UNE,Unemployment,2014,,12.683,,A,Normal value,,,1,One
DATAFLOW,OECD.ELS.SAE:DSD_LFS@DF_LFS_INDIC(1.1),Employment and unemployment by five-year age group and sex - indicators,I,JPN,Japan,UNE_RATE,Unemployment rate,PT_LF_SUB,Percentage of labour force in the same subgroup,_T,Total,Y15T64,From 15 to 64 years,UNE,Unemployment,2014,,3.767,,A,Normal value,,,1,One
DATAFLOW,OECD.ELS.SAE:DSD_LFS@DF_LFS_INDIC(1.1),Employment and unemployment by five-year age group and sex - indicators,I,JPN,Japan,UNE_RATE,Unemployment rate,PT_LF_SUB,Percentage of labour force in the same subgroup,_T,Total,_T,Total,UNE,Unemployment,2014,,3.612,,A,Normal value,,,1,One
DATAFLOW,OECD.ELS.SAE:DSD_LFS@DF_LFS_INDIC(1.1),Employment and unemployment by five-year age group and sex - indicators,I,KOR,Korea,UNE_RATE,Unemployment rate,PT_LF_SUB,Percentage of labour force in the same subgroup,_T,Total,_T,Total,UNE,Unemployment,2014,,3.497,,A,Normal value,,,1,One
DATAFLOW,OECD.ELS.SAE:DSD_LFS@DF_LFS_INDIC(1.1),Employment and unemployment by five-year age group and sex - indicators,I,KOR,Korea,UNE_RATE,Unemployment rate,PT_LF_SUB,Percentage of labour force in the same subgroup,_T,Total,Y15T64,From 15 to 64 years,UNE,Unemployment,2014,,3.613,,A,Normal value,,,1,One
DATAFLOW,OECD.ELS.SAE:DSD_LFS@DF_LFS_INDIC(1.1),Employment and unemployment by five-year age group and sex - indicators,I,MEX,Mexico,UNE_RATE,Unemployment rate,PT_LF_SUB,Percentage of labour force in the same subgroup,_T,Total,_T,Total,UNE,Unemployment,2014,,4.831,,A,Normal value,,,1,One
DATAFLOW,OECD.ELS.SAE:DSD_LFS@DF_LFS_INDIC(1.1),Employment and unemployment by five-year age group and sex - indicators,I,MEX,Mexico,UNE_RATE,Unemployment rate,PT_LF_SUB,Percentage of labour force in the same subgroup,_T,Total,Y15T64,From 15 to 64 years,UNE,Unemployment,2014,,5.003,,A,Normal value,,,1,One
DATAFLOW,OECD.ELS.SAE:DSD_LFS@DF_LFS_INDIC(1.1),Employment and unemployment by five-year age group and sex - indicators,I,NLD,Netherlands,UNE_RATE,Unemployment rate,PT_LF_SUB,Percentage of labour force in the same subgroup,_T,Total,_T,Total,UNE,Unemployment,2014,,8.318,,A,Normal value,,,1,One
DATAFLOW,OECD.ELS.SAE:DSD_LFS@DF_LFS_INDIC(1.1),Employment and unemployment by five-year age group and sex - indicators,I,NLD,Netherlands,UNE_RATE,Unemployment rate,PT_LF_SUB,Percentage of labour force in the same subgroup,_T,Total,Y15T64,From 15 to 64 years,UNE,Unemployment,2014,,8.378,,A,Normal value,,,1,One
DATAFLOW,OECD.ELS.SAE:DSD_LFS@DF_LFS_INDIC(1.1),Employment and unemployment by five-year age group and sex - indicators,I,POL,Poland,UNE_RATE,Unemployment rate,PT_LF_SUB,Percentage of labour force in the same subgroup,_T,Total,_T,Total,UNE,Unemployment,2014,,8.99,,A,Normal value,,,1,One
DATAFLOW,OECD.ELS.SAE:DSD_LFS@DF_LFS_INDIC(1.1),Employment and unemployment by five-year age group and sex - indicators,I,ESP,Spain,UNE_RATE,Unemployment rate,PT_LF_SUB,Percentage of labour force in the same subgroup,_T,Total,_T,Total,UNE,Unemployment,2014,,24.441,,A,Normal value,,,1,One
DATAFLOW,OECD.ELS.SAE:DSD_LFS@DF_LFS_INDIC(1.1),Employment and unemployment by five-year age group and sex - indicators,I,ESP,Spain,UNE_RATE,Unemployment rate,PT_LF_SUB,Percentage of labour force in the same subgroup,_T,Total,Y15T64,From 15 to 64 years,UNE,Unemployment,2014,,24.56,,A,Normal value,,,1,One
DATAFLOW,OECD.ELS.SAE:DSD_LFS@DF_LFS_INDIC(1.1),Employment and unemployment by five-year age group and sex - indicators,I,TUR,Türkiye,UNE_RATE,Unemployment rate,PT_LF_SUB,Percentage of labour force in the same subgroup,_T,Total,_T,Total,UNE,Unemployment,2014,,9.902,,A,Normal value,,,1,One
DATAFLOW,OECD.ELS.SAE:DSD_LFS@DF_LFS_INDIC(1.1),Employment and unemployment by five-year age group and sex - indicators,I,TUR,Türkiye,UNE_RATE,Unemployment rate,PT_LF_SUB,Percentage of labour force in the same subgroup,_T,Total,Y15T64,From 15 to 64 years,UNE,Unemployment,2014,,10.094,,A,Normal value,,,1,One
DATAFLOW,OECD.ELS.SAE:DSD_LFS@DF_LFS_INDIC(1.1),Employment and unemployment by five-year age group and sex - indicators,I,GBR,United Kingdom,UNE_RATE,Unemployment rate,PT_LF_SUB,Percentage of labour force in the same subgroup,_T,Total,Y15T64,From 15 to 64 years,UNE,Unemployment,2014,,6.383,,A,Normal value,,,1,One
DATAFLOW,OECD.ELS.SAE:DSD_LFS@DF_LFS_INDIC(1.1),Employment and unemployment by five-year age group and sex - indicators,I,GBR,United Kingdom,UNE_RATE,Unemployment rate,PT_LF_SUB,Percentage of labour force in the same subgroup,_T,Total,_T,Total,UNE,Unemployment,2014,,6.235,,A,Normal value,,,1,One
DATAFLOW,OECD.ELS.SAE:DSD_LFS@DF_LFS_INDIC(1.1),Employment and unemployment by five-year age group and sex - indicators,I,USA,United States,UNE_RATE,Unemployment rate,PT_LF_SUB,Percentage of labour force in the same subgroup,_T,Total,Y15T64,From 15 to 64 years,UNE,Unemployment,2014,,6.255,,A,Normal value,,,1,One
DATAFLOW,OECD.ELS.SAE:DSD_LFS@DF_LFS_INDIC(1.1),Employment and unemployment by five-year age group and sex - indicators,I,USA,United States,UNE_RATE,Unemployment rate,PT_LF_SUB,Percentage of labour force in the same subgroup,_T,Total,_T,Total,UNE,Unemployment,2014,,6.167,,A,Normal value,,,1,One
DATAFLOW,OECD.ELS.SAE:DSD_LFS@DF_LFS_INDIC(1.1),Employment and unemployment by five-year age group and sex - indicators,I,IDN,Indonesia,UNE_RATE,Unemployment rate,PT_LF_SUB,Percentage of labour force in the same subgroup,_T,Total,_T,Total,UNE,Unemployment,2014,,5.822,,A,Normal value,,,1,One
DATAFLOW,OECD.ELS.SAE:DSD_LFS@DF_LFS_INDIC(1.1),Employment and unemployment by five-year age group and sex - indicators,I,IDN,Indonesia,UNE_RATE,Unemployment rate,PT_LF_SUB,Percentage of labour force in the same subgroup,_T,Total,Y15T64,From 15 to 64 years,UNE,Unemployment,2014,,6.056,,A,Normal value,,,1,One
DATAFLOW,OECD.ELS.SAE:DSD_LFS@DF_LFS_INDIC(1.1),Employment and unemployment by five-year age group and sex - indicators,I,ROU,Romania,UNE_RATE,Unemployment rate,PT_LF_SUB,Percentage of labour force in the same subgroup,_T,Total,Y15T64,From 15 to 64 years,UNE,Unemployment,2014,,7.073,,A,Normal value,,,1,One
DATAFLOW,OECD.ELS.SAE:DSD_LFS@DF_LFS_INDIC(1.1),Employment and unemployment by five-year age group and sex - indicators,I,RUS,Russia,UNE_RATE,Unemployment rate,PT_LF_SUB,Percentage of labour force in the same subgroup,_T,Total,Y15T64,From 15 to 64 years,UNE,Unemployment,2014,,5.183,,A,Normal value,,,1,One
DATAFLOW,OECD.ELS.SAE:DSD_LFS@DF_LFS_INDIC(1.1),Employment and unemployment by five-year age group and sex - indicators,I,RUS,Russia,UNE_RATE,Unemployment rate,PT_LF_SUB,Percentage of labour force in the same subgroup,_T,Total,_T,Total,UNE,Unemployment,2014,,5.156,,A,Normal value,,,1,One
DATAFLOW,OECD.ELS.SAE:DSD_LFS@DF_LFS_INDIC(1.1),Employment and unemployment by five-year age group and sex - indicators,I,ZAF,South Africa,UNE_RATE,Unemployment rate,PT_LF_SUB,Percentage of labour force in the same subgroup,_T,Total,_T,Total,UNE,Unemployment,2014,,24.89,,A,Normal value,,,1,One
DATAFLOW,OECD.ELS.SAE:DSD_LFS@DF_LFS_INDIC(1.1),Employment and unemployment by five-year age group and sex - indicators,I,ZAF,South Africa,UNE_RATE,Unemployment rate,PT_LF_SUB,Percentage of labour force in the same subgroup,_T,Total,Y15T64,From 15 to 64 years,UNE,Unemployment,2014,,25.079,,A,Normal value,,,1,One
DATAFLOW,OECD.ELS.SAE:DSD_LFS@DF_LFS_INDIC(1.1),Employment and unemployment by five-year age group and sex - indicators,I,COL,Colombia,UNE_RATE,Unemployment rate,PT_LF_SUB,Percentage of labour force in the same subgroup,_T,Total,Y15T64,From 15 to 64 years,UNE,Unemployment,2012,,10.898,,A,Normal value,,,1,One
DATAFLOW,OECD.ELS.SAE:DSD_LFS@DF_LFS_INDIC(1.1),Employment and unemployment by five-year age group and sex - indicators,I,COL,Colombia,UNE_RATE,Unemployment rate,PT_LF_SUB,Percentage of labour force in the same subgroup,_T,Total,_T,Total,UNE,Unemployment,2012,,10.626,,A,Normal value,,,1,One
DATAFLOW,OECD.ELS.SAE:DSD_LFS@DF_LFS_INDIC(1.1),Employment and unemployment by five-year age group and sex - indicators,I,FIN,Finland,UNE_RATE,Unemployment rate,PT_LF_SUB,Percentage of labour force in the same subgroup,_T,Total,_T,Total,UNE,Unemployment,2012,,7.61,,A,Normal value,,,1,One
DATAFLOW,OECD.ELS.SAE:DSD_LFS@DF_LFS_INDIC(1.1),Employment and unemployment by five-year age group and sex - indicators,I,FIN,Finland,UNE_RATE,Unemployment rate,PT_LF_SUB,Percentage of labour force in the same subgroup,_T,Total,Y15T64,From 15 to 64 years,UNE,Unemployment,2012,,7.756,,A,Normal value,,,1,One
DATAFLOW,OECD.ELS.SAE:DSD_LFS@DF_LFS_INDIC(1.1),Employment and unemployment by five-year age group and sex - indicators,I,FRA,France,UNE_RATE,Unemployment rate,PT_LF_SUB,Percentage of labour force in the same subgroup,_T,Total,Y15T64,From 15 to 64 years,UNE,Unemployment,2012,,9.843,,A,Normal value,,,1,One
DATAFLOW,OECD.ELS.SAE:DSD_LFS@DF_LFS_INDIC(1.1),Employment and unemployment by five-year age group and sex - indicators,I,FRA,France,UNE_RATE,Unemployment rate,PT_LF_SUB,Percentage of labour force in the same subgroup,_T,Total,_T,Total,UNE,Unemployment,2012,,9.77,,A,Normal value,,,1,One
DATAFLOW,OECD.ELS.SAE:DSD_LFS@DF_LFS_INDIC(1.1),Employment and unemployment by five-year age group and sex - indicators,I,DEU,Germany,UNE_RATE,Unemployment rate,PT_LF_SUB,Percentage of labour force in the same subgroup,_T,Total,_T,Total,UNE,Unemployment,2012,,5.374,,A,Normal value,,,1,One
DATAFLOW,OECD.ELS.SAE:DSD_LFS@DF_LFS_INDIC(1.1),Employment and unemployment by five-year age group and sex - indicators,I,DEU,Germany,UNE_RATE,Unemployment rate,PT_LF_SUB,Percentage of labour force in the same subgroup,_T,Total,Y15T64,From 15 to 64 years,UNE,Unemployment,2012,,5.462,,A,Normal value,,,1,One
DATAFLOW,OECD.ELS.SAE:DSD_LFS@DF_LFS_INDIC(1.1),Employment and unemployment by five-year age group and sex - indicators,I,ITA,Italy,UNE_RATE,Unemployment rate,PT_LF_SUB,Percentage of labour force in the same subgroup,_T,Total,Y15T64,From 15 to 64 years,UNE,Unemployment,2012,,10.805,,A,Normal value,,,1,One
DATAFLOW,OECD.ELS.SAE:DSD_LFS@DF_LFS_INDIC(1.1),Employment and unemployment by five-year age group and sex - indicators,I,JPN,Japan,UNE_RATE,Unemployment rate,PT_LF_SUB,Percentage of labour force in the same subgroup,_T,Total,Y15T64,From 15 to 64 years,UNE,Unemployment,2012,,4.558,,A,Normal value,,,1,One
DATAFLOW,OECD.ELS.SAE:DSD_LFS@DF_LFS_INDIC(1.1),Employment and unemployment by five-year age group and sex - indicators,I,JPN,Japan,UNE_RATE,Unemployment rate,PT_LF_SUB,Percentage of labour force in the same subgroup,_T,Total,_T,Total,UNE,Unemployment,2012,,4.348,,A,Normal value,,,1,One
DATAFLOW,OECD.ELS.SAE:DSD_LFS@DF_LFS_INDIC(1.1),Employment and unemployment by five-year age group and sex - indicators,I,MEX,Mexico,UNE_RATE,Unemployment rate,PT_LF_SUB,Percentage of labour force in the same subgroup,_T,Total,_T,Total,UNE,Unemployment,2012,,4.923,,A,Normal value,,,1,One
DATAFLOW,OECD.ELS.SAE:DSD_LFS@DF_LFS_INDIC(1.1),Employment and unemployment by five-year age group and sex - indicators,I,MEX,Mexico,UNE_RATE,Unemployment rate,PT_LF_SUB,Percentage of labour force in the same subgroup,_T,Total,Y15T64,From 15 to 64 years,UNE,Unemployment,2012,,5.085,,A,Normal value,,,1,One
DATAFLOW,OECD.ELS.SAE:DSD_LFS@DF_LFS_INDIC(1.1),Employment and unemployment by five-year age group and sex - indicators,I,POL,Poland,UNE_RATE,Unemployment rate,PT_LF_SUB,Percentage of labour force in the same subgroup,_T,Total,_T,Total,UNE,Unemployment,2012,,10.088,,A,Normal value,,,1,One
DATAFLOW,OECD.ELS.SAE:DSD_LFS@DF_LFS_INDIC(1.1),Employment and unemployment by five-year age group and sex - indicators,I,POL,Poland,UNE_RATE,Unemployment rate,PT_LF_SUB,Percentage of labour force in the same subgroup,_T,Total,Y15T64,From 15 to 64 years,UNE,Unemployment,2012,,10.215,,A,Normal value,,,1,One
DATAFLOW,OECD.ELS.SAE:DSD_LFS@DF_LFS_INDIC(1.1),Employment and unemployment by five-year age group and sex - indicators,I,ESP,Spain,UNE_RATE,Unemployment rate,PT_LF_SUB,Percentage of labour force in the same subgroup,_T,Total,_T,Total,UNE,Unemployment,2012,,24.787,,A,Normal value,,,1,One
DATAFLOW,OECD.ELS.SAE:DSD_LFS@DF_LFS_INDIC(1.1),Employment and unemployment by five-year age group and sex - indicators,I,ESP,Spain,UNE_RATE,Unemployment rate,PT_LF_SUB,Percentage of labour force in the same subgroup,_T,Total,Y15T64,From 15 to 64 years,UNE,Unemployment,2012,,24.932,,A,Normal value,,,1,One
DATAFLOW,OECD.ELS.SAE:DSD_LFS@DF_LFS_INDIC(1.1),Employment and unemployment by five-year age group and sex - indicators,I,SWE,Sweden,UNE_RATE,Unemployment rate,PT_LF_SUB,Percentage of labour force in the same subgroup,_T,Total,Y15T64,From 15 to 64 years,UNE,Unemployment,2012,,8.133,,A,Normal value,,,1,One
DATAFLOW,OECD.ELS.SAE:DSD_LFS@DF_LFS_INDIC(1.1),Employment and unemployment by five-year age group and sex - indicators,I,SWE,Sweden,UNE_RATE,Unemployment rate,PT_LF_SUB,Percentage of labour force in the same subgroup,_T,Total,_T,Total,UNE,Unemployment,2012,,7.964,,A,Normal value,,,1,One
DATAFLOW,OECD.ELS.SAE:DSD_LFS@DF_LFS_INDIC(1.1),Employment and unemployment by five-year age group and sex - indicators,I,TUR,Türkiye,UNE_RATE,Unemployment rate,PT_LF_SUB,Percentage of labour force in the same subgroup,_T,Total,_T,Total,UNE,Unemployment,2012,,9.21,,A,Normal value,,,1,One
DATAFLOW,OECD.ELS.SAE:DSD_LFS@DF_LFS_INDIC(1.1),Employment and unemployment by five-year age group and sex - indicators,I,TUR,Türkiye,UNE_RATE,Unemployment rate,PT_LF_SUB,Percentage of labour force in the same subgroup,_T,Total,Y15T64,From 15 to 64 years,UNE,Unemployment,2012,,9.41,,A,Normal value,,,1,One
DATAFLOW,OECD.ELS.SAE:DSD_LFS@DF_LFS_INDIC(1.1),Employment and unemployment by five-year age group and sex - indicators,I,GBR,United Kingdom,UNE_RATE,Unemployment rate,PT_LF_SUB,Percentage of labour force in the same subgroup,_T,Total,Y15T64,From 15 to 64 years,UNE,Unemployment,2012,,8.042,,A,Normal value,,,1,One
DATAFLOW,OECD.ELS.SAE:DSD_LFS@DF_LFS_INDIC(1.1),Employment and unemployment by five-year age group and sex - indicators,I,GBR,United Kingdom,UNE_RATE,Unemployment rate,PT_LF_SUB,Percentage of labour force in the same subgroup,_T,Total,_T,Total,UNE,Unemployment,2012,,7.87,,A,Normal value,,,1,One
DATAFLOW,OECD.ELS.SAE:DSD_LFS@DF_LFS_INDIC(1.1),Employment and unemployment by five-year age group and sex - indicators,I,USA,United States,UNE_RATE,Unemployment rate,PT_LF_SUB,Percentage of labour force in the same subgroup,_T,Total,Y15T64,From 15 to 64 years,UNE,Unemployment,2012,,8.165,,A,Normal value,,,1,One
DATAFLOW,OECD.ELS.SAE:DSD_LFS@DF_LFS_INDIC(1.1),Employment and unemployment by five-year age group and sex - indicators,I,USA,United States,UNE_RATE,Unemployment rate,PT_LF_SUB,Percentage of labour force in the same subgroup,_T,Total,_T,Total,UNE,Unemployment,2012,,8.069,,A,Normal value,,,1,One
DATAFLOW,OECD.ELS.SAE:DSD_LFS@DF_LFS_INDIC(1.1),Employment and unemployment by five-year age group and sex - indicators,I,BRA,Brazil,UNE_RATE,Unemployment rate,PT_LF_SUB,Percentage of labour force in the same subgroup,_T,Total,Y15T64,From 15 to 64 years,UNE,Unemployment,2012,,7.426,,A,Normal value,,,1,One
DATAFLOW,OECD.ELS.SAE:DSD_LFS@DF_LFS_INDIC(1.1),Employment and unemployment by five-year age group and sex - indicators,I,BRA,Brazil,UNE_RATE,Unemployment rate,PT_LF_SUB,Percentage of labour force in the same subgroup,_T,Total,_T,Total,UNE,Unemployment,2012,,7.266,,A,Normal value,,,1,One
DATAFLOW,OECD.ELS.SAE:DSD_LFS@DF_LFS_INDIC(1.1),Employment and unemployment by five-year age group and sex - indicators,I,IND,India,UNE_RATE,Unemployment rate,PT_LF_SUB,Percentage of labour force in the same subgroup,_T,Total,Y15T64,From 15 to 64 years,UNE,Unemployment,2012,,3.718,,A,Normal value,,,1,One
DATAFLOW,OECD.ELS.SAE:DSD_LFS@DF_LFS_INDIC(1.1),Employment and unemployment by five-year age group and sex - indicators,I,IND,India,UNE_RATE,Unemployment rate,PT_LF_SUB,Percentage of labour force in the same subgroup,_T,Total,_T,Total,UNE,Unemployment,2012,,3.621,,A,Normal value,,,1,One
DATAFLOW,OECD.ELS.SAE:DSD_LFS@DF_LFS_INDIC(1.1),Employment and unemployment by five-year age group and sex - indicators,I,IDN,Indonesia,UNE_RATE,Unemployment rate,PT_LF_SUB,Percentage of labour force in the same subgroup,_T,Total,_T,Total,UNE,Unemployment,2012,,6.249,,A,Normal value,,,1,One
DATAFLOW,OECD.ELS.SAE:DSD_LFS@DF_LFS_INDIC(1.1),Employment and unemployment by five-year age group and sex - indicators,I,IDN,Indonesia,UNE_RATE,Unemployment rate,PT_LF_SUB,Percentage of labour force in the same subgroup,_T,Total,Y15T64,From 15 to 64 years,UNE,Unemployment,2012,,6.507,,A,Normal value,,,1,One
DATAFLOW,OECD.ELS.SAE:DSD_LFS@DF_LFS_INDIC(1.1),Employment and unemployment by five-year age group and sex - indicators,I,RUS,Russia,UNE_RATE,Unemployment rate,PT_LF_SUB,Percentage of labour force in the same subgroup,_T,Total,Y15T64,From 15 to 64 years,UNE,Unemployment,2012,,5.484,,A,Normal value,,,1,One
DATAFLOW,OECD.ELS.SAE:DSD_LFS@DF_LFS_INDIC(1.1),Employment and unemployment by five-year age group and sex - indicators,I,RUS,Russia,UNE_RATE,Unemployment rate,PT_LF_SUB,Percentage of labour force in the same subgroup,_T,Total,_T,Total,UNE,Unemployment,2012,,5.458,,A,Normal value,,,1,One
DATAFLOW,OECD.ELS.SAE:DSD_LFS@DF_LFS_INDIC(1.1),Employment and unemployment by five-year age group and sex - indicators,I,ZAF,South Africa,UNE_RATE,Unemployment rate,PT_LF_SUB,Percentage of labour force in the same subgroup,_T,Total,_T,Total,UNE,Unemployment,2012,,24.727,,A,Normal value,,,1,One
DATAFLOW,OECD.ELS.SAE:DSD_LFS@DF_LFS_INDIC(1.1),Employment and unemployment by five-year age group and sex - indicators,I,ZAF,South Africa,UNE_RATE,Unemployment rate,PT_LF_SUB,Percentage of labour force in the same subgroup,_T,Total,Y15T64,From 15 to 64 years,UNE,Unemployment,2012,,24.87,,A,Normal value,,,1,One
DATAFLOW,OECD.ELS.SAE:DSD_LFS@DF_LFS_INDIC(1.1),Employment and unemployment by five-year age group and sex - indicators,I,COL,Colombia,UNE_RATE,Unemployment rate,PT_LF_SUB,Percentage of labour force in the same subgroup,_T,Total,Y15T64,From 15 to 64 years,UNE,Unemployment,2018,,10.26,,A,Normal value,,,1,One
DATAFLOW,OECD.ELS.SAE:DSD_LFS@DF_LFS_INDIC(1.1),Employment and unemployment by five-year age group and sex - indicators,I,COL,Colombia,UNE_RATE,Unemployment rate,PT_LF_SUB,Percentage of labour force in the same subgroup,_T,Total,_T,Total,UNE,Unemployment,2018,,9.961,,A,Normal value,,,1,One
DATAFLOW,OECD.ELS.SAE:DSD_LFS@DF_LFS_INDIC(1.1),Employment and unemployment by five-year age group and sex - indicators,I,FRA,France,UNE_RATE,Unemployment rate,PT_LF_SUB,Percentage of labour force in the same subgroup,_T,Total,Y15T64,From 15 to 64 years,UNE,Unemployment,2018,,9.148,,A,Normal value,,,1,One
DATAFLOW,OECD.ELS.SAE:DSD_LFS@DF_LFS_INDIC(1.1),Employment and unemployment by five-year age group and sex - indicators,I,FRA,France,UNE_RATE,Unemployment rate,PT_LF_SUB,Percentage of labour force in the same subgroup,_T,Total,_T,Total,UNE,Unemployment,2018,,9.056,,A,Normal value,,,1,One
DATAFLOW,OECD.ELS.SAE:DSD_LFS@DF_LFS_INDIC(1.1),Employment and unemployment by five-year age group and sex - indicators,I,DEU,Germany,UNE_RATE,Unemployment rate,PT_LF_SUB,Percentage of labour force in the same subgroup,_T,Total,Y15T64,From 15 to 64 years,UNE,Unemployment,2018,,3.464,,A,Normal value,,,1,One
DATAFLOW,OECD.ELS.SAE:DSD_LFS@DF_LFS_INDIC(1.1),Employment and unemployment by five-year age group and sex - indicators,I,ITA,Italy,UNE_RATE,Unemployment rate,PT_LF_SUB,Percentage of labour force in the same subgroup,_T,Total,Y15T64,From 15 to 64 years,UNE,Unemployment,2018,,10.753,,A,Normal value,,,1,One
DATAFLOW,OECD.ELS.SAE:DSD_LFS@DF_LFS_INDIC(1.1),Employment and unemployment by five-year age group and sex - indicators,I,ITA,Italy,UNE_RATE,Unemployment rate,PT_LF_SUB,Percentage of labour force in the same subgroup,_T,Total,_T,Total,UNE,Unemployment,2018,,10.538,,A,Normal value,,,1,One
DATAFLOW,OECD.ELS.SAE:DSD_LFS@DF_LFS_INDIC(1.1),Employment and unemployment by five-year age group and sex - indicators,I,JPN,Japan,UNE_RATE,Unemployment rate,PT_LF_SUB,Percentage of labour force in the same subgroup,_T,Total,Y15T64,From 15 to 64 years,UNE,Unemployment,2018,,2.569,,A,Normal value,,,1,One
DATAFLOW,OECD.ELS.SAE:DSD_LFS@DF_LFS_INDIC(1.1),Employment and unemployment by five-year age group and sex - indicators,I,JPN,Japan,UNE_RATE,Unemployment rate,PT_LF_SUB,Percentage of labour force in the same subgroup,_T,Total,_T,Total,UNE,Unemployment,2018,,2.445,,A,Normal value,,,1,One
DATAFLOW,OECD.ELS.SAE:DSD_LFS@DF_LFS_INDIC(1.1),Employment and unemployment by five-year age group and sex - indicators,I,KOR,Korea,UNE_RATE,Unemployment rate,PT_LF_SUB,Percentage of labour force in the same subgroup,_T,Total,Y15T64,From 15 to 64 years,UNE,Unemployment,2018,,3.933,,A,Normal value,,,1,One
DATAFLOW,OECD.ELS.SAE:DSD_LFS@DF_LFS_INDIC(1.1),Employment and unemployment by five-year age group and sex - indicators,I,NLD,Netherlands,UNE_RATE,Unemployment rate,PT_LF_SUB,Percentage of labour force in the same subgroup,_T,Total,_T,Total,UNE,Unemployment,2018,,4.869,,A,Normal value,,,1,One
DATAFLOW,OECD.ELS.SAE:DSD_LFS@DF_LFS_INDIC(1.1),Employment and unemployment by five-year age group and sex - indicators,I,NLD,Netherlands,UNE_RATE,Unemployment rate,PT_LF_SUB,Percentage of labour force in the same subgroup,_T,Total,Y15T64,From 15 to 64 years,UNE,Unemployment,2018,,4.855,,A,Normal value,,,1,One
DATAFLOW,OECD.ELS.SAE:DSD_LFS@DF_LFS_INDIC(1.1),Employment and unemployment by five-year age group and sex - indicators,I,NZL,New Zealand,UNE_RATE,Unemployment rate,PT_LF_SUB,Percentage of labour force in the same subgroup,_T,Total,_T,Total,UNE,Unemployment,2018,,4.335,,A,Normal value,,,1,One
DATAFLOW,OECD.ELS.SAE:DSD_LFS@DF_LFS_INDIC(1.1),Employment and unemployment by five-year age group and sex - indicators,I,NZL,New Zealand,UNE_RATE,Unemployment rate,PT_LF_SUB,Percentage of labour force in the same subgroup,_T,Total,Y15T64,From 15 to 64 years,UNE,Unemployment,2018,,4.51,,A,Normal value,,,1,One
DATAFLOW,OECD.ELS.SAE:DSD_LFS@DF_LFS_INDIC(1.1),Employment and unemployment by five-year age group and sex - indicators,I,POL,Poland,UNE_RATE,Unemployment rate,PT_LF_SUB,Percentage of labour force in the same subgroup,_T,Total,Y15T64,From 15 to 64 years,UNE,Unemployment,2018,,3.91,,A,Normal value,,,1,One
DATAFLOW,OECD.ELS.SAE:DSD_LFS@DF_LFS_INDIC(1.1),Employment and unemployment by five-year age group and sex - indicators,I,ESP,Spain,UNE_RATE,Unemployment rate,PT_LF_SUB,Percentage of labour force in the same subgroup,_T,Total,Y15T64,From 15 to 64 years,UNE,Unemployment,2018,,15.35,,A,Normal value,,,1,One
DATAFLOW,OECD.ELS.SAE:DSD_LFS@DF_LFS_INDIC(1.1),Employment and unemployment by five-year age group and sex - indicators,I,TUR,Türkiye,UNE_RATE,Unemployment rate,PT_LF_SUB,Percentage of labour force in the same subgroup,_T,Total,_T,Total,UNE,Unemployment,2018,,10.956,,A,Normal value,,,1,One
DATAFLOW,OECD.ELS.SAE:DSD_LFS@DF_LFS_INDIC(1.1),Employment and unemployment by five-year age group and sex - indicators,I,TUR,Türkiye,UNE_RATE,Unemployment rate,PT_LF_SUB,Percentage of labour force in the same subgroup,_T,Total,Y15T64,From 15 to 64 years,UNE,Unemployment,2018,,11.184,,A,Normal value,,,1,One
DATAFLOW,OECD.ELS.SAE:DSD_LFS@DF_LFS_INDIC(1.1),Employment and unemployment by five-year age group and sex - indicators,I,GBR,United Kingdom,UNE_RATE,Unemployment rate,PT_LF_SUB,Percentage of labour force in the same subgroup,_T,Total,Y15T64,From 15 to 64 years,UNE,Unemployment,2018,,4.255,,A,Normal value,,,1,One
DATAFLOW,OECD.ELS.SAE:DSD_LFS@DF_LFS_INDIC(1.1),Employment and unemployment by five-year age group and sex - indicators,I,GBR,United Kingdom,UNE_RATE,Unemployment rate,PT_LF_SUB,Percentage of labour force in the same subgroup,_T,Total,_T,Total,UNE,Unemployment,2018,,4.152,,A,Normal value,,,1,One
DATAFLOW,OECD.ELS.SAE:DSD_LFS@DF_LFS_INDIC(1.1),Employment and unemployment by five-year age group and sex - indicators,I,USA,United States,UNE_RATE,Unemployment rate,PT_LF_SUB,Percentage of labour force in the same subgroup,_T,Total,Y15T64,From 15 to 64 years,UNE,Unemployment,2018,,3.938,,A,Normal value,,,1,One
DATAFLOW,OECD.ELS.SAE:DSD_LFS@DF_LFS_INDIC(1.1),Employment and unemployment by five-year age group and sex - indicators,I,USA,United States,UNE_RATE,Unemployment rate,PT_LF_SUB,Percentage of labour force in the same subgroup,_T,Total,_T,Total,UNE,Unemployment,2018,,3.896,,A,Normal value,,,1,One
DATAFLOW,OECD.ELS.SAE:DSD_LFS@DF_LFS_INDIC(1.1),Employment and unemployment by five-year age group and sex - indicators,I,G7,G7,UNE_RATE,Unemployment rate,PT_LF_SUB,Percentage of labour force in the same subgroup,_T,Total,Y15T64,From 15 to 64 years,UNE,Unemployment,2018,,4.69,,A,Normal value,,,1,One
DATAFLOW,OECD.ELS.SAE:DSD_LFS@DF_LFS_INDIC(1.1),Employment and unemployment by five-year age group and sex - indicators,I,G7,G7,UNE_RATE,Unemployment rate,PT_LF_SUB,Percentage of labour force in the same subgroup,_T,Total,_T,Total,UNE,Unemployment,2018,,4.55,,A,Normal value,,,1,One
DATAFLOW,OECD.ELS.SAE:DSD_LFS@DF_LFS_INDIC(1.1),Employment and unemployment by five-year age group and sex - indicators,I,BRA,Brazil,UNE_RATE,Unemployment rate,PT_LF_SUB,Percentage of labour force in the same subgroup,_T,Total,Y15T64,From 15 to 64 years,UNE,Unemployment,2018,,12.373,,A,Normal value,,,1,One
DATAFLOW,OECD.ELS.SAE:DSD_LFS@DF_LFS_INDIC(1.1),Employment and unemployment by five-year age group and sex - indicators,I,BRA,Brazil,UNE_RATE,Unemployment rate,PT_LF_SUB,Percentage of labour force in the same subgroup,_T,Total,_T,Total,UNE,Unemployment,2018,,12.107,,A,Normal value,,,1,One
DATAFLOW,OECD.ELS.SAE:DSD_LFS@DF_LFS_INDIC(1.1),Employment and unemployment by five-year age group and sex - indicators,I,IND,India,UNE_RATE,Unemployment rate,PT_LF_SUB,Percentage of labour force in the same subgroup,_T,Total,_T,Total,UNE,Unemployment,2018,,8.736,,A,Normal value,,,1,One
DATAFLOW,OECD.ELS.SAE:DSD_LFS@DF_LFS_INDIC(1.1),Employment and unemployment by five-year age group and sex - indicators,I,IND,India,UNE_RATE,Unemployment rate,PT_LF_SUB,Percentage of labour force in the same subgroup,_T,Total,Y15T64,From 15 to 64 years,UNE,Unemployment,2018,,8.941,,A,Normal value,,,1,One
DATAFLOW,OECD.ELS.SAE:DSD_LFS@DF_LFS_INDIC(1.1),Employment and unemployment by five-year age group and sex - indicators,I,IDN,Indonesia,UNE_RATE,Unemployment rate,PT_LF_SUB,Percentage of labour force in the same subgroup,_T,Total,_T,Total,UNE,Unemployment,2018,,5.344,,A,Normal value,,,1,One
DATAFLOW,OECD.ELS.SAE:DSD_LFS@DF_LFS_INDIC(1.1),Employment and unemployment by five-year age group and sex - indicators,I,IDN,Indonesia,UNE_RATE,Unemployment rate,PT_LF_SUB,Percentage of labour force in the same subgroup,_T,Total,Y15T64,From 15 to 64 years,UNE,Unemployment,2018,,5.592,,A,Normal value,,,1,One
DATAFLOW,OECD.ELS.SAE:DSD_LFS@DF_LFS_INDIC(1.1),Employment and unemployment by five-year age group and sex - indicators,I,RUS,Russia,UNE_RATE,Unemployment rate,PT_LF_SUB,Percentage of labour force in the same subgroup,_T,Total,Y15T64,From 15 to 64 years,UNE,Unemployment,2018,,4.839,,A,Normal value,,,1,One
DATAFLOW,OECD.ELS.SAE:DSD_LFS@DF_LFS_INDIC(1.1),Employment and unemployment by five-year age group and sex - indicators,I,RUS,Russia,UNE_RATE,Unemployment rate,PT_LF_SUB,Percentage of labour force in the same subgroup,_T,Total,_T,Total,UNE,Unemployment,2018,,4.802,,A,Normal value,,,1,One
DATAFLOW,OECD.ELS.SAE:DSD_LFS@DF_LFS_INDIC(1.1),Employment and unemployment by five-year age group and sex - indicators,I,ZAF,South Africa,UNE_RATE,Unemployment rate,PT_LF_SUB,Percentage of labour force in the same subgroup,_T,Total,_T,Total,UNE,Unemployment,2018,,26.885,,A,Normal value,,,1,One
DATAFLOW,OECD.ELS.SAE:DSD_LFS@DF_LFS_INDIC(1.1),Employment and unemployment by five-year age group and sex - indicators,I,ZAF,South Africa,UNE_RATE,Unemployment rate,PT_LF_SUB,Percentage of labour force in the same subgroup,_T,Total,Y15T64,From 15 to 64 years,UNE,Unemployment,2018,,27.123,,A,Normal value,,,1,One
DATAFLOW,OECD.ELS.SAE:DSD_LFS@DF_LFS_INDIC(1.1),Employment and unemployment by five-year age group and sex - indicators,I,AUT,Austria,UNE_RATE,Unemployment rate,PT_LF_SUB,Percentage of labour force in the same subgroup,_T,Total,_T,Total,UNE,Unemployment,2022,,4.741,,A,Normal value,,,1,One
DATAFLOW,OECD.ELS.SAE:DSD_LFS@DF_LFS_INDIC(1.1),Employment and unemployment by five-year age group and sex - indicators,I,AUT,Austria,UNE_RATE,Unemployment rate,PT_LF_SUB,Percentage of labour force in the same subgroup,_T,Total,Y15T64,From 15 to 64 years,UNE,Unemployment,2022,,4.81,,A,Normal value,,,1,One
DATAFLOW,OECD.ELS.SAE:DSD_LFS@DF_LFS_INDIC(1.1),Employment and unemployment by five-year age group and sex - indicators,I,CHL,Chile,UNE_RATE,Unemployment rate,PT_LF_SUB,Percentage of labour force in the same subgroup,_T,Total,Y15T64,From 15 to 64 years,UNE,Unemployment,2022,,8.122,,A,Normal value,,,1,One
DATAFLOW,OECD.ELS.SAE:DSD_LFS@DF_LFS_INDIC(1.1),Employment and unemployment by five-year age group and sex - indicators,I,COL,Colombia,UNE_RATE,Unemployment rate,PT_LF_SUB,Percentage of labour force in the same subgroup,_T,Total,Y15T64,From 15 to 64 years,UNE,Unemployment,2022,,11.474,,A,Normal value,,,1,One
DATAFLOW,OECD.ELS.SAE:DSD_LFS@DF_LFS_INDIC(1.1),Employment and unemployment by five-year age group and sex - indicators,I,COL,Colombia,UNE_RATE,Unemployment rate,PT_LF_SUB,Percentage of labour force in the same subgroup,_T,Total,_T,Total,UNE,Unemployment,2022,,11.209,,A,Normal value,,,1,One
DATAFLOW,OECD.ELS.SAE:DSD_LFS@DF_LFS_INDIC(1.1),Employment and unemployment by five-year age group and sex - indicators,I,CRI,Costa Rica,UNE_RATE,Unemployment rate,PT_LF_SUB,Percentage of labour force in the same subgroup,_T,Total,_T,Total,UNE,Unemployment,2022,,12.216,,A,Normal value,,,1,One
DATAFLOW,OECD.ELS.SAE:DSD_LFS@DF_LFS_INDIC(1.1),Employment and unemployment by five-year age group and sex - indicators,I,CRI,Costa Rica,UNE_RATE,Unemployment rate,PT_LF_SUB,Percentage of labour force in the same subgroup,_T,Total,Y15T64,From 15 to 64 years,UNE,Unemployment,2022,,12.518,,A,Normal value,,,1,One
DATAFLOW,OECD.ELS.SAE:DSD_LFS@DF_LFS_INDIC(1.1),Employment and unemployment by five-year age group and sex - indicators,I,CZE,Czechia,UNE_RATE,Unemployment rate,PT_LF_SUB,Percentage of labour force in the same subgroup,_T,Total,_T,Total,UNE,Unemployment,2022,,2.319,,A,Normal value,,,1,One
DATAFLOW,OECD.ELS.SAE:DSD_LFS@DF_LFS_INDIC(1.1),Employment and unemployment by five-year age group and sex - indicators,I,CZE,Czechia,UNE_RATE,Unemployment rate,PT_LF_SUB,Percentage of labour force in the same subgroup,_T,Total,Y15T64,From 15 to 64 years,UNE,Unemployment,2022,,2.361,,A,Normal value,,,1,One
DATAFLOW,OECD.ELS.SAE:DSD_LFS@DF_LFS_INDIC(1.1),Employment and unemployment by five-year age group and sex - indicators,I,FRA,France,UNE_RATE,Unemployment rate,PT_LF_SUB,Percentage of labour force in the same subgroup,_T,Total,Y15T64,From 15 to 64 years,UNE,Unemployment,2022,,7.372,,A,Normal value,,,1,One
DATAFLOW,OECD.ELS.SAE:DSD_LFS@DF_LFS_INDIC(1.1),Employment and unemployment by five-year age group and sex - indicators,I,ISL,Iceland,UNE_RATE,Unemployment rate,PT_LF_SUB,Percentage of labour force in the same subgroup,_T,Total,_T,Total,UNE,Unemployment,2022,,3.732,,A,Normal value,,,1,One
DATAFLOW,OECD.ELS.SAE:DSD_LFS@DF_LFS_INDIC(1.1),Employment and unemployment by five-year age group and sex - indicators,I,ISL,Iceland,UNE_RATE,Unemployment rate,PT_LF_SUB,Percentage of labour force in the same subgroup,_T,Total,Y15T64,From 15 to 64 years,UNE,Unemployment,2022,,3.878,,A,Normal value,,,1,One
DATAFLOW,OECD.ELS.SAE:DSD_LFS@DF_LFS_INDIC(1.1),Employment and unemployment by five-year age group and sex - indicators,I,ISR,Israel,UNE_RATE,Unemployment rate,PT_LF_SUB,Percentage of labour force in the same subgroup,_T,Total,_T,Total,UNE,Unemployment,2022,,3.756,,A,Normal value,,,1,One
DATAFLOW,OECD.ELS.SAE:DSD_LFS@DF_LFS_INDIC(1.1),Employment and unemployment by five-year age group and sex - indicators,I,ISR,Israel,UNE_RATE,Unemployment rate,PT_LF_SUB,Percentage of labour force in the same subgroup,_T,Total,Y15T64,From 15 to 64 years,UNE,Unemployment,2022,,3.833,,A,Normal value,,,1,One
DATAFLOW,OECD.ELS.SAE:DSD_LFS@DF_LFS_INDIC(1.1),Employment and unemployment by five-year age group and sex - indicators,I,ITA,Italy,UNE_RATE,Unemployment rate,PT_LF_SUB,Percentage of labour force in the same subgroup,_T,Total,Y15T64,From 15 to 64 years,UNE,Unemployment,2022,,8.226,,A,Normal value,,,1,One
DATAFLOW,OECD.ELS.SAE:DSD_LFS@DF_LFS_INDIC(1.1),Employment and unemployment by five-year age group and sex - indicators,I,ITA,Italy,UNE_RATE,Unemployment rate,PT_LF_SUB,Percentage of labour force in the same subgroup,_T,Total,_T,Total,UNE,Unemployment,2022,,8.069,,A,Normal value,,,1,One
DATAFLOW,OECD.ELS.SAE:DSD_LFS@DF_LFS_INDIC(1.1),Employment and unemployment by five-year age group and sex - indicators,I,JPN,Japan,UNE_RATE,Unemployment rate,PT_LF_SUB,Percentage of labour force in the same subgroup,_T,Total,Y15T64,From 15 to 64 years,UNE,Unemployment,2022,,2.745,,A,Normal value,,,1,One
DATAFLOW,OECD.ELS.SAE:DSD_LFS@DF_LFS_INDIC(1.1),Employment and unemployment by five-year age group and sex - indicators,I,JPN,Japan,UNE_RATE,Unemployment rate,PT_LF_SUB,Percentage of labour force in the same subgroup,_T,Total,_T,Total,UNE,Unemployment,2022,,2.579,,A,Normal value,,,1,One
DATAFLOW,OECD.ELS.SAE:DSD_LFS@DF_LFS_INDIC(1.1),Employment and unemployment by five-year age group and sex - indicators,I,KOR,Korea,UNE_RATE,Unemployment rate,PT_LF_SUB,Percentage of labour force in the same subgroup,_T,Total,_T,Total,UNE,Unemployment,2022,,2.879,,A,Normal value,,,1,One
DATAFLOW,OECD.ELS.SAE:DSD_LFS@DF_LFS_INDIC(1.1),Employment and unemployment by five-year age group and sex - indicators,I,KOR,Korea,UNE_RATE,Unemployment rate,PT_LF_SUB,Percentage of labour force in the same subgroup,_T,Total,Y15T64,From 15 to 64 years,UNE,Unemployment,2022,,2.866,,A,Normal value,,,1,One
DATAFLOW,OECD.ELS.SAE:DSD_LFS@DF_LFS_INDIC(1.1),Employment and unemployment by five-year age group and sex - indicators,I,MEX,Mexico,UNE_RATE,Unemployment rate,PT_LF_SUB,Percentage of labour force in the same subgroup,_T,Total,_T,Total,UNE,Unemployment,2022,,3.274,,A,Normal value,,,1,One
DATAFLOW,OECD.ELS.SAE:DSD_LFS@DF_LFS_INDIC(1.1),Employment and unemployment by five-year age group and sex - indicators,I,MEX,Mexico,UNE_RATE,Unemployment rate,PT_LF_SUB,Percentage of labour force in the same subgroup,_T,Total,Y15T64,From 15 to 64 years,UNE,Unemployment,2022,,3.397,,A,Normal value,,,1,One
DATAFLOW,OECD.ELS.SAE:DSD_LFS@DF_LFS_INDIC(1.1),Employment and unemployment by five-year age group and sex - indicators,I,NLD,Netherlands,UNE_RATE,Unemployment rate,PT_LF_SUB,Percentage of labour force in the same subgroup,_T,Total,_T,Total,UNE,Unemployment,2022,,3.524,,A,Normal value,,,1,One
DATAFLOW,OECD.ELS.SAE:DSD_LFS@DF_LFS_INDIC(1.1),Employment and unemployment by five-year age group and sex - indicators,I,NLD,Netherlands,UNE_RATE,Unemployment rate,PT_LF_SUB,Percentage of labour force in the same subgroup,_T,Total,Y15T64,From 15 to 64 years,UNE,Unemployment,2022,,3.504,,A,Normal value,,,1,One
DATAFLOW,OECD.ELS.SAE:DSD_LFS@DF_LFS_INDIC(1.1),Employment and unemployment by five-year age group and sex - indicators,I,SVK,Slovak Republic,UNE_RATE,Unemployment rate,PT_LF_SUB,Percentage of labour force in the same subgroup,_T,Total,_T,Total,UNE,Unemployment,2022,,6.143,,A,Normal value,,,1,One
DATAFLOW,OECD.ELS.SAE:DSD_LFS@DF_LFS_INDIC(1.1),Employment and unemployment by five-year age group and sex - indicators,I,SVK,Slovak Republic,UNE_RATE,Unemployment rate,PT_LF_SUB,Percentage of labour force in the same subgroup,_T,Total,Y15T64,From 15 to 64 years,UNE,Unemployment,2022,,6.217,,A,Normal value,,,1,One
DATAFLOW,OECD.ELS.SAE:DSD_LFS@DF_LFS_INDIC(1.1),Employment and unemployment by five-year age group and sex - indicators,I,ESP,Spain,UNE_RATE,Unemployment rate,PT_LF_SUB,Percentage of labour force in the same subgroup,_T,Total,Y15T64,From 15 to 64 years,UNE,Unemployment,2022,,13.136,,A,Normal value,,,1,One
DATAFLOW,OECD.ELS.SAE:DSD_LFS@DF_LFS_INDIC(1.1),Employment and unemployment by five-year age group and sex - indicators,I,TUR,Türkiye,UNE_RATE,Unemployment rate,PT_LF_SUB,Percentage of labour force in the same subgroup,_T,Total,_T,Total,UNE,Unemployment,2022,,10.433,,A,Normal value,,,1,One
DATAFLOW,OECD.ELS.SAE:DSD_LFS@DF_LFS_INDIC(1.1),Employment and unemployment by five-year age group and sex - indicators,I,TUR,Türkiye,UNE_RATE,Unemployment rate,PT_LF_SUB,Percentage of labour force in the same subgroup,_T,Total,Y15T64,From 15 to 64 years,UNE,Unemployment,2022,,10.65,,A,Normal value,,,1,One
DATAFLOW,OECD.ELS.SAE:DSD_LFS@DF_LFS_INDIC(1.1),Employment and unemployment by five-year age group and sex - indicators,I,GBR,United Kingdom,UNE_RATE,Unemployment rate,PT_LF_SUB,Percentage of labour force in the same subgroup,_T,Total,Y15T64,From 15 to 64 years,UNE,Unemployment,2022,,3.609,,A,Normal value,,,1,One
DATAFLOW,OECD.ELS.SAE:DSD_LFS@DF_LFS_INDIC(1.1),Employment and unemployment by five-year age group and sex - indicators,I,GBR,United Kingdom,UNE_RATE,Unemployment rate,PT_LF_SUB,Percentage of labour force in the same subgroup,_T,Total,_T,Total,UNE,Unemployment,2022,,3.541,,A,Normal value,,,1,One
DATAFLOW,OECD.ELS.SAE:DSD_LFS@DF_LFS_INDIC(1.1),Employment and unemployment by five-year age group and sex - indicators,I,USA,United States,UNE_RATE,Unemployment rate,PT_LF_SUB,Percentage of labour force in the same subgroup,_T,Total,Y15T64,From 15 to 64 years,UNE,Unemployment,2022,,3.698,,A,Normal value,,,1,One
DATAFLOW,OECD.ELS.SAE:DSD_LFS@DF_LFS_INDIC(1.1),Employment and unemployment by five-year age group and sex - indicators,I,USA,United States,UNE_RATE,Unemployment rate,PT_LF_SUB,Percentage of labour force in the same subgroup,_T,Total,_T,Total,UNE,Unemployment,2022,,3.649,,A,Normal value,,,1,One
DATAFLOW,OECD.ELS.SAE:DSD_LFS@DF_LFS_INDIC(1.1),Employment and unemployment by five-year age group and sex - indicators,I,BRA,Brazil,UNE_RATE,Unemployment rate,PT_LF_SUB,Percentage of labour force in the same subgroup,_T,Total,Y15T64,From 15 to 64 years,UNE,Unemployment,2022,,9.74,,A,Normal value,,,1,One
DATAFLOW,OECD.ELS.SAE:DSD_LFS@DF_LFS_INDIC(1.1),Employment and unemployment by five-year age group and sex - indicators,I,BRA,Brazil,UNE_RATE,Unemployment rate,PT_LF_SUB,Percentage of labour force in the same subgroup,_T,Total,_T,Total,UNE,Unemployment,2022,,9.542,,A,Normal value,,,1,One
DATAFLOW,OECD.ELS.SAE:DSD_LFS@DF_LFS_INDIC(1.1),Employment and unemployment by five-year age group and sex - indicators,I,RUS,Russia,UNE_RATE,Unemployment rate,PT_LF_SUB,Percentage of labour force in the same subgroup,_T,Total,Y15T64,From 15 to 64 years,UNE,Unemployment,2022,,3.977,,A,Normal value,,,1,One
DATAFLOW,OECD.ELS.SAE:DSD_LFS@DF_LFS_INDIC(1.1),Employment and unemployment by five-year age group and sex - indicators,I,RUS,Russia,UNE_RATE,Unemployment rate,PT_LF_SUB,Percentage of labour force in the same subgroup,_T,Total,_T,Total,UNE,Unemployment,2022,,3.938,,A,Normal value,,,1,One
DATAFLOW,OECD.ELS.SAE:DSD_LFS@DF_LFS_INDIC(1.1),Employment and unemployment by five-year age group and sex - indicators,I,ZAF,South Africa,UNE_RATE,Unemployment rate,PT_LF_SUB,Percentage of labour force in the same subgroup,_T,Total,_T,Total,UNE,Unemployment,2022,,33.265,,A,Normal value,,,1,One
DATAFLOW,OECD.ELS.SAE:DSD_LFS@DF_LFS_INDIC(1.1),Employment and unemployment by five-year age group and sex - indicators,I,ZAF,South Africa,UNE_RATE,Unemployment rate,PT_LF_SUB,Percentage of labour force in the same subgroup,_T,Total,Y15T64,From 15 to 64 years,UNE,Unemployment,2022,,33.512,,A,Normal value,,,1,One
DATAFLOW,OECD.ELS.SAE:DSD_LFS@DF_LFS_INDIC(1.1),Employment and unemployment by five-year age group and sex - indicators,I,CAN,Canada,UNE_RATE,Unemployment rate,PT_LF_SUB,Percentage of labour force in the same subgroup,_T,Total,Y15T64,From 15 to 64 years,UNE,Unemployment,2010,,8.274,,A,Normal value,,,1,One
DATAFLOW,OECD.ELS.SAE:DSD_LFS@DF_LFS_INDIC(1.1),Employment and unemployment by five-year age group and sex - indicators,I,CAN,Canada,UNE_RATE,Unemployment rate,PT_LF_SUB,Percentage of labour force in the same subgroup,_T,Total,_T,Total,UNE,Unemployment,2010,,8.169,,A,Normal value,,,1,One
DATAFLOW,OECD.ELS.SAE:DSD_LFS@DF_LFS_INDIC(1.1),Employment and unemployment by five-year age group and sex - indicators,I,COL,Colombia,UNE_RATE,Unemployment rate,PT_LF_SUB,Percentage of labour force in the same subgroup,_T,Total,Y15T64,From 15 to 64 years,UNE,Unemployment,2010,,12.277,,A,Normal value,,,1,One
DATAFLOW,OECD.ELS.SAE:DSD_LFS@DF_LFS_INDIC(1.1),Employment and unemployment by five-year age group and sex - indicators,I,COL,Colombia,UNE_RATE,Unemployment rate,PT_LF_SUB,Percentage of labour force in the same subgroup,_T,Total,_T,Total,UNE,Unemployment,2010,,11.985,,A,Normal value,,,1,One
DATAFLOW,OECD.ELS.SAE:DSD_LFS@DF_LFS_INDIC(1.1),Employment and unemployment by five-year age group and sex - indicators,I,FIN,Finland,UNE_RATE,Unemployment rate,PT_LF_SUB,Percentage of labour force in the same subgroup,_T,Total,_T,Total,UNE,Unemployment,2010,,8.395,,A,Normal value,,,1,One
DATAFLOW,OECD.ELS.SAE:DSD_LFS@DF_LFS_INDIC(1.1),Employment and unemployment by five-year age group and sex - indicators,I,FIN,Finland,UNE_RATE,Unemployment rate,PT_LF_SUB,Percentage of labour force in the same subgroup,_T,Total,Y15T64,From 15 to 64 years,UNE,Unemployment,2010,,8.515,,A,Normal value,,,1,One
DATAFLOW,OECD.ELS.SAE:DSD_LFS@DF_LFS_INDIC(1.1),Employment and unemployment by five-year age group and sex - indicators,I,FRA,France,UNE_RATE,Unemployment rate,PT_LF_SUB,Percentage of labour force in the same subgroup,_T,Total,Y15T64,From 15 to 64 years,UNE,Unemployment,2010,,9.291,,A,Normal value,,,1,One
DATAFLOW,OECD.ELS.SAE:DSD_LFS@DF_LFS_INDIC(1.1),Employment and unemployment by five-year age group and sex - indicators,I,FRA,France,UNE_RATE,Unemployment rate,PT_LF_SUB,Percentage of labour force in the same subgroup,_T,Total,_T,Total,UNE,Unemployment,2010,,9.25,,A,Normal value,,,1,One
DATAFLOW,OECD.ELS.SAE:DSD_LFS@DF_LFS_INDIC(1.1),Employment and unemployment by five-year age group and sex - indicators,I,DEU,Germany,UNE_RATE,Unemployment rate,PT_LF_SUB,Percentage of labour force in the same subgroup,_T,Total,_T,Total,UNE,Unemployment,2010,,7.058,,A,Normal value,,,1,One
DATAFLOW,OECD.ELS.SAE:DSD_LFS@DF_LFS_INDIC(1.1),Employment and unemployment by five-year age group and sex - indicators,I,DEU,Germany,UNE_RATE,Unemployment rate,PT_LF_SUB,Percentage of labour force in the same subgroup,_T,Total,Y15T64,From 15 to 64 years,UNE,Unemployment,2010,,7.161,,A,Normal value,,,1,One
DATAFLOW,OECD.ELS.SAE:DSD_LFS@DF_LFS_INDIC(1.1),Employment and unemployment by five-year age group and sex - indicators,I,JPN,Japan,UNE_RATE,Unemployment rate,PT_LF_SUB,Percentage of labour force in the same subgroup,_T,Total,Y15T64,From 15 to 64 years,UNE,Unemployment,2010,,5.296,,A,Normal value,,,1,One
DATAFLOW,OECD.ELS.SAE:DSD_LFS@DF_LFS_INDIC(1.1),Employment and unemployment by five-year age group and sex - indicators,I,JPN,Japan,UNE_RATE,Unemployment rate,PT_LF_SUB,Percentage of labour force in the same subgroup,_T,Total,_T,Total,UNE,Unemployment,2010,,5.024,,A,Normal value,,,1,One
DATAFLOW,OECD.ELS.SAE:DSD_LFS@DF_LFS_INDIC(1.1),Employment and unemployment by five-year age group and sex - indicators,I,KOR,Korea,UNE_RATE,Unemployment rate,PT_LF_SUB,Percentage of labour force in the same subgroup,_T,Total,_T,Total,UNE,Unemployment,2010,,3.701,,A,Normal value,,,1,One
DATAFLOW,OECD.ELS.SAE:DSD_LFS@DF_LFS_INDIC(1.1),Employment and unemployment by five-year age group and sex - indicators,I,KOR,Korea,UNE_RATE,Unemployment rate,PT_LF_SUB,Percentage of labour force in the same subgroup,_T,Total,Y15T64,From 15 to 64 years,UNE,Unemployment,2010,,3.791,,A,Normal value,,,1,One
DATAFLOW,OECD.ELS.SAE:DSD_LFS@DF_LFS_INDIC(1.1),Employment and unemployment by five-year age group and sex - indicators,I,MEX,Mexico,UNE_RATE,Unemployment rate,PT_LF_SUB,Percentage of labour force in the same subgroup,_T,Total,_T,Total,UNE,Unemployment,2010,,5.329,,A,Normal value,,,1,One
DATAFLOW,OECD.ELS.SAE:DSD_LFS@DF_LFS_INDIC(1.1),Employment and unemployment by five-year age group and sex - indicators,I,MEX,Mexico,UNE_RATE,Unemployment rate,PT_LF_SUB,Percentage of labour force in the same subgroup,_T,Total,Y15T64,From 15 to 64 years,UNE,Unemployment,2010,,5.507,,A,Normal value,,,1,One
DATAFLOW,OECD.ELS.SAE:DSD_LFS@DF_LFS_INDIC(1.1),Employment and unemployment by five-year age group and sex - indicators,I,POL,Poland,UNE_RATE,Unemployment rate,PT_LF_SUB,Percentage of labour force in the same subgroup,_T,Total,_T,Total,UNE,Unemployment,2010,,9.636,,A,Normal value,,,1,One
DATAFLOW,OECD.ELS.SAE:DSD_LFS@DF_LFS_INDIC(1.1),Employment and unemployment by five-year age group and sex - indicators,I,POL,Poland,UNE_RATE,Unemployment rate,PT_LF_SUB,Percentage of labour force in the same subgroup,_T,Total,Y15T64,From 15 to 64 years,UNE,Unemployment,2010,,9.748,,A,Normal value,,,1,One
DATAFLOW,OECD.ELS.SAE:DSD_LFS@DF_LFS_INDIC(1.1),Employment and unemployment by five-year age group and sex - indicators,I,ESP,Spain,UNE_RATE,Unemployment rate,PT_LF_SUB,Percentage of labour force in the same subgroup,_T,Total,_T,Total,UNE,Unemployment,2010,,19.86,,A,Normal value,,,1,One
DATAFLOW,OECD.ELS.SAE:DSD_LFS@DF_LFS_INDIC(1.1),Employment and unemployment by five-year age group and sex - indicators,I,ESP,Spain,UNE_RATE,Unemployment rate,PT_LF_SUB,Percentage of labour force in the same subgroup,_T,Total,Y15T64,From 15 to 64 years,UNE,Unemployment,2010,,19.975,,A,Normal value,,,1,One
DATAFLOW,OECD.ELS.SAE:DSD_LFS@DF_LFS_INDIC(1.1),Employment and unemployment by five-year age group and sex - indicators,I,SWE,Sweden,UNE_RATE,Unemployment rate,PT_LF_SUB,Percentage of labour force in the same subgroup,_T,Total,Y15T64,From 15 to 64 years,UNE,Unemployment,2010,,8.747,,A,Normal value,,,1,One
DATAFLOW,OECD.ELS.SAE:DSD_LFS@DF_LFS_INDIC(1.1),Employment and unemployment by five-year age group and sex - indicators,I,SWE,Sweden,UNE_RATE,Unemployment rate,PT_LF_SUB,Percentage of labour force in the same subgroup,_T,Total,_T,Total,UNE,Unemployment,2010,,8.578,,A,Normal value,,,1,One
DATAFLOW,OECD.ELS.SAE:DSD_LFS@DF_LFS_INDIC(1.1),Employment and unemployment by five-year age group and sex - indicators,I,TUR,Türkiye,UNE_RATE,Unemployment rate,PT_LF_SUB,Percentage of labour force in the same subgroup,_T,Total,_T,Total,UNE,Unemployment,2010,,11.88,,A,Normal value,,,1,One
DATAFLOW,OECD.ELS.SAE:DSD_LFS@DF_LFS_INDIC(1.1),Employment and unemployment by five-year age group and sex - indicators,I,TUR,Türkiye,UNE_RATE,Unemployment rate,PT_LF_SUB,Percentage of labour force in the same subgroup,_T,Total,Y15T64,From 15 to 64 years,UNE,Unemployment,2010,,12.129,,A,Normal value,,,1,One
DATAFLOW,OECD.ELS.SAE:DSD_LFS@DF_LFS_INDIC(1.1),Employment and unemployment by five-year age group and sex - indicators,I,GBR,United Kingdom,UNE_RATE,Unemployment rate,PT_LF_SUB,Percentage of labour force in the same subgroup,_T,Total,Y15T64,From 15 to 64 years,UNE,Unemployment,2010,,7.773,,A,Normal value,,,1,One
DATAFLOW,OECD.ELS.SAE:DSD_LFS@DF_LFS_INDIC(1.1),Employment and unemployment by five-year age group and sex - indicators,I,USA,United States,UNE_RATE,Unemployment rate,PT_LF_SUB,Percentage of labour force in the same subgroup,_T,Total,Y15T64,From 15 to 64 years,UNE,Unemployment,2010,,9.767,,A,Normal value,,,1,One
DATAFLOW,OECD.ELS.SAE:DSD_LFS@DF_LFS_INDIC(1.1),Employment and unemployment by five-year age group and sex - indicators,I,USA,United States,UNE_RATE,Unemployment rate,PT_LF_SUB,Percentage of labour force in the same subgroup,_T,Total,_T,Total,UNE,Unemployment,2010,,9.632,,A,Normal value,,,1,One
DATAFLOW,OECD.ELS.SAE:DSD_LFS@DF_LFS_INDIC(1.1),Employment and unemployment by five-year age group and sex - indicators,I,G7,G7,UNE_RATE,Unemployment rate,PT_LF_SUB,Percentage of labour force in the same subgroup,_T,Total,Y15T64,From 15 to 64 years,UNE,Unemployment,2010,,8.314,,A,Normal value,,,1,One
DATAFLOW,OECD.ELS.SAE:DSD_LFS@DF_LFS_INDIC(1.1),Employment and unemployment by five-year age group and sex - indicators,I,G7,G7,UNE_RATE,Unemployment rate,PT_LF_SUB,Percentage of labour force in the same subgroup,_T,Total,_T,Total,UNE,Unemployment,2010,,8.143,,A,Normal value,,,1,One
DATAFLOW,OECD.ELS.SAE:DSD_LFS@DF_LFS_INDIC(1.1),Employment and unemployment by five-year age group and sex - indicators,I,EU22OECD,European Union (22 countries) in OECD,UNE_RATE,Unemployment rate,PT_LF_SUB,Percentage of labour force in the same subgroup,_T,Total,Y15T64,From 15 to 64 years,UNE,Unemployment,2010,,10.116,,A,Normal value,,,1,One
DATAFLOW,OECD.ELS.SAE:DSD_LFS@DF_LFS_INDIC(1.1),Employment and unemployment by five-year age group and sex - indicators,I,EU22OECD,European Union (22 countries) in OECD,UNE_RATE,Unemployment rate,PT_LF_SUB,Percentage of labour force in the same subgroup,_T,Total,_T,Total,UNE,Unemployment,2010,,9.99,,A,Normal value,,,1,One
DATAFLOW,OECD.ELS.SAE:DSD_LFS@DF_LFS_INDIC(1.1),Employment and unemployment by five-year age group and sex - indicators,I,CHN,China (People’s Republic of),UNE_RATE,Unemployment rate,PT_LF_SUB,Percentage of labour force in the same subgroup,_T,Total,_T,Total,UNE,Unemployment,2010,,2.876,,A,Normal value,,,1,One
DATAFLOW,OECD.ELS.SAE:DSD_LFS@DF_LFS_INDIC(1.1),Employment and unemployment by five-year age group and sex - indicators,I,CHN,China (People’s Republic of),UNE_RATE,Unemployment rate,PT_LF_SUB,Percentage of labour force in the same subgroup,_T,Total,Y15T64,From 15 to 64 years,UNE,Unemployment,2010,,2.95,,A,Normal value,,,1,One
DATAFLOW,OECD.ELS.SAE:DSD_LFS@DF_LFS_INDIC(1.1),Employment and unemployment by five-year age group and sex - indicators,I,IND,India,UNE_RATE,Unemployment rate,PT_LF_SUB,Percentage of labour force in the same subgroup,_T,Total,_T,Total,UNE,Unemployment,2010,,3.539,,A,Normal value,,,1,One
DATAFLOW,OECD.ELS.SAE:DSD_LFS@DF_LFS_INDIC(1.1),Employment and unemployment by five-year age group and sex - indicators,I,IND,India,UNE_RATE,Unemployment rate,PT_LF_SUB,Percentage of labour force in the same subgroup,_T,Total,Y15T64,From 15 to 64 years,UNE,Unemployment,2010,,3.626,,A,Normal value,,,1,One
DATAFLOW,OECD.ELS.SAE:DSD_LFS@DF_LFS_INDIC(1.1),Employment and unemployment by five-year age group and sex - indicators,I,IDN,Indonesia,UNE_RATE,Unemployment rate,PT_LF_SUB,Percentage of labour force in the same subgroup,_T,Total,_T,Total,UNE,Unemployment,2010,,7.273,,A,Normal value,,,1,One
DATAFLOW,OECD.ELS.SAE:DSD_LFS@DF_LFS_INDIC(1.1),Employment and unemployment by five-year age group and sex - indicators,I,IDN,Indonesia,UNE_RATE,Unemployment rate,PT_LF_SUB,Percentage of labour force in the same subgroup,_T,Total,Y15T64,From 15 to 64 years,UNE,Unemployment,2010,,7.525,,A,Normal value,,,1,One
DATAFLOW,OECD.ELS.SAE:DSD_LFS@DF_LFS_INDIC(1.1),Employment and unemployment by five-year age group and sex - indicators,I,RUS,Russia,UNE_RATE,Unemployment rate,PT_LF_SUB,Percentage of labour force in the same subgroup,_T,Total,Y15T64,From 15 to 64 years,UNE,Unemployment,2010,,7.387,,A,Normal value,,,1,One
DATAFLOW,OECD.ELS.SAE:DSD_LFS@DF_LFS_INDIC(1.1),Employment and unemployment by five-year age group and sex - indicators,I,RUS,Russia,UNE_RATE,Unemployment rate,PT_LF_SUB,Percentage of labour force in the same subgroup,_T,Total,_T,Total,UNE,Unemployment,2010,,7.345,,A,Normal value,,,1,One
DATAFLOW,OECD.ELS.SAE:DSD_LFS@DF_LFS_INDIC(1.1),Employment and unemployment by five-year age group and sex - indicators,I,ZAF,South Africa,UNE_RATE,Unemployment rate,PT_LF_SUB,Percentage of labour force in the same subgroup,_T,Total,_T,Total,UNE,Unemployment,2010,,24.687,,A,Normal value,,,1,One
DATAFLOW,OECD.ELS.SAE:DSD_LFS@DF_LFS_INDIC(1.1),Employment and unemployment by five-year age group and sex - indicators,I,ZAF,South Africa,UNE_RATE,Unemployment rate,PT_LF_SUB,Percentage of labour force in the same subgroup,_T,Total,Y15T64,From 15 to 64 years,UNE,Unemployment,2010,,24.87,,A,Normal value,,,1,One
DATAFLOW,OECD.ELS.SAE:DSD_LFS@DF_LFS_INDIC(1.1),Employment and unemployment by five-year age group and sex - indicators,I,EU22OECD,European Union (22 countries) in OECD,UNE_RATE,Unemployment rate,PT_LF_SUB,Percentage of labour force in the same subgroup,_T,Total,_T,Total,UNE,Unemployment,2011,,9.981,,A,Normal value,,,1,One
DATAFLOW,OECD.ELS.SAE:DSD_LFS@DF_LFS_INDIC(1.1),Employment and unemployment by five-year age group and sex - indicators,I,EU22OECD,European Union (22 countries) in OECD,UNE_RATE,Unemployment rate,PT_LF_SUB,Percentage of labour force in the same subgroup,_T,Total,Y15T64,From 15 to 64 years,UNE,Unemployment,2011,,10.105,,A,Normal value,,,1,One
DATAFLOW,OECD.ELS.SAE:DSD_LFS@DF_LFS_INDIC(1.1),Employment and unemployment by five-year age group and sex - indicators,I,EU22OECD,European Union (22 countries) in OECD,UNE_RATE,Unemployment rate,PT_LF_SUB,Percentage of labour force in the same subgroup,_T,Total,Y15T64,From 15 to 64 years,UNE,Unemployment,2012,,11.135,,A,Normal value,,,1,One
DATAFLOW,OECD.ELS.SAE:DSD_LFS@DF_LFS_INDIC(1.1),Employment and unemployment by five-year age group and sex - indicators,I,EU22OECD,European Union (22 countries) in OECD,UNE_RATE,Unemployment rate,PT_LF_SUB,Percentage of labour force in the same subgroup,_T,Total,_T,Total,UNE,Unemployment,2014,,11,,A,Normal value,,,1,One
DATAFLOW,OECD.ELS.SAE:DSD_LFS@DF_LFS_INDIC(1.1),Employment and unemployment by five-year age group and sex - indicators,I,EU22OECD,European Union (22 countries) in OECD,UNE_RATE,Unemployment rate,PT_LF_SUB,Percentage of labour force in the same subgroup,_T,Total,Y15T64,From 15 to 64 years,UNE,Unemployment,2015,,10.321,,A,Normal value,,,1,One
DATAFLOW,OECD.ELS.SAE:DSD_LFS@DF_LFS_INDIC(1.1),Employment and unemployment by five-year age group and sex - indicators,I,EU22OECD,European Union (22 countries) in OECD,UNE_RATE,Unemployment rate,PT_LF_SUB,Percentage of labour force in the same subgroup,_T,Total,Y15T64,From 15 to 64 years,UNE,Unemployment,2020,,7.377,,A,Normal value,,,1,One
DATAFLOW,OECD.ELS.SAE:DSD_LFS@DF_LFS_INDIC(1.1),Employment and unemployment by five-year age group and sex - indicators,I,AUS,Australia,UNE_RATE,Unemployment rate,PT_LF_SUB,Percentage of labour force in the same subgroup,_T,Total,Y15T64,From 15 to 64 years,UNE,Unemployment,2016,,5.872,,A,Normal value,,,1,One
DATAFLOW,OECD.ELS.SAE:DSD_LFS@DF_LFS_INDIC(1.1),Employment and unemployment by five-year age group and sex - indicators,I,AUS,Australia,UNE_RATE,Unemployment rate,PT_LF_SUB,Percentage of labour force in the same subgroup,_T,Total,Y15T64,From 15 to 64 years,UNE,Unemployment,2020,,6.617,,A,Normal value,,,1,One
DATAFLOW,OECD.ELS.SAE:DSD_LFS@DF_LFS_INDIC(1.1),Employment and unemployment by five-year age group and sex - indicators,I,AUS,Australia,UNE_RATE,Unemployment rate,PT_LF_SUB,Percentage of labour force in the same subgroup,_T,Total,Y15T64,From 15 to 64 years,UNE,Unemployment,2018,,5.47,,A,Normal value,,,1,One
DATAFLOW,OECD.ELS.SAE:DSD_LFS@DF_LFS_INDIC(1.1),Employment and unemployment by five-year age group and sex - indicators,I,EU19OECD,European Union (19 countries) in OECD,UNE_RATE,Unemployment rate,PT_LF_SUB,Percentage of labour force in the same subgroup,_T,Total,Y15T64,From 15 to 64 years,UNE,Unemployment,2012,,11.528,,A,Normal value,,,1,One
DATAFLOW,OECD.ELS.SAE:DSD_LFS@DF_LFS_INDIC(1.1),Employment and unemployment by five-year age group and sex - indicators,I,EU19OECD,European Union (19 countries) in OECD,UNE_RATE,Unemployment rate,PT_LF_SUB,Percentage of labour force in the same subgroup,_T,Total,_T,Total,UNE,Unemployment,2020,,7.926,,A,Normal value,,,1,One
DATAFLOW,OECD.ELS.SAE:DSD_LFS@DF_LFS_INDIC(1.1),Employment and unemployment by five-year age group and sex - indicators,I,EU27,European Union (27 countries),UNE_RATE,Unemployment rate,PT_LF_SUB,Percentage of labour force in the same subgroup,_T,Total,_T,Total,UNE,Unemployment,2020,,7.122,,A,Normal value,,,1,One
DATAFLOW,OECD.ELS.SAE:DSD_LFS@DF_LFS_INDIC(1.1),Employment and unemployment by five-year age group and sex - indicators,I,POL,Poland,UNE_RATE,Unemployment rate,PT_LF_SUB,Percentage of labour force in the same subgroup,_T,Total,Y15T64,From 15 to 64 years,UNE,Unemployment,2020,,3.208,,A,Normal value,,,1,One
DATAFLOW,OECD.ELS.SAE:DSD_LFS@DF_LFS_INDIC(1.1),Employment and unemployment by five-year age group and sex - indicators,I,AUS,Australia,UNE_RATE,Unemployment rate,PT_LF_SUB,Percentage of labour force in the same subgroup,_T,Total,Y15T64,From 15 to 64 years,UNE,Unemployment,2021,,5.287,,A,Normal value,,,1,One
DATAFLOW,OECD.ELS.SAE:DSD_LFS@DF_LFS_INDIC(1.1),Employment and unemployment by five-year age group and sex - indicators,I,EU19OECD,European Union (19 countries) in OECD,UNE_RATE,Unemployment rate,PT_LF_SUB,Percentage of labour force in the same subgroup,_T,Total,Y15T64,From 15 to 64 years,UNE,Unemployment,2021,,7.871,,A,Normal value,,,1,One
DATAFLOW,OECD.ELS.SAE:DSD_LFS@DF_LFS_INDIC(1.1),Employment and unemployment by five-year age group and sex - indicators,I,IND,India,UNE_RATE,Unemployment rate,PT_LF_SUB,Percentage of labour force in the same subgroup,_T,Total,_T,Total,UNE,Unemployment,2021,,7.263,,A,Normal value,,,1,One
DATAFLOW,OECD.ELS.SAE:DSD_LFS@DF_LFS_INDIC(1.1),Employment and unemployment by five-year age group and sex - indicators,I,AUS,Australia,UNE_RATE,Unemployment rate,PT_LF_SUB,Percentage of labour force in the same subgroup,_T,Total,_T,Total,UNE,Unemployment,2022,,3.72,,A,Normal value,,,1,One
DATAFLOW,OECD.ELS.SAE:DSD_LFS@DF_LFS_INDIC(1.1),Employment and unemployment by five-year age group and sex - indicators,I,POL,Poland,UNE_RATE,Unemployment rate,PT_LF_SUB,Percentage of labour force in the same subgroup,_T,Total,Y15T64,From 15 to 64 years,UNE,Unemployment,2022,,2.927,,A,Normal value,,,1,One
DATAFLOW,OECD.ELS.SAE:DSD_LFS@DF_LFS_INDIC(1.1),Employment and unemployment by five-year age group and sex - indicators,I,EU27,European Union (27 countries),UNE_RATE,Unemployment rate,PT_LF_SUB,Percentage of labour force in the same subgroup,_T,Total,Y15T64,From 15 to 64 years,UNE,Unemployment,2022,,6.254,,A,Normal value,,,1,One
DATAFLOW,OECD.ELS.SAE:DSD_LFS@DF_LFS_INDIC(1.1),Employment and unemployment by five-year age group and sex - indicators,I,EU27,European Union (27 countries),UNE_RATE,Unemployment rate,PT_LF_SUB,Percentage of labour force in the same subgroup,_T,Total,_T,Total,UNE,Unemployment,2022,,6.15,,A,Normal value,,,1,One
DATAFLOW,OECD.ELS.SAE:DSD_LFS@DF_LFS_INDIC(1.1),Employment and unemployment by five-year age group and sex - indicators,I,EU22OECD,European Union (22 countries) in OECD,UNE_RATE,Unemployment rate,PT_LF_SUB,Percentage of labour force in the same subgroup,_T,Total,Y15T64,From 15 to 64 years,UNE,Unemployment,2022,,6.308,,A,Normal value,,,1,One
DATAFLOW,OECD.ELS.SAE:DSD_LFS@DF_LFS_INDIC(1.1),Employment and unemployment by five-year age group and sex - indicators,I,EU22OECD,European Union (22 countries) in OECD,UNE_RATE,Unemployment rate,PT_LF_SUB,Percentage of labour force in the same subgroup,_T,Total,_T,Total,UNE,Unemployment,2022,,6.201,,A,Normal value,,,1,One
DATAFLOW,OECD.ELS.SAE:DSD_LFS@DF_LFS_INDIC(1.1),Employment and unemployment by five-year age group and sex - indicators,I,IND,India,UNE_RATE,Unemployment rate,PT_LF_SUB,Percentage of labour force in the same subgroup,_T,Total,_T,Total,UNE,Unemployment,2022,,5.655,,A,Normal value,,,1,One
DATAFLOW,OECD.ELS.SAE:DSD_LFS@DF_LFS_INDIC(1.1),Employment and unemployment by five-year age group and sex - indicators,I,IND,India,UNE_RATE,Unemployment rate,PT_LF_SUB,Percentage of labour force in the same subgroup,_T,Total,Y15T64,From 15 to 64 years,UNE,Unemployment,2022,,5.795,,A,Normal value,,,1,One
DATAFLOW,OECD.ELS.SAE:DSD_LFS@DF_LFS_INDIC(1.1),Employment and unemployment by five-year age group and sex - indicators,I,OECD,OECD,UNE_RATE,Unemployment rate,PT_LF_SUB,Percentage of labour force in the same subgroup,_T,Total,Y15T64,From 15 to 64 years,UNE,Unemployment,2011,,8.33,,A,Normal value,,,1,One
DATAFLOW,OECD.ELS.SAE:DSD_LFS@DF_LFS_INDIC(1.1),Employment and unemployment by five-year age group and sex - indicators,I,OECD,OECD,UNE_RATE,Unemployment rate,PT_LF_SUB,Percentage of labour force in the same subgroup,_T,Total,_T,Total,UNE,Unemployment,2012,,8.114,,A,Normal value,,,1,One
DATAFLOW,OECD.ELS.SAE:DSD_LFS@DF_LFS_INDIC(1.1),Employment and unemployment by five-year age group and sex - indicators,I,OECD,OECD,UNE_RATE,Unemployment rate,PT_LF_SUB,Percentage of labour force in the same subgroup,_T,Total,Y15T64,From 15 to 64 years,UNE,Unemployment,2013,,8.256,,A,Normal value,,,1,One
DATAFLOW,OECD.ELS.SAE:DSD_LFS@DF_LFS_INDIC(1.1),Employment and unemployment by five-year age group and sex - indicators,I,OECD,OECD,UNE_RATE,Unemployment rate,PT_LF_SUB,Percentage of labour force in the same subgroup,_T,Total,_T,Total,UNE,Unemployment,2013,,8.041,,A,Normal value,,,1,One
DATAFLOW,OECD.ELS.SAE:DSD_LFS@DF_LFS_INDIC(1.1),Employment and unemployment by five-year age group and sex - indicators,I,OECD,OECD,UNE_RATE,Unemployment rate,PT_LF_SUB,Percentage of labour force in the same subgroup,_T,Total,_T,Total,UNE,Unemployment,2016,,6.477,,A,Normal value,,,1,One
DATAFLOW,OECD.ELS.SAE:DSD_LFS@DF_LFS_INDIC(1.1),Employment and unemployment by five-year age group and sex - indicators,I,OECD,OECD,UNE_RATE,Unemployment rate,PT_LF_SUB,Percentage of labour force in the same subgroup,_T,Total,Y15T64,From 15 to 64 years,UNE,Unemployment,2017,,6.126,,A,Normal value,,,1,One
DATAFLOW,OECD.ELS.SAE:DSD_LFS@DF_LFS_INDIC(1.1),Employment and unemployment by five-year age group and sex - indicators,I,OECD,OECD,UNE_RATE,Unemployment rate,PT_LF_SUB,Percentage of labour force in the same subgroup,_T,Total,_T,Total,UNE,Unemployment,2017,,5.947,,A,Normal value,,,1,One
DATAFLOW,OECD.ELS.SAE:DSD_LFS@DF_LFS_INDIC(1.1),Employment and unemployment by five-year age group and sex - indicators,I,OECD,OECD,UNE_RATE,Unemployment rate,PT_LF_SUB,Percentage of labour force in the same subgroup,_T,Total,_T,Total,UNE,Unemployment,2018,,5.508,,A,Normal value,,,1,One
DATAFLOW,OECD.ELS.SAE:DSD_LFS@DF_LFS_INDIC(1.1),Employment and unemployment by five-year age group and sex - indicators,I,OECD,OECD,UNE_RATE,Unemployment rate,PT_LF_SUB,Percentage of labour force in the same subgroup,_T,Total,Y15T64,From 15 to 64 years,UNE,Unemployment,2019,,5.602,,A,Normal value,,,1,One
DATAFLOW,OECD.ELS.SAE:DSD_LFS@DF_LFS_INDIC(1.1),Employment and unemployment by five-year age group and sex - indicators,I,OECD,OECD,UNE_RATE,Unemployment rate,PT_LF_SUB,Percentage of labour force in the same subgroup,_T,Total,_T,Total,UNE,Unemployment,2019,,5.426,,A,Normal value,,,1,One
DATAFLOW,OECD.ELS.SAE:DSD_LFS@DF_LFS_INDIC(1.1),Employment and unemployment by five-year age group and sex - indicators,I,OECD,OECD,UNE_RATE,Unemployment rate,PT_LF_SUB,Percentage of labour force in the same subgroup,_T,Total,_T,Total,UNE,Unemployment,2020,,7.143,,A,Normal value,,,1,One
DATAFLOW,OECD.ELS.SAE:DSD_LFS@DF_LFS_INDIC(1.1),Employment and unemployment by five-year age group and sex - indicators,I,OECD,OECD,UNE_RATE,Unemployment rate,PT_LF_SUB,Percentage of labour force in the same subgroup,_T,Total,Y15T64,From 15 to 64 years,UNE,Unemployment,2020,,7.327,,A,Normal value,,,1,One
DATAFLOW,OECD.ELS.SAE:DSD_LFS@DF_LFS_INDIC(1.1),Employment and unemployment by five-year age group and sex - indicators,I,CAN,Canada,UNE_RATE,Unemployment rate,PT_LF_SUB,Percentage of labour force in the same subgroup,_T,Total,Y15T64,From 15 to 64 years,UNE,Unemployment,2013,,7.273,,A,Normal value,,,1,One
DATAFLOW,OECD.ELS.SAE:DSD_LFS@DF_LFS_INDIC(1.1),Employment and unemployment by five-year age group and sex - indicators,I,CAN,Canada,UNE_RATE,Unemployment rate,PT_LF_SUB,Percentage of labour force in the same subgroup,_T,Total,_T,Total,UNE,Unemployment,2014,,7.037,,A,Normal value,,,1,One
DATAFLOW,OECD.ELS.SAE:DSD_LFS@DF_LFS_INDIC(1.1),Employment and unemployment by five-year age group and sex - indicators,I,CAN,Canada,UNE_RATE,Unemployment rate,PT_LF_SUB,Percentage of labour force in the same subgroup,_T,Total,_T,Total,UNE,Unemployment,2015,,6.982,,A,Normal value,,,1,One
DATAFLOW,OECD.ELS.SAE:DSD_LFS@DF_LFS_INDIC(1.1),Employment and unemployment by five-year age group and sex - indicators,I,CAN,Canada,UNE_RATE,Unemployment rate,PT_LF_SUB,Percentage of labour force in the same subgroup,_T,Total,Y15T64,From 15 to 64 years,UNE,Unemployment,2016,,7.16,,A,Normal value,,,1,One
DATAFLOW,OECD.ELS.SAE:DSD_LFS@DF_LFS_INDIC(1.1),Employment and unemployment by five-year age group and sex - indicators,I,CAN,Canada,UNE_RATE,Unemployment rate,PT_LF_SUB,Percentage of labour force in the same subgroup,_T,Total,_T,Total,UNE,Unemployment,2016,,7.06,,A,Normal value,,,1,One
DATAFLOW,OECD.ELS.SAE:DSD_LFS@DF_LFS_INDIC(1.1),Employment and unemployment by five-year age group and sex - indicators,I,CAN,Canada,UNE_RATE,Unemployment rate,PT_LF_SUB,Percentage of labour force in the same subgroup,_T,Total,_T,Total,UNE,Unemployment,2017,,6.438,,A,Normal value,,,1,One
DATAFLOW,OECD.ELS.SAE:DSD_LFS@DF_LFS_INDIC(1.1),Employment and unemployment by five-year age group and sex - indicators,I,CAN,Canada,UNE_RATE,Unemployment rate,PT_LF_SUB,Percentage of labour force in the same subgroup,_T,Total,_T,Total,UNE,Unemployment,2018,,5.834,,A,Normal value,,,1,One
DATAFLOW,OECD.ELS.SAE:DSD_LFS@DF_LFS_INDIC(1.1),Employment and unemployment by five-year age group and sex - indicators,I,CAN,Canada,UNE_RATE,Unemployment rate,PT_LF_SUB,Percentage of labour force in the same subgroup,_T,Total,Y15T64,From 15 to 64 years,UNE,Unemployment,2020,,9.742,,A,Normal value,,,1,One
DATAFLOW,OECD.ELS.SAE:DSD_LFS@DF_LFS_INDIC(1.1),Employment and unemployment by five-year age group and sex - indicators,I,CAN,Canada,UNE_RATE,Unemployment rate,PT_LF_SUB,Percentage of labour force in the same subgroup,_T,Total,_T,Total,UNE,Unemployment,2021,,7.511,,A,Normal value,,,1,One
DATAFLOW,OECD.ELS.SAE:DSD_LFS@DF_LFS_INDIC(1.1),Employment and unemployment by five-year age group and sex - indicators,I,CAN,Canada,UNE_RATE,Unemployment rate,PT_LF_SUB,Percentage of labour force in the same subgroup,_T,Total,_T,Total,UNE,Unemployment,2022,,5.268,,A,Normal value,,,1,One
DATAFLOW,OECD.ELS.SAE:DSD_LFS@DF_LFS_INDIC(1.1),Employment and unemployment by five-year age group and sex - indicators,I,G7,G7,UNE_RATE,Unemployment rate,PT_LF_SUB,Percentage of labour force in the same subgroup,_T,Total,Y15T64,From 15 to 64 years,UNE,Unemployment,2016,,5.617,,A,Normal value,,,1,One
DATAFLOW,OECD.ELS.SAE:DSD_LFS@DF_LFS_INDIC(1.1),Employment and unemployment by five-year age group and sex - indicators,I,G7,G7,UNE_RATE,Unemployment rate,PT_LF_SUB,Percentage of labour force in the same subgroup,_T,Total,_T,Total,UNE,Unemployment,2016,,5.461,,A,Normal value,,,1,One
DATAFLOW,OECD.ELS.SAE:DSD_LFS@DF_LFS_INDIC(1.1),Employment and unemployment by five-year age group and sex - indicators,I,G7,G7,UNE_RATE,Unemployment rate,PT_LF_SUB,Percentage of labour force in the same subgroup,_T,Total,_T,Total,UNE,Unemployment,2011,,7.655,,A,Normal value,,,1,One
DATAFLOW,OECD.ELS.SAE:DSD_LFS@DF_LFS_INDIC(1.1),Employment and unemployment by five-year age group and sex - indicators,I,G7,G7,UNE_RATE,Unemployment rate,PT_LF_SUB,Percentage of labour force in the same subgroup,_T,Total,Y15T64,From 15 to 64 years,UNE,Unemployment,2011,,7.811,,A,Normal value,,,1,One
DATAFLOW,OECD.ELS.SAE:DSD_LFS@DF_LFS_INDIC(1.1),Employment and unemployment by five-year age group and sex - indicators,I,G7,G7,UNE_RATE,Unemployment rate,PT_LF_SUB,Percentage of labour force in the same subgroup,_T,Total,Y15T64,From 15 to 64 years,UNE,Unemployment,2014,,6.571,,A,Normal value,,,1,One
DATAFLOW,OECD.ELS.SAE:DSD_LFS@DF_LFS_INDIC(1.1),Employment and unemployment by five-year age group and sex - indicators,I,G7,G7,UNE_RATE,Unemployment rate,PT_LF_SUB,Percentage of labour force in the same subgroup,_T,Total,_T,Total,UNE,Unemployment,2014,,6.404,,A,Normal value,,,1,One
DATAFLOW,OECD.ELS.SAE:DSD_LFS@DF_LFS_INDIC(1.1),Employment and unemployment by five-year age group and sex - indicators,I,G7,G7,UNE_RATE,Unemployment rate,PT_LF_SUB,Percentage of labour force in the same subgroup,_T,Total,_T,Total,UNE,Unemployment,2015,,5.804,,A,Normal value,,,1,One
DATAFLOW,OECD.ELS.SAE:DSD_LFS@DF_LFS_INDIC(1.1),Employment and unemployment by five-year age group and sex - indicators,I,G7,G7,UNE_RATE,Unemployment rate,PT_LF_SUB,Percentage of labour force in the same subgroup,_T,Total,Y15T64,From 15 to 64 years,UNE,Unemployment,2015,,5.974,,A,Normal value,,,1,One
DATAFLOW,OECD.ELS.SAE:DSD_LFS@DF_LFS_INDIC(1.1),Employment and unemployment by five-year age group and sex - indicators,I,G7,G7,UNE_RATE,Unemployment rate,PT_LF_SUB,Percentage of labour force in the same subgroup,_T,Total,Y15T64,From 15 to 64 years,UNE,Unemployment,2017,,5.128,,A,Normal value,,,1,One
DATAFLOW,OECD.ELS.SAE:DSD_LFS@DF_LFS_INDIC(1.1),Employment and unemployment by five-year age group and sex - indicators,I,G7,G7,UNE_RATE,Unemployment rate,PT_LF_SUB,Percentage of labour force in the same subgroup,_T,Total,_T,Total,UNE,Unemployment,2013,,7.101,,A,Normal value,,,1,One
DATAFLOW,OECD.ELS.SAE:DSD_LFS@DF_LFS_INDIC(1.1),Employment and unemployment by five-year age group and sex - indicators,I,G7,G7,UNE_RATE,Unemployment rate,PT_LF_SUB,Percentage of labour force in the same subgroup,_T,Total,Y15T64,From 15 to 64 years,UNE,Unemployment,2013,,7.276,,A,Normal value,,,1,One
DATAFLOW,OECD.ELS.SAE:DSD_LFS@DF_LFS_INDIC(1.1),Employment and unemployment by five-year age group and sex - indicators,I,G7,G7,UNE_RATE,Unemployment rate,PT_LF_SUB,Percentage of labour force in the same subgroup,_T,Total,Y15T64,From 15 to 64 years,UNE,Unemployment,2012,,7.521,,A,Normal value,,,1,One
DATAFLOW,OECD.ELS.SAE:DSD_LFS@DF_LFS_INDIC(1.1),Employment and unemployment by five-year age group and sex - indicators,I,G7,G7,UNE_RATE,Unemployment rate,PT_LF_SUB,Percentage of labour force in the same subgroup,_T,Total,_T,Total,UNE,Unemployment,2012,,7.364,,A,Normal value,,,1,One
DATAFLOW,OECD.ELS.SAE:DSD_LFS@DF_LFS_INDIC(1.1),Employment and unemployment by five-year age group and sex - indicators,I,ARG,Argentina,UNE_RATE,Unemployment rate,PT_LF_SUB,Percentage of labour force in the same subgroup,_T,Total,_T,Total,UNE,Unemployment,2016,,7.561,,A,Normal value,,,1,One
DATAFLOW,OECD.ELS.SAE:DSD_LFS@DF_LFS_INDIC(1.1),Employment and unemployment by five-year age group and sex - indicators,I,ARG,Argentina,UNE_RATE,Unemployment rate,PT_LF_SUB,Percentage of labour force in the same subgroup,_T,Total,_T,Total,UNE,Unemployment,2018,,9.132,,A,Normal value,,,1,One
DATAFLOW,OECD.ELS.SAE:DSD_LFS@DF_LFS_INDIC(1.1),Employment and unemployment by five-year age group and sex - indicators,I,ARG,Argentina,UNE_RATE,Unemployment rate,PT_LF_SUB,Percentage of labour force in the same subgroup,_T,Total,Y15T64,From 15 to 64 years,UNE,Unemployment,2019,,9.193,,A,Normal value,,,1,One
DATAFLOW,OECD.ELS.SAE:DSD_LFS@DF_LFS_INDIC(1.1),Employment and unemployment by five-year age group and sex - indicators,I,ARG,Argentina,UNE_RATE,Unemployment rate,PT_LF_SUB,Percentage of labour force in the same subgroup,_T,Total,Y15T64,From 15 to 64 years,UNE,Unemployment,2020,,11.253,,A,Normal value,,,1,One
DATAFLOW,OECD.ELS.SAE:DSD_LFS@DF_LFS_INDIC(1.1),Employment and unemployment by five-year age group and sex - indicators,I,ARG,Argentina,UNE_RATE,Unemployment rate,PT_LF_SUB,Percentage of labour force in the same subgroup,_T,Total,Y15T64,From 15 to 64 years,UNE,Unemployment,2022,,6.39,,A,Normal value,,,1,One
DATAFLOW,OECD.ELS.SAE:DSD_LFS@DF_LFS_INDIC(1.1),Employment and unemployment by five-year age group and sex - indicators,I,ARG,Argentina,UNE_RATE,Unemployment rate,PT_LF_SUB,Percentage of labour force in the same subgroup,_T,Total,_T,Total,UNE,Unemployment,2023,,5.73,,A,Normal value,,,1,One
DATAFLOW,OECD.ELS.SAE:DSD_LFS@DF_LFS_INDIC(1.1),Employment and unemployment by five-year age group and sex - indicators,I,PER,Peru,UNE_RATE,Unemployment rate,PT_LF_SUB,Percentage of labour force in the same subgroup,_T,Total,_T,Total,UNE,Unemployment,2023,,5.379,,A,Normal value,,,1,One
DATAFLOW,OECD.ELS.SAE:DSD_LFS@DF_LFS_INDIC(1.1),Employment and unemployment by five-year age group and sex - indicators,I,CAN,Canada,UNE_RATE,Unemployment rate,PT_LF_SUB,Percentage of labour force in the same subgroup,_T,Total,_T,Total,UNE,Unemployment,2023,,5.384,,,,,,1,One
DATAFLOW,OECD.ELS.SAE:DSD_LFS@DF_LFS_INDIC(1.1),Employment and unemployment by five-year age group and sex - indicators,I,BRA,Brazil,UNE_RATE,Unemployment rate,PT_LF_SUB,Percentage of labour force in the same subgroup,_T,Total,_T,Total,UNE,Unemployment,2023,,7.712,,,,,,1,One
DATAFLOW,OECD.ELS.SAE:DSD_LFS@DF_LFS_INDIC(1.1),Employment and unemployment by five-year age group and sex - indicators,I,BRA,Brazil,UNE_RATE,Unemployment rate,PT_LF_SUB,Percentage of labour force in the same subgroup,_T,Total,Y15T64,From 15 to 64 years,UNE,Unemployment,2023,,7.887,,,,,,1,One
DATAFLOW,OECD.ELS.SAE:DSD_LFS@DF_LFS_INDIC(1.1),Employment and unemployment by five-year age group and sex - indicators,I,CAN,Canada,UNE_RATE,Unemployment rate,PT_LF_SUB,Percentage of labour force in the same subgroup,_T,Total,Y15T64,From 15 to 64 years,UNE,Unemployment,2024,,6.453,,,,,,1,One
DATAFLOW,OECD.ELS.SAE:DSD_LFS@DF_LFS_INDIC(1.1),Employment and unemployment by five-year age group and sex - indicators,I,AUT,Austria,UNE_RATE,Unemployment rate,PT_LF_SUB,Percentage of labour force in the same subgroup,_T,Total,Y15T64,From 15 to 64 years,UNE,Unemployment,2023,,5.165,,,,,,1,One
DATAFLOW,OECD.ELS.SAE:DSD_LFS@DF_LFS_INDIC(1.1),Employment and unemployment by five-year age group and sex - indicators,I,AUT,Austria,UNE_RATE,Unemployment rate,PT_LF_SUB,Percentage of labour force in the same subgroup,_T,Total,_T,Total,UNE,Unemployment,2023,,5.095,,,,,,1,One
DATAFLOW,OECD.ELS.SAE:DSD_LFS@DF_LFS_INDIC(1.1),Employment and unemployment by five-year age group and sex - indicators,I,AUS,Australia,UNE_RATE,Unemployment rate,PT_LF_SUB,Percentage of labour force in the same subgroup,_T,Total,_T,Total,UNE,Unemployment,2023,,3.685,,,,,,1,One
DATAFLOW,OECD.ELS.SAE:DSD_LFS@DF_LFS_INDIC(1.1),Employment and unemployment by five-year age group and sex - indicators,I,AUS,Australia,UNE_RATE,Unemployment rate,PT_LF_SUB,Percentage of labour force in the same subgroup,_T,Total,Y15T64,From 15 to 64 years,UNE,Unemployment,2023,,3.775,,,,,,1,One
DATAFLOW,OECD.ELS.SAE:DSD_LFS@DF_LFS_INDIC(1.1),Employment and unemployment by five-year age group and sex - indicators,I,CAN,Canada,UNE_RATE,Unemployment rate,PT_LF_SUB,Percentage of labour force in the same subgroup,_T,Total,Y15T64,From 15 to 64 years,UNE,Unemployment,2023,,5.454,,,,,,1,One
DATAFLOW,OECD.ELS.SAE:DSD_LFS@DF_LFS_INDIC(1.1),Employment and unemployment by five-year age group and sex - indicators,I,BEL,Belgium,UNE_RATE,Unemployment rate,PT_LF_SUB,Percentage of labour force in the same subgroup,_T,Total,_T,Total,UNE,Unemployment,2023,,5.526,,,,,,1,One
DATAFLOW,OECD.ELS.SAE:DSD_LFS@DF_LFS_INDIC(1.1),Employment and unemployment by five-year age group and sex - indicators,I,BEL,Belgium,UNE_RATE,Unemployment rate,PT_LF_SUB,Percentage of labour force in the same subgroup,_T,Total,Y15T64,From 15 to 64 years,UNE,Unemployment,2023,,5.583,,,,,,1,One
DATAFLOW,OECD.ELS.SAE:DSD_LFS@DF_LFS_INDIC(1.1),Employment and unemployment by five-year age group and sex - indicators,I,BGR,Bulgaria,UNE_RATE,Unemployment rate,PT_LF_SUB,Percentage of labour force in the same subgroup,_T,Total,Y15T64,From 15 to 64 years,UNE,Unemployment,2023,,4.392,,,,,,1,One
DATAFLOW,OECD.ELS.SAE:DSD_LFS@DF_LFS_INDIC(1.1),Employment and unemployment by five-year age group and sex - indicators,I,BGR,Bulgaria,UNE_RATE,Unemployment rate,PT_LF_SUB,Percentage of labour force in the same subgroup,_T,Total,_T,Total,UNE,Unemployment,2023,,4.317,,,,,,1,One
DATAFLOW,OECD.ELS.SAE:DSD_LFS@DF_LFS_INDIC(1.1),Employment and unemployment by five-year age group and sex - indicators,I,AUS,Australia,UNE_RATE,Unemployment rate,PT_LF_SUB,Percentage of labour force in the same subgroup,_T,Total,Y15T64,From 15 to 64 years,UNE,Unemployment,2024,,4.118,,,,,,1,One
DATAFLOW,OECD.ELS.SAE:DSD_LFS@DF_LFS_INDIC(1.1),Employment and unemployment by five-year age group and sex - indicators,I,AUS,Australia,UNE_RATE,Unemployment rate,PT_LF_SUB,Percentage of labour force in the same subgroup,_T,Total,_T,Total,UNE,Unemployment,2024,,4.012,,,,,,1,One
DATAFLOW,OECD.ELS.SAE:DSD_LFS@DF_LFS_INDIC(1.1),Employment and unemployment by five-year age group and sex - indicators,I,BEL,Belgium,UNE_RATE,Unemployment rate,PT_LF_SUB,Percentage of labour force in the same subgroup,_T,Total,Y15T64,From 15 to 64 years,UNE,Unemployment,2024,,5.763,,,,,,1,One
DATAFLOW,OECD.ELS.SAE:DSD_LFS@DF_LFS_INDIC(1.1),Employment and unemployment by five-year age group and sex - indicators,I,BEL,Belgium,UNE_RATE,Unemployment rate,PT_LF_SUB,Percentage of labour force in the same subgroup,_T,Total,_T,Total,UNE,Unemployment,2024,,5.699,,,,,,1,One
DATAFLOW,OECD.ELS.SAE:DSD_LFS@DF_LFS_INDIC(1.1),Employment and unemployment by five-year age group and sex - indicators,I,AUT,Austria,UNE_RATE,Unemployment rate,PT_LF_SUB,Percentage of labour force in the same subgroup,_T,Total,_T,Total,UNE,Unemployment,2024,,5.16,,,,,,1,One
DATAFLOW,OECD.ELS.SAE:DSD_LFS@DF_LFS_INDIC(1.1),Employment and unemployment by five-year age group and sex - indicators,I,AUT,Austria,UNE_RATE,Unemployment rate,PT_LF_SUB,Percentage of labour force in the same subgroup,_T,Total,Y15T64,From 15 to 64 years,UNE,Unemployment,2024,,5.223,,,,,,1,One
DATAFLOW,OECD.ELS.SAE:DSD_LFS@DF_LFS_INDIC(1.1),Employment and unemployment by five-year age group and sex - indicators,I,CAN,Canada,UNE_RATE,Unemployment rate,PT_LF_SUB,Percentage of labour force in the same subgroup,_T,Total,_T,Total,UNE,Unemployment,2024,,6.344,,,,,,1,One
DATAFLOW,OECD.ELS.SAE:DSD_LFS@DF_LFS_INDIC(1.1),Employment and unemployment by five-year age group and sex - indicators,I,BGR,Bulgaria,UNE_RATE,Unemployment rate,PT_LF_SUB,Percentage of labour force in the same subgroup,_T,Total,_T,Total,UNE,Unemployment,2024,,4.16,,,,,,1,One
DATAFLOW,OECD.ELS.SAE:DSD_LFS@DF_LFS_INDIC(1.1),Employment and unemployment by five-year age group and sex - indicators,I,BGR,Bulgaria,UNE_RATE,Unemployment rate,PT_LF_SUB,Percentage of labour force in the same subgroup,_T,Total,Y15T64,From 15 to 64 years,UNE,Unemployment,2024,,4.233,,,,,,1,One
DATAFLOW,OECD.ELS.SAE:DSD_LFS@DF_LFS_INDIC(1.1),Employment and unemployment by five-year age group and sex - indicators,I,AUT,Austria,UNE_RATE,Unemployment rate,PT_LF_SUB,Percentage of labour force in the same subgroup,_T,Total,Y15T64,From 15 to 64 years,UNE,Unemployment,2025,,5.736,,,,,,1,One
DATAFLOW,OECD.ELS.SAE:DSD_LFS@DF_LFS_INDIC(1.1),Employment and unemployment by five-year age group and sex - indicators,I,AUT,Austria,UNE_RATE,Unemployment rate,PT_LF_SUB,Percentage of labour force in the same subgroup,_T,Total,_T,Total,UNE,Unemployment,2025,,5.65,,,,,,1,One
DATAFLOW,OECD.ELS.SAE:DSD_LFS@DF_LFS_INDIC(1.1),Employment and unemployment by five-year age group and sex - indicators,I,CAN,Canada,UNE_RATE,Unemployment rate,PT_LF_SUB,Percentage of labour force in the same subgroup,_T,Total,_T,Total,UNE,Unemployment,2025,,6.814,,,,,,1,One
DATAFLOW,OECD.ELS.SAE:DSD_LFS@DF_LFS_INDIC(1.1),Employment and unemployment by five-year age group and sex - indicators,I,CAN,Canada,UNE_RATE,Unemployment rate,PT_LF_SUB,Percentage of labour force in the same subgroup,_T,Total,Y15T64,From 15 to 64 years,UNE,Unemployment,2025,,6.961,,,,,,1,One
DATAFLOW,OECD.ELS.SAE:DSD_LFS@DF_LFS_INDIC(1.1),Employment and unemployment by five-year age group and sex - indicators,I,AUS,Australia,UNE_RATE,Unemployment rate,PT_LF_SUB,Percentage of labour force in the same subgroup,_T,Total,_T,Total,UNE,Unemployment,2025,,4.196,,,,,,1,One
DATAFLOW,OECD.ELS.SAE:DSD_LFS@DF_LFS_INDIC(1.1),Employment and unemployment by five-year age group and sex - indicators,I,AUS,Australia,UNE_RATE,Unemployment rate,PT_LF_SUB,Percentage of labour force in the same subgroup,_T,Total,Y15T64,From 15 to 64 years,UNE,Unemployment,2025,,4.295,,,,,,1,One
DATAFLOW,OECD.ELS.SAE:DSD_LFS@DF_LFS_INDIC(1.1),Employment and unemployment by five-year age group and sex - indicators,I,BGR,Bulgaria,UNE_RATE,Unemployment rate,PT_LF_SUB,Percentage of labour force in the same subgroup,_T,Total,Y15T64,From 15 to 64 years,UNE,Unemployment,2025,,3.583,,,,,,1,One
DATAFLOW,OECD.ELS.SAE:DSD_LFS@DF_LFS_INDIC(1.1),Employment and unemployment by five-year age group and sex - indicators,I,BGR,Bulgaria,UNE_RATE,Unemployment rate,PT_LF_SUB,Percentage of labour force in the same subgroup,_T,Total,_T,Total,UNE,Unemployment,2025,,3.515,,,,,,1,One
DATAFLOW,OECD.ELS.SAE:DSD_LFS@DF_LFS_INDIC(1.1),Employment and unemployment by five-year age group and sex - indicators,I,BEL,Belgium,UNE_RATE,Unemployment rate,PT_LF_SUB,Percentage of labour force in the same subgroup,_T,Total,Y15T64,From 15 to 64 years,UNE,Unemployment,2025,,6.246,,,,,,1,One
