STRUCTURE,STRUCTURE_ID,STRUCTURE_NAME,ACTION,REF_AREA,Reference area,MEASURE,Measure,PROGRAMME,Programme,UNIT_MEASURE,Unit of measure,TIME_PERIOD,Time period,OBS_VALUE,Observation value,DECIMALS,Decimals,OBS_STATUS,Observation status,UNIT_MULT,Unit multiplier,CONF_STATUS,Confidentiality status
DATAFLOW,OECD.ELS.JAI:DSD_LMP@DF_LMP(1.0),Labour Market Programmes,I,ISR,Israel,EXP,Public expenditure,LMP_10,Public employment services and administration,PT_B1GQ,Percentage of GDP,2004,,0,,3,Three,A,Normal value,0,Units,F,Free (free for publication)
DATAFLOW,OECD.ELS.JAI:DSD_LMP@DF_LMP(1.0),Labour Market Programmes,I,ISL,Iceland,EXP,Public expenditure,LMP_10,Public employment services and administration,PT_B1GQ,Percentage of GDP,2018,,0,,3,Three,A,Normal value,0,Units,F,Free (free for publication)
DATAFLOW,OECD.ELS.JAI:DSD_LMP@DF_LMP(1.0),Labour Market Programmes,I,ISL,Iceland,EXP,Public expenditure,LMP_10,Public employment services and administration,PT_B1GQ,Percentage of GDP,2019,,0,,3,Three,A,Normal value,0,Units,F,Free (free for publication)
DATAFLOW,OECD.ELS.JAI:DSD_LMP@DF_LMP(1.0),Labour Market Programmes,I,ISL,Iceland,EXP,Public expenditure,LMP_10,Public employment services and administration,PT_B1GQ,Percentage of GDP,2020,,0,,3,Three,A,Normal value,0,Units,F,Free (free for publication)
DATAFLOW,OECD.ELS.JAI:DSD_LMP@DF_LMP(1.0),Labour Market Programmes,I,ISL,Iceland,EXP,Public expenditure,LMP_10,Public employment services and administration,PT_B1GQ,Percentage of GDP,2021,,0,,3,Three,A,Normal value,0,Units,F,Free (free for publication)
DATAFLOW,OECD.ELS.JAI:DSD_LMP@DF_LMP(1.0),Labour Market Programmes,I,ISL,Iceland,EXP,Public expenditure,LMP_10,Public employment services and administration,PT_B1GQ,Percentage of GDP,2022,,0,,3,Three,A,Normal value,0,Units,F,Free (free for publication)
DATAFLOW,OECD.ELS.JAI:DSD_LMP@DF_LMP(1.0),Labour Market Programmes,I,ISL,Iceland,EXP,Public expenditure,LMP_10,Public employment services and administration,PT_B1GQ,Percentage of GDP,2024,,0,,3,Three,A,Normal value,0,Units,F,Free (free for publication)
DATAFLOW,OECD.ELS.JAI:DSD_LMP@DF_LMP(1.0),Labour Market Programmes,I,ISL,Iceland,EXP,Public expenditure,LMP_10,Public employment services and administration,PT_B1GQ,Percentage of GDP,2023,,0,,3,Three,A,Normal value,0,Units,F,Free (free for publication)
DATAFLOW,OECD.ELS.JAI:DSD_LMP@DF_LMP(1.0),Labour Market Programmes,I,GRC,Greece,EXP,Public expenditure,LMP_10,Public employment services and administration,PT_B1GQ,Percentage of GDP,2022,,0.006,,3,Three,A,Normal value,0,Units,F,Free (free for publication)
DATAFLOW,OECD.ELS.JAI:DSD_LMP@DF_LMP(1.0),Labour Market Programmes,I,AUS,Australia,EXP,Public expenditure,LMP_10,Public employment services and administration,PT_B1GQ,Percentage of GDP,2023,,0.143,,3,Three,A,Normal value,0,Units,F,Free (free for publication)
DATAFLOW,OECD.ELS.JAI:DSD_LMP@DF_LMP(1.0),Labour Market Programmes,I,GRC,Greece,EXP,Public expenditure,LMP_10,Public employment services and administration,PT_B1GQ,Percentage of GDP,2023,,0.008,,3,Three,A,Normal value,0,Units,F,Free (free for publication)
DATAFLOW,OECD.ELS.JAI:DSD_LMP@DF_LMP(1.0),Labour Market Programmes,I,OECD,OECD,EXP,Public expenditure,LMP_10,Public employment services and administration,PT_B1GQ,Percentage of GDP,2023,,0.103,,3,Three,A,Normal value,0,Units,F,Free (free for publication)
DATAFLOW,OECD.ELS.JAI:DSD_LMP@DF_LMP(1.0),Labour Market Programmes,I,AUS,Australia,EXP,Public expenditure,LMP_10,Public employment services and administration,PT_B1GQ,Percentage of GDP,2024,,0.143,,3,Three,A,Normal value,0,Units,F,Free (free for publication)
DATAFLOW,OECD.ELS.JAI:DSD_LMP@DF_LMP(1.0),Labour Market Programmes,I,CHL,Chile,EXP,Public expenditure,LMP_10,Public employment services and administration,PT_B1GQ,Percentage of GDP,2024,,0.027,,3,Three,A,Normal value,0,Units,F,Free (free for publication)
DATAFLOW,OECD.ELS.JAI:DSD_LMP@DF_LMP(1.0),Labour Market Programmes,I,GRC,Greece,EXP,Public expenditure,LMP_10,Public employment services and administration,PT_B1GQ,Percentage of GDP,2024,,0.007,,3,Three,A,Normal value,0,Units,F,Free (free for publication)
DATAFLOW,OECD.ELS.JAI:DSD_LMP@DF_LMP(1.0),Labour Market Programmes,I,USA,United States,EXP,Public expenditure,LMP_10,Public employment services and administration,PT_B1GQ,Percentage of GDP,2024,,0.014,,3,Three,A,Normal value,0,Units,F,Free (free for publication)
DATAFLOW,OECD.ELS.JAI:DSD_LMP@DF_LMP(1.0),Labour Market Programmes,I,OECD,OECD,EXP,Public expenditure,LMP_10,Public employment services and administration,PT_B1GQ,Percentage of GDP,2024,,0.104,,3,Three,A,Normal value,0,Units,F,Free (free for publication)
DATAFLOW,OECD.ELS.JAI:DSD_LMP@DF_LMP(1.0),Labour Market Programmes,I,AUS,Australia,EXP,Public expenditure,LMP_10,Public employment services and administration,PT_B1GQ,Percentage of GDP,2016,,0.156,,3,Three,A,Normal value,0,Units,F,Free (free for publication)
DATAFLOW,OECD.ELS.JAI:DSD_LMP@DF_LMP(1.0),Labour Market Programmes,I,EST,Estonia,EXP,Public expenditure,LMP_10,Public employment services and administration,PT_B1GQ,Percentage of GDP,2011,,0.086,,3,Three,A,Normal value,0,Units,F,Free (free for publication)
DATAFLOW,OECD.ELS.JAI:DSD_LMP@DF_LMP(1.0),Labour Market Programmes,I,EST,Estonia,EXP,Public expenditure,LMP_10,Public employment services and administration,PT_B1GQ,Percentage of GDP,2012,,0.101,,3,Three,A,Normal value,0,Units,F,Free (free for publication)
DATAFLOW,OECD.ELS.JAI:DSD_LMP@DF_LMP(1.0),Labour Market Programmes,I,EST,Estonia,EXP,Public expenditure,LMP_10,Public employment services and administration,PT_B1GQ,Percentage of GDP,2013,,0.097,,3,Three,A,Normal value,0,Units,F,Free (free for publication)
DATAFLOW,OECD.ELS.JAI:DSD_LMP@DF_LMP(1.0),Labour Market Programmes,I,EST,Estonia,EXP,Public expenditure,LMP_10,Public employment services and administration,PT_B1GQ,Percentage of GDP,2015,,0.111,,3,Three,A,Normal value,0,Units,F,Free (free for publication)
DATAFLOW,OECD.ELS.JAI:DSD_LMP@DF_LMP(1.0),Labour Market Programmes,I,EST,Estonia,EXP,Public expenditure,LMP_10,Public employment services and administration,PT_B1GQ,Percentage of GDP,2016,,0.123,,3,Three,A,Normal value,0,Units,F,Free (free for publication)
DATAFLOW,OECD.ELS.JAI:DSD_LMP@DF_LMP(1.0),Labour Market Programmes,I,EST,Estonia,EXP,Public expenditure,LMP_10,Public employment services and administration,PT_B1GQ,Percentage of GDP,2017,,0.134,,3,Three,A,Normal value,0,Units,F,Free (free for publication)
DATAFLOW,OECD.ELS.JAI:DSD_LMP@DF_LMP(1.0),Labour Market Programmes,I,EST,Estonia,EXP,Public expenditure,LMP_10,Public employment services and administration,PT_B1GQ,Percentage of GDP,2018,,0.136,,3,Three,A,Normal value,0,Units,F,Free (free for publication)
DATAFLOW,OECD.ELS.JAI:DSD_LMP@DF_LMP(1.0),Labour Market Programmes,I,ITA,Italy,EXP,Public expenditure,LMP_10,Public employment services and administration,PT_B1GQ,Percentage of GDP,2018,,0.063,,3,Three,A,Normal value,0,Units,F,Free (free for publication)
DATAFLOW,OECD.ELS.JAI:DSD_LMP@DF_LMP(1.0),Labour Market Programmes,I,FRA,France,EXP,Public expenditure,LMP_10,Public employment services and administration,PT_B1GQ,Percentage of GDP,2016,,0.244,,3,Three,A,Normal value,0,Units,F,Free (free for publication)
DATAFLOW,OECD.ELS.JAI:DSD_LMP@DF_LMP(1.0),Labour Market Programmes,I,AUS,Australia,EXP,Public expenditure,LMP_10,Public employment services and administration,PT_B1GQ,Percentage of GDP,2019,,0.17,,3,Three,A,Normal value,0,Units,F,Free (free for publication)
DATAFLOW,OECD.ELS.JAI:DSD_LMP@DF_LMP(1.0),Labour Market Programmes,I,EST,Estonia,EXP,Public expenditure,LMP_10,Public employment services and administration,PT_B1GQ,Percentage of GDP,2019,,0.143,,3,Three,A,Normal value,0,Units,F,Free (free for publication)
DATAFLOW,OECD.ELS.JAI:DSD_LMP@DF_LMP(1.0),Labour Market Programmes,I,ITA,Italy,EXP,Public expenditure,LMP_10,Public employment services and administration,PT_B1GQ,Percentage of GDP,2019,,0.067,,3,Three,A,Normal value,0,Units,F,Free (free for publication)
DATAFLOW,OECD.ELS.JAI:DSD_LMP@DF_LMP(1.0),Labour Market Programmes,I,USA,United States,EXP,Public expenditure,LMP_10,Public employment services and administration,PT_B1GQ,Percentage of GDP,2019,,0.024,,3,Three,A,Normal value,0,Units,F,Free (free for publication)
DATAFLOW,OECD.ELS.JAI:DSD_LMP@DF_LMP(1.0),Labour Market Programmes,I,OECD,OECD,EXP,Public expenditure,LMP_10,Public employment services and administration,PT_B1GQ,Percentage of GDP,2019,,0.1,,3,Three,A,Normal value,0,Units,F,Free (free for publication)
DATAFLOW,OECD.ELS.JAI:DSD_LMP@DF_LMP(1.0),Labour Market Programmes,I,AUS,Australia,EXP,Public expenditure,LMP_10,Public employment services and administration,PT_B1GQ,Percentage of GDP,2020,,0.209,,3,Three,A,Normal value,0,Units,F,Free (free for publication)
DATAFLOW,OECD.ELS.JAI:DSD_LMP@DF_LMP(1.0),Labour Market Programmes,I,CHL,Chile,EXP,Public expenditure,LMP_10,Public employment services and administration,PT_B1GQ,Percentage of GDP,2020,,0.035,,3,Three,A,Normal value,0,Units,F,Free (free for publication)
DATAFLOW,OECD.ELS.JAI:DSD_LMP@DF_LMP(1.0),Labour Market Programmes,I,CAN,Canada,EXP,Public expenditure,LMP_10,Public employment services and administration,PT_B1GQ,Percentage of GDP,2021,,0.112,,3,Three,A,Normal value,0,Units,F,Free (free for publication)
DATAFLOW,OECD.ELS.JAI:DSD_LMP@DF_LMP(1.0),Labour Market Programmes,I,EST,Estonia,EXP,Public expenditure,LMP_10,Public employment services and administration,PT_B1GQ,Percentage of GDP,2021,,0.148,,3,Three,A,Normal value,0,Units,F,Free (free for publication)
DATAFLOW,OECD.ELS.JAI:DSD_LMP@DF_LMP(1.0),Labour Market Programmes,I,IRL,Ireland,EXP,Public expenditure,LMP_10,Public employment services and administration,PT_B1GQ,Percentage of GDP,2021,,0.05,,3,Three,A,Normal value,0,Units,F,Free (free for publication)
DATAFLOW,OECD.ELS.JAI:DSD_LMP@DF_LMP(1.0),Labour Market Programmes,I,CAN,Canada,EXP,Public expenditure,LMP_10,Public employment services and administration,PT_B1GQ,Percentage of GDP,2022,,0.112,,3,Three,A,Normal value,0,Units,F,Free (free for publication)
DATAFLOW,OECD.ELS.JAI:DSD_LMP@DF_LMP(1.0),Labour Market Programmes,I,BEL,Belgium,EXP,Public expenditure,LMP_10,Public employment services and administration,PT_B1GQ,Percentage of GDP,2021,,0.216,,3,Three,A,Normal value,0,Units,F,Free (free for publication)
DATAFLOW,OECD.ELS.JAI:DSD_LMP@DF_LMP(1.0),Labour Market Programmes,I,AUT,Austria,EXP,Public expenditure,LMP_10,Public employment services and administration,PT_B1GQ,Percentage of GDP,2023,,0.202,,3,Three,A,Normal value,0,Units,F,Free (free for publication)
DATAFLOW,OECD.ELS.JAI:DSD_LMP@DF_LMP(1.0),Labour Market Programmes,I,CRI,Costa Rica,EXP,Public expenditure,LMP_10,Public employment services and administration,PT_B1GQ,Percentage of GDP,2023,,0.003,,3,Three,A,Normal value,0,Units,F,Free (free for publication)
DATAFLOW,OECD.ELS.JAI:DSD_LMP@DF_LMP(1.0),Labour Market Programmes,I,EST,Estonia,EXP,Public expenditure,LMP_10,Public employment services and administration,PT_B1GQ,Percentage of GDP,2023,,0.149,,3,Three,A,Normal value,0,Units,F,Free (free for publication)
DATAFLOW,OECD.ELS.JAI:DSD_LMP@DF_LMP(1.0),Labour Market Programmes,I,HUN,Hungary,EXP,Public expenditure,LMP_10,Public employment services and administration,PT_B1GQ,Percentage of GDP,2023,,0.035,,3,Three,A,Normal value,0,Units,F,Free (free for publication)
DATAFLOW,OECD.ELS.JAI:DSD_LMP@DF_LMP(1.0),Labour Market Programmes,I,MEX,Mexico,EXP,Public expenditure,LMP_10,Public employment services and administration,PT_B1GQ,Percentage of GDP,2023,,0.001,,3,Three,A,Normal value,0,Units,F,Free (free for publication)
DATAFLOW,OECD.ELS.JAI:DSD_LMP@DF_LMP(1.0),Labour Market Programmes,I,SVK,Slovak Republic,EXP,Public expenditure,LMP_10,Public employment services and administration,PT_B1GQ,Percentage of GDP,2023,,0.023,,3,Three,A,Normal value,0,Units,F,Free (free for publication)
DATAFLOW,OECD.ELS.JAI:DSD_LMP@DF_LMP(1.0),Labour Market Programmes,I,FRA,France,EXP,Public expenditure,LMP_10,Public employment services and administration,PT_B1GQ,Percentage of GDP,2007,,0.23,,3,Three,A,Normal value,0,Units,F,Free (free for publication)
DATAFLOW,OECD.ELS.JAI:DSD_LMP@DF_LMP(1.0),Labour Market Programmes,I,FRA,France,EXP,Public expenditure,LMP_10,Public employment services and administration,PT_B1GQ,Percentage of GDP,2011,,0.266,,3,Three,A,Normal value,0,Units,F,Free (free for publication)
DATAFLOW,OECD.ELS.JAI:DSD_LMP@DF_LMP(1.0),Labour Market Programmes,I,FRA,France,EXP,Public expenditure,LMP_10,Public employment services and administration,PT_B1GQ,Percentage of GDP,2014,,0.27,,3,Three,A,Normal value,0,Units,F,Free (free for publication)
DATAFLOW,OECD.ELS.JAI:DSD_LMP@DF_LMP(1.0),Labour Market Programmes,I,IRL,Ireland,EXP,Public expenditure,LMP_10,Public employment services and administration,PT_B1GQ,Percentage of GDP,2011,,0.162,,3,Three,A,Normal value,0,Units,F,Free (free for publication)
DATAFLOW,OECD.ELS.JAI:DSD_LMP@DF_LMP(1.0),Labour Market Programmes,I,IRL,Ireland,EXP,Public expenditure,LMP_10,Public employment services and administration,PT_B1GQ,Percentage of GDP,2012,,0.165,,3,Three,A,Normal value,0,Units,F,Free (free for publication)
DATAFLOW,OECD.ELS.JAI:DSD_LMP@DF_LMP(1.0),Labour Market Programmes,I,IRL,Ireland,EXP,Public expenditure,LMP_10,Public employment services and administration,PT_B1GQ,Percentage of GDP,2014,,0.118,,3,Three,A,Normal value,0,Units,F,Free (free for publication)
DATAFLOW,OECD.ELS.JAI:DSD_LMP@DF_LMP(1.0),Labour Market Programmes,I,IRL,Ireland,EXP,Public expenditure,LMP_10,Public employment services and administration,PT_B1GQ,Percentage of GDP,2015,,0.086,,3,Three,A,Normal value,0,Units,F,Free (free for publication)
DATAFLOW,OECD.ELS.JAI:DSD_LMP@DF_LMP(1.0),Labour Market Programmes,I,IRL,Ireland,EXP,Public expenditure,LMP_10,Public employment services and administration,PT_B1GQ,Percentage of GDP,2016,,0.078,,3,Three,A,Normal value,0,Units,F,Free (free for publication)
DATAFLOW,OECD.ELS.JAI:DSD_LMP@DF_LMP(1.0),Labour Market Programmes,I,AUS,Australia,EXP,Public expenditure,LMP_10,Public employment services and administration,PT_B1GQ,Percentage of GDP,2006,,0.187,,3,Three,A,Normal value,0,Units,F,Free (free for publication)
DATAFLOW,OECD.ELS.JAI:DSD_LMP@DF_LMP(1.0),Labour Market Programmes,I,AUS,Australia,EXP,Public expenditure,LMP_10,Public employment services and administration,PT_B1GQ,Percentage of GDP,2011,,0.171,,3,Three,A,Normal value,0,Units,F,Free (free for publication)
DATAFLOW,OECD.ELS.JAI:DSD_LMP@DF_LMP(1.0),Labour Market Programmes,I,AUS,Australia,EXP,Public expenditure,LMP_10,Public employment services and administration,PT_B1GQ,Percentage of GDP,2012,,0.158,,3,Three,A,Normal value,0,Units,F,Free (free for publication)
DATAFLOW,OECD.ELS.JAI:DSD_LMP@DF_LMP(1.0),Labour Market Programmes,I,CAN,Canada,EXP,Public expenditure,LMP_10,Public employment services and administration,PT_B1GQ,Percentage of GDP,2004,,0.178,,3,Three,A,Normal value,0,Units,F,Free (free for publication)
DATAFLOW,OECD.ELS.JAI:DSD_LMP@DF_LMP(1.0),Labour Market Programmes,I,CAN,Canada,EXP,Public expenditure,LMP_10,Public employment services and administration,PT_B1GQ,Percentage of GDP,2009,,0.134,,3,Three,A,Normal value,0,Units,F,Free (free for publication)
DATAFLOW,OECD.ELS.JAI:DSD_LMP@DF_LMP(1.0),Labour Market Programmes,I,CAN,Canada,EXP,Public expenditure,LMP_10,Public employment services and administration,PT_B1GQ,Percentage of GDP,2020,,0.135,,3,Three,A,Normal value,0,Units,F,Free (free for publication)
DATAFLOW,OECD.ELS.JAI:DSD_LMP@DF_LMP(1.0),Labour Market Programmes,I,CHL,Chile,EXP,Public expenditure,LMP_10,Public employment services and administration,PT_B1GQ,Percentage of GDP,2005,,0.012,,3,Three,A,Normal value,0,Units,F,Free (free for publication)
DATAFLOW,OECD.ELS.JAI:DSD_LMP@DF_LMP(1.0),Labour Market Programmes,I,MEX,Mexico,EXP,Public expenditure,LMP_10,Public employment services and administration,PT_B1GQ,Percentage of GDP,2007,,0.001,,3,Three,A,Normal value,0,Units,F,Free (free for publication)
DATAFLOW,OECD.ELS.JAI:DSD_LMP@DF_LMP(1.0),Labour Market Programmes,I,PRT,Portugal,EXP,Public expenditure,LMP_10,Public employment services and administration,PT_B1GQ,Percentage of GDP,2021,,0.119,,3,Three,A,Normal value,0,Units,F,Free (free for publication)
DATAFLOW,OECD.ELS.JAI:DSD_LMP@DF_LMP(1.0),Labour Market Programmes,I,CZE,Czechia,EXP,Public expenditure,LMP_10,Public employment services and administration,PT_B1GQ,Percentage of GDP,2008,,0.111,,3,Three,A,Normal value,0,Units,F,Free (free for publication)
DATAFLOW,OECD.ELS.JAI:DSD_LMP@DF_LMP(1.0),Labour Market Programmes,I,CZE,Czechia,EXP,Public expenditure,LMP_10,Public employment services and administration,PT_B1GQ,Percentage of GDP,2016,,0.112,,3,Three,A,Normal value,0,Units,F,Free (free for publication)
DATAFLOW,OECD.ELS.JAI:DSD_LMP@DF_LMP(1.0),Labour Market Programmes,I,CZE,Czechia,EXP,Public expenditure,LMP_10,Public employment services and administration,PT_B1GQ,Percentage of GDP,2017,,0.112,,3,Three,A,Normal value,0,Units,F,Free (free for publication)
DATAFLOW,OECD.ELS.JAI:DSD_LMP@DF_LMP(1.0),Labour Market Programmes,I,CZE,Czechia,EXP,Public expenditure,LMP_10,Public employment services and administration,PT_B1GQ,Percentage of GDP,2019,,0.114,,3,Three,A,Normal value,0,Units,F,Free (free for publication)
DATAFLOW,OECD.ELS.JAI:DSD_LMP@DF_LMP(1.0),Labour Market Programmes,I,CZE,Czechia,EXP,Public expenditure,LMP_10,Public employment services and administration,PT_B1GQ,Percentage of GDP,2021,,0.111,,3,Three,A,Normal value,0,Units,F,Free (free for publication)
DATAFLOW,OECD.ELS.JAI:DSD_LMP@DF_LMP(1.0),Labour Market Programmes,I,SWE,Sweden,EXP,Public expenditure,LMP_10,Public employment services and administration,PT_B1GQ,Percentage of GDP,2005,,0.207,,3,Three,A,Normal value,0,Units,F,Free (free for publication)
DATAFLOW,OECD.ELS.JAI:DSD_LMP@DF_LMP(1.0),Labour Market Programmes,I,SWE,Sweden,EXP,Public expenditure,LMP_10,Public employment services and administration,PT_B1GQ,Percentage of GDP,2008,,0.193,,3,Three,A,Normal value,0,Units,F,Free (free for publication)
DATAFLOW,OECD.ELS.JAI:DSD_LMP@DF_LMP(1.0),Labour Market Programmes,I,SWE,Sweden,EXP,Public expenditure,LMP_10,Public employment services and administration,PT_B1GQ,Percentage of GDP,2017,,0.28,,3,Three,A,Normal value,0,Units,F,Free (free for publication)
DATAFLOW,OECD.ELS.JAI:DSD_LMP@DF_LMP(1.0),Labour Market Programmes,I,DNK,Denmark,EXP,Public expenditure,LMP_10,Public employment services and administration,PT_B1GQ,Percentage of GDP,2004,,0.325,,3,Three,A,Normal value,0,Units,F,Free (free for publication)
DATAFLOW,OECD.ELS.JAI:DSD_LMP@DF_LMP(1.0),Labour Market Programmes,I,DNK,Denmark,EXP,Public expenditure,LMP_10,Public employment services and administration,PT_B1GQ,Percentage of GDP,2005,,0.306,,3,Three,A,Normal value,0,Units,F,Free (free for publication)
DATAFLOW,OECD.ELS.JAI:DSD_LMP@DF_LMP(1.0),Labour Market Programmes,I,DNK,Denmark,EXP,Public expenditure,LMP_10,Public employment services and administration,PT_B1GQ,Percentage of GDP,2006,,0.291,,3,Three,A,Normal value,0,Units,F,Free (free for publication)
DATAFLOW,OECD.ELS.JAI:DSD_LMP@DF_LMP(1.0),Labour Market Programmes,I,DNK,Denmark,EXP,Public expenditure,LMP_10,Public employment services and administration,PT_B1GQ,Percentage of GDP,2008,,0.278,,3,Three,A,Normal value,0,Units,F,Free (free for publication)
DATAFLOW,OECD.ELS.JAI:DSD_LMP@DF_LMP(1.0),Labour Market Programmes,I,DNK,Denmark,EXP,Public expenditure,LMP_10,Public employment services and administration,PT_B1GQ,Percentage of GDP,2009,,0.315,,3,Three,A,Normal value,0,Units,F,Free (free for publication)
DATAFLOW,OECD.ELS.JAI:DSD_LMP@DF_LMP(1.0),Labour Market Programmes,I,DNK,Denmark,EXP,Public expenditure,LMP_10,Public employment services and administration,PT_B1GQ,Percentage of GDP,2013,,0.377,,3,Three,A,Normal value,0,Units,F,Free (free for publication)
DATAFLOW,OECD.ELS.JAI:DSD_LMP@DF_LMP(1.0),Labour Market Programmes,I,DNK,Denmark,EXP,Public expenditure,LMP_10,Public employment services and administration,PT_B1GQ,Percentage of GDP,2016,,0.404,,3,Three,A,Normal value,0,Units,F,Free (free for publication)
DATAFLOW,OECD.ELS.JAI:DSD_LMP@DF_LMP(1.0),Labour Market Programmes,I,DNK,Denmark,EXP,Public expenditure,LMP_10,Public employment services and administration,PT_B1GQ,Percentage of GDP,2018,,0.381,,3,Three,A,Normal value,0,Units,F,Free (free for publication)
DATAFLOW,OECD.ELS.JAI:DSD_LMP@DF_LMP(1.0),Labour Market Programmes,I,DNK,Denmark,EXP,Public expenditure,LMP_10,Public employment services and administration,PT_B1GQ,Percentage of GDP,2019,,0.377,,3,Three,A,Normal value,0,Units,F,Free (free for publication)
DATAFLOW,OECD.ELS.JAI:DSD_LMP@DF_LMP(1.0),Labour Market Programmes,I,NLD,Netherlands,EXP,Public expenditure,LMP_10,Public employment services and administration,PT_B1GQ,Percentage of GDP,2004,,0.384,,3,Three,A,Normal value,0,Units,F,Free (free for publication)
DATAFLOW,OECD.ELS.JAI:DSD_LMP@DF_LMP(1.0),Labour Market Programmes,I,NLD,Netherlands,EXP,Public expenditure,LMP_10,Public employment services and administration,PT_B1GQ,Percentage of GDP,2005,,0.36,,3,Three,A,Normal value,0,Units,F,Free (free for publication)
DATAFLOW,OECD.ELS.JAI:DSD_LMP@DF_LMP(1.0),Labour Market Programmes,I,NLD,Netherlands,EXP,Public expenditure,LMP_10,Public employment services and administration,PT_B1GQ,Percentage of GDP,2007,,0.31,,3,Three,A,Normal value,0,Units,F,Free (free for publication)
DATAFLOW,OECD.ELS.JAI:DSD_LMP@DF_LMP(1.0),Labour Market Programmes,I,NLD,Netherlands,EXP,Public expenditure,LMP_10,Public employment services and administration,PT_B1GQ,Percentage of GDP,2010,,0.358,,3,Three,A,Normal value,0,Units,F,Free (free for publication)
DATAFLOW,OECD.ELS.JAI:DSD_LMP@DF_LMP(1.0),Labour Market Programmes,I,NLD,Netherlands,EXP,Public expenditure,LMP_10,Public employment services and administration,PT_B1GQ,Percentage of GDP,2011,,0.34,,3,Three,A,Normal value,0,Units,F,Free (free for publication)
DATAFLOW,OECD.ELS.JAI:DSD_LMP@DF_LMP(1.0),Labour Market Programmes,I,NLD,Netherlands,EXP,Public expenditure,LMP_10,Public employment services and administration,PT_B1GQ,Percentage of GDP,2017,,0.215,,3,Three,A,Normal value,0,Units,F,Free (free for publication)
DATAFLOW,OECD.ELS.JAI:DSD_LMP@DF_LMP(1.0),Labour Market Programmes,I,NLD,Netherlands,EXP,Public expenditure,LMP_10,Public employment services and administration,PT_B1GQ,Percentage of GDP,2019,,0.177,,3,Three,A,Normal value,0,Units,F,Free (free for publication)
DATAFLOW,OECD.ELS.JAI:DSD_LMP@DF_LMP(1.0),Labour Market Programmes,I,HRV,Croatia,EXP,Public expenditure,LMP_10,Public employment services and administration,PT_B1GQ,Percentage of GDP,2014,,0.054,,3,Three,A,Normal value,0,Units,F,Free (free for publication)
DATAFLOW,OECD.ELS.JAI:DSD_LMP@DF_LMP(1.0),Labour Market Programmes,I,HRV,Croatia,EXP,Public expenditure,LMP_10,Public employment services and administration,PT_B1GQ,Percentage of GDP,2015,,0.057,,3,Three,A,Normal value,0,Units,F,Free (free for publication)
DATAFLOW,OECD.ELS.JAI:DSD_LMP@DF_LMP(1.0),Labour Market Programmes,I,HRV,Croatia,EXP,Public expenditure,LMP_10,Public employment services and administration,PT_B1GQ,Percentage of GDP,2018,,0.059,,3,Three,A,Normal value,0,Units,F,Free (free for publication)
DATAFLOW,OECD.ELS.JAI:DSD_LMP@DF_LMP(1.0),Labour Market Programmes,I,HRV,Croatia,EXP,Public expenditure,LMP_10,Public employment services and administration,PT_B1GQ,Percentage of GDP,2019,,0.063,,3,Three,A,Normal value,0,Units,F,Free (free for publication)
DATAFLOW,OECD.ELS.JAI:DSD_LMP@DF_LMP(1.0),Labour Market Programmes,I,HRV,Croatia,EXP,Public expenditure,LMP_10,Public employment services and administration,PT_B1GQ,Percentage of GDP,2020,,0.07,,3,Three,A,Normal value,0,Units,F,Free (free for publication)
DATAFLOW,OECD.ELS.JAI:DSD_LMP@DF_LMP(1.0),Labour Market Programmes,I,BGR,Bulgaria,EXP,Public expenditure,LMP_10,Public employment services and administration,PT_B1GQ,Percentage of GDP,2007,,0.048,,3,Three,A,Normal value,0,Units,F,Free (free for publication)
DATAFLOW,OECD.ELS.JAI:DSD_LMP@DF_LMP(1.0),Labour Market Programmes,I,BGR,Bulgaria,EXP,Public expenditure,LMP_10,Public employment services and administration,PT_B1GQ,Percentage of GDP,2009,,0.041,,3,Three,A,Normal value,0,Units,F,Free (free for publication)
DATAFLOW,OECD.ELS.JAI:DSD_LMP@DF_LMP(1.0),Labour Market Programmes,I,BGR,Bulgaria,EXP,Public expenditure,LMP_10,Public employment services and administration,PT_B1GQ,Percentage of GDP,2012,,0.034,,3,Three,A,Normal value,0,Units,F,Free (free for publication)
DATAFLOW,OECD.ELS.JAI:DSD_LMP@DF_LMP(1.0),Labour Market Programmes,I,BGR,Bulgaria,EXP,Public expenditure,LMP_10,Public employment services and administration,PT_B1GQ,Percentage of GDP,2013,,0.034,,3,Three,A,Normal value,0,Units,F,Free (free for publication)
DATAFLOW,OECD.ELS.JAI:DSD_LMP@DF_LMP(1.0),Labour Market Programmes,I,BGR,Bulgaria,EXP,Public expenditure,LMP_10,Public employment services and administration,PT_B1GQ,Percentage of GDP,2017,,0.027,,3,Three,A,Normal value,0,Units,F,Free (free for publication)
DATAFLOW,OECD.ELS.JAI:DSD_LMP@DF_LMP(1.0),Labour Market Programmes,I,BGR,Bulgaria,EXP,Public expenditure,LMP_10,Public employment services and administration,PT_B1GQ,Percentage of GDP,2019,,0.027,,3,Three,A,Normal value,0,Units,F,Free (free for publication)
DATAFLOW,OECD.ELS.JAI:DSD_LMP@DF_LMP(1.0),Labour Market Programmes,I,ROU,Romania,EXP,Public expenditure,LMP_10,Public employment services and administration,PT_B1GQ,Percentage of GDP,2004,,0.039,,3,Three,A,Normal value,0,Units,F,Free (free for publication)
DATAFLOW,OECD.ELS.JAI:DSD_LMP@DF_LMP(1.0),Labour Market Programmes,I,ROU,Romania,EXP,Public expenditure,LMP_10,Public employment services and administration,PT_B1GQ,Percentage of GDP,2005,,0.039,,3,Three,A,Normal value,0,Units,F,Free (free for publication)
DATAFLOW,OECD.ELS.JAI:DSD_LMP@DF_LMP(1.0),Labour Market Programmes,I,ROU,Romania,EXP,Public expenditure,LMP_10,Public employment services and administration,PT_B1GQ,Percentage of GDP,2010,,0.027,,3,Three,A,Normal value,0,Units,F,Free (free for publication)
DATAFLOW,OECD.ELS.JAI:DSD_LMP@DF_LMP(1.0),Labour Market Programmes,I,ROU,Romania,EXP,Public expenditure,LMP_10,Public employment services and administration,PT_B1GQ,Percentage of GDP,2013,,0.075,,3,Three,A,Normal value,0,Units,F,Free (free for publication)
DATAFLOW,OECD.ELS.JAI:DSD_LMP@DF_LMP(1.0),Labour Market Programmes,I,ROU,Romania,EXP,Public expenditure,LMP_10,Public employment services and administration,PT_B1GQ,Percentage of GDP,2014,,0.07,,3,Three,A,Normal value,0,Units,F,Free (free for publication)
DATAFLOW,OECD.ELS.JAI:DSD_LMP@DF_LMP(1.0),Labour Market Programmes,I,ROU,Romania,EXP,Public expenditure,LMP_10,Public employment services and administration,PT_B1GQ,Percentage of GDP,2015,,0.057,,3,Three,A,Normal value,0,Units,F,Free (free for publication)
DATAFLOW,OECD.ELS.JAI:DSD_LMP@DF_LMP(1.0),Labour Market Programmes,I,ROU,Romania,EXP,Public expenditure,LMP_10,Public employment services and administration,PT_B1GQ,Percentage of GDP,2017,,0.028,,3,Three,A,Normal value,0,Units,F,Free (free for publication)
DATAFLOW,OECD.ELS.JAI:DSD_LMP@DF_LMP(1.0),Labour Market Programmes,I,ROU,Romania,EXP,Public expenditure,LMP_10,Public employment services and administration,PT_B1GQ,Percentage of GDP,2018,,0.025,,3,Three,A,Normal value,0,Units,F,Free (free for publication)
DATAFLOW,OECD.ELS.JAI:DSD_LMP@DF_LMP(1.0),Labour Market Programmes,I,CRI,Costa Rica,EXP,Public expenditure,LMP_10,Public employment services and administration,PT_B1GQ,Percentage of GDP,2022,,0.003,,3,Three,A,Normal value,0,Units,F,Free (free for publication)
DATAFLOW,OECD.ELS.JAI:DSD_LMP@DF_LMP(1.0),Labour Market Programmes,I,CZE,Czechia,EXP,Public expenditure,LMP_10,Public employment services and administration,PT_B1GQ,Percentage of GDP,2022,,0.101,,3,Three,A,Normal value,0,Units,F,Free (free for publication)
DATAFLOW,OECD.ELS.JAI:DSD_LMP@DF_LMP(1.0),Labour Market Programmes,I,HUN,Hungary,EXP,Public expenditure,LMP_10,Public employment services and administration,PT_B1GQ,Percentage of GDP,2022,,0.041,,3,Three,A,Normal value,0,Units,F,Free (free for publication)
DATAFLOW,OECD.ELS.JAI:DSD_LMP@DF_LMP(1.0),Labour Market Programmes,I,MEX,Mexico,EXP,Public expenditure,LMP_10,Public employment services and administration,PT_B1GQ,Percentage of GDP,2022,,0.001,,3,Three,A,Normal value,0,Units,F,Free (free for publication)
DATAFLOW,OECD.ELS.JAI:DSD_LMP@DF_LMP(1.0),Labour Market Programmes,I,SVK,Slovak Republic,EXP,Public expenditure,LMP_10,Public employment services and administration,PT_B1GQ,Percentage of GDP,2022,,0.016,,3,Three,A,Normal value,0,Units,F,Free (free for publication)
DATAFLOW,OECD.ELS.JAI:DSD_LMP@DF_LMP(1.0),Labour Market Programmes,I,SVN,Slovenia,EXP,Public expenditure,LMP_10,Public employment services and administration,PT_B1GQ,Percentage of GDP,2022,,0.07,,3,Three,A,Normal value,0,Units,F,Free (free for publication)
DATAFLOW,OECD.ELS.JAI:DSD_LMP@DF_LMP(1.0),Labour Market Programmes,I,USA,United States,EXP,Public expenditure,LMP_10,Public employment services and administration,PT_B1GQ,Percentage of GDP,2022,,0.016,,3,Three,A,Normal value,0,Units,F,Free (free for publication)
DATAFLOW,OECD.ELS.JAI:DSD_LMP@DF_LMP(1.0),Labour Market Programmes,I,AUT,Austria,EXP,Public expenditure,LMP_10,Public employment services and administration,PT_B1GQ,Percentage of GDP,2005,,0.162,,3,Three,A,Normal value,0,Units,F,Free (free for publication)
DATAFLOW,OECD.ELS.JAI:DSD_LMP@DF_LMP(1.0),Labour Market Programmes,I,AUT,Austria,EXP,Public expenditure,LMP_10,Public employment services and administration,PT_B1GQ,Percentage of GDP,2006,,0.165,,3,Three,A,Normal value,0,Units,F,Free (free for publication)
DATAFLOW,OECD.ELS.JAI:DSD_LMP@DF_LMP(1.0),Labour Market Programmes,I,AUT,Austria,EXP,Public expenditure,LMP_10,Public employment services and administration,PT_B1GQ,Percentage of GDP,2007,,0.157,,3,Three,A,Normal value,0,Units,F,Free (free for publication)
DATAFLOW,OECD.ELS.JAI:DSD_LMP@DF_LMP(1.0),Labour Market Programmes,I,AUT,Austria,EXP,Public expenditure,LMP_10,Public employment services and administration,PT_B1GQ,Percentage of GDP,2010,,0.177,,3,Three,A,Normal value,0,Units,F,Free (free for publication)
DATAFLOW,OECD.ELS.JAI:DSD_LMP@DF_LMP(1.0),Labour Market Programmes,I,AUT,Austria,EXP,Public expenditure,LMP_10,Public employment services and administration,PT_B1GQ,Percentage of GDP,2012,,0.171,,3,Three,A,Normal value,0,Units,F,Free (free for publication)
DATAFLOW,OECD.ELS.JAI:DSD_LMP@DF_LMP(1.0),Labour Market Programmes,I,AUT,Austria,EXP,Public expenditure,LMP_10,Public employment services and administration,PT_B1GQ,Percentage of GDP,2013,,0.17,,3,Three,A,Normal value,0,Units,F,Free (free for publication)
DATAFLOW,OECD.ELS.JAI:DSD_LMP@DF_LMP(1.0),Labour Market Programmes,I,AUT,Austria,EXP,Public expenditure,LMP_10,Public employment services and administration,PT_B1GQ,Percentage of GDP,2014,,0.172,,3,Three,A,Normal value,0,Units,F,Free (free for publication)
DATAFLOW,OECD.ELS.JAI:DSD_LMP@DF_LMP(1.0),Labour Market Programmes,I,AUT,Austria,EXP,Public expenditure,LMP_10,Public employment services and administration,PT_B1GQ,Percentage of GDP,2017,,0.184,,3,Three,A,Normal value,0,Units,F,Free (free for publication)
DATAFLOW,OECD.ELS.JAI:DSD_LMP@DF_LMP(1.0),Labour Market Programmes,I,CHE,Switzerland,EXP,Public expenditure,LMP_10,Public employment services and administration,PT_B1GQ,Percentage of GDP,2007,,0.1,,3,Three,A,Normal value,0,Units,F,Free (free for publication)
DATAFLOW,OECD.ELS.JAI:DSD_LMP@DF_LMP(1.0),Labour Market Programmes,I,CHE,Switzerland,EXP,Public expenditure,LMP_10,Public employment services and administration,PT_B1GQ,Percentage of GDP,2008,,0.093,,3,Three,A,Normal value,0,Units,F,Free (free for publication)
DATAFLOW,OECD.ELS.JAI:DSD_LMP@DF_LMP(1.0),Labour Market Programmes,I,CHE,Switzerland,EXP,Public expenditure,LMP_10,Public employment services and administration,PT_B1GQ,Percentage of GDP,2010,,0.108,,3,Three,A,Normal value,0,Units,F,Free (free for publication)
DATAFLOW,OECD.ELS.JAI:DSD_LMP@DF_LMP(1.0),Labour Market Programmes,I,CHE,Switzerland,EXP,Public expenditure,LMP_10,Public employment services and administration,PT_B1GQ,Percentage of GDP,2013,,0.101,,3,Three,A,Normal value,0,Units,F,Free (free for publication)
DATAFLOW,OECD.ELS.JAI:DSD_LMP@DF_LMP(1.0),Labour Market Programmes,I,CHE,Switzerland,EXP,Public expenditure,LMP_10,Public employment services and administration,PT_B1GQ,Percentage of GDP,2014,,0.101,,3,Three,A,Normal value,0,Units,F,Free (free for publication)
DATAFLOW,OECD.ELS.JAI:DSD_LMP@DF_LMP(1.0),Labour Market Programmes,I,CHE,Switzerland,EXP,Public expenditure,LMP_10,Public employment services and administration,PT_B1GQ,Percentage of GDP,2015,,0.103,,3,Three,A,Normal value,0,Units,F,Free (free for publication)
DATAFLOW,OECD.ELS.JAI:DSD_LMP@DF_LMP(1.0),Labour Market Programmes,I,CHE,Switzerland,EXP,Public expenditure,LMP_10,Public employment services and administration,PT_B1GQ,Percentage of GDP,2019,,0.104,,3,Three,A,Normal value,0,Units,F,Free (free for publication)
DATAFLOW,OECD.ELS.JAI:DSD_LMP@DF_LMP(1.0),Labour Market Programmes,I,NOR,Norway,EXP,Public expenditure,LMP_10,Public employment services and administration,PT_B1GQ,Percentage of GDP,2007,,0.103,,3,Three,A,Normal value,0,Units,F,Free (free for publication)
DATAFLOW,OECD.ELS.JAI:DSD_LMP@DF_LMP(1.0),Labour Market Programmes,I,NOR,Norway,EXP,Public expenditure,LMP_10,Public employment services and administration,PT_B1GQ,Percentage of GDP,2009,,0.119,,3,Three,A,Normal value,0,Units,F,Free (free for publication)
DATAFLOW,OECD.ELS.JAI:DSD_LMP@DF_LMP(1.0),Labour Market Programmes,I,NOR,Norway,EXP,Public expenditure,LMP_10,Public employment services and administration,PT_B1GQ,Percentage of GDP,2011,,0.114,,3,Three,A,Normal value,0,Units,F,Free (free for publication)
DATAFLOW,OECD.ELS.JAI:DSD_LMP@DF_LMP(1.0),Labour Market Programmes,I,NOR,Norway,EXP,Public expenditure,LMP_10,Public employment services and administration,PT_B1GQ,Percentage of GDP,2012,,0.118,,3,Three,A,Normal value,0,Units,F,Free (free for publication)
DATAFLOW,OECD.ELS.JAI:DSD_LMP@DF_LMP(1.0),Labour Market Programmes,I,NOR,Norway,EXP,Public expenditure,LMP_10,Public employment services and administration,PT_B1GQ,Percentage of GDP,2013,,0.125,,3,Three,A,Normal value,0,Units,F,Free (free for publication)
DATAFLOW,OECD.ELS.JAI:DSD_LMP@DF_LMP(1.0),Labour Market Programmes,I,NOR,Norway,EXP,Public expenditure,LMP_10,Public employment services and administration,PT_B1GQ,Percentage of GDP,2014,,0.125,,3,Three,A,Normal value,0,Units,F,Free (free for publication)
DATAFLOW,OECD.ELS.JAI:DSD_LMP@DF_LMP(1.0),Labour Market Programmes,I,NOR,Norway,EXP,Public expenditure,LMP_10,Public employment services and administration,PT_B1GQ,Percentage of GDP,2015,,0.125,,3,Three,A,Normal value,0,Units,F,Free (free for publication)
DATAFLOW,OECD.ELS.JAI:DSD_LMP@DF_LMP(1.0),Labour Market Programmes,I,NOR,Norway,EXP,Public expenditure,LMP_10,Public employment services and administration,PT_B1GQ,Percentage of GDP,2019,,0.135,,3,Three,A,Normal value,0,Units,F,Free (free for publication)
DATAFLOW,OECD.ELS.JAI:DSD_LMP@DF_LMP(1.0),Labour Market Programmes,I,KOR,Korea,EXP,Public expenditure,LMP_10,Public employment services and administration,PT_B1GQ,Percentage of GDP,2005,,0.023,,3,Three,A,Normal value,0,Units,F,Free (free for publication)
DATAFLOW,OECD.ELS.JAI:DSD_LMP@DF_LMP(1.0),Labour Market Programmes,I,KOR,Korea,EXP,Public expenditure,LMP_10,Public employment services and administration,PT_B1GQ,Percentage of GDP,2006,,0.024,,3,Three,A,Normal value,0,Units,F,Free (free for publication)
DATAFLOW,OECD.ELS.JAI:DSD_LMP@DF_LMP(1.0),Labour Market Programmes,I,KOR,Korea,EXP,Public expenditure,LMP_10,Public employment services and administration,PT_B1GQ,Percentage of GDP,2013,,0.026,,3,Three,A,Normal value,0,Units,F,Free (free for publication)
DATAFLOW,OECD.ELS.JAI:DSD_LMP@DF_LMP(1.0),Labour Market Programmes,I,KOR,Korea,EXP,Public expenditure,LMP_10,Public employment services and administration,PT_B1GQ,Percentage of GDP,2015,,0.032,,3,Three,A,Normal value,0,Units,F,Free (free for publication)
DATAFLOW,OECD.ELS.JAI:DSD_LMP@DF_LMP(1.0),Labour Market Programmes,I,JPN,Japan,EXP,Public expenditure,LMP_10,Public employment services and administration,PT_B1GQ,Percentage of GDP,2004,,0.075,,3,Three,A,Normal value,0,Units,F,Free (free for publication)
DATAFLOW,OECD.ELS.JAI:DSD_LMP@DF_LMP(1.0),Labour Market Programmes,I,JPN,Japan,EXP,Public expenditure,LMP_10,Public employment services and administration,PT_B1GQ,Percentage of GDP,2005,,0.075,,3,Three,A,Normal value,0,Units,F,Free (free for publication)
DATAFLOW,OECD.ELS.JAI:DSD_LMP@DF_LMP(1.0),Labour Market Programmes,I,JPN,Japan,EXP,Public expenditure,LMP_10,Public employment services and administration,PT_B1GQ,Percentage of GDP,2006,,0.074,,3,Three,A,Normal value,0,Units,F,Free (free for publication)
DATAFLOW,OECD.ELS.JAI:DSD_LMP@DF_LMP(1.0),Labour Market Programmes,I,JPN,Japan,EXP,Public expenditure,LMP_10,Public employment services and administration,PT_B1GQ,Percentage of GDP,2008,,0.048,,3,Three,A,Normal value,0,Units,F,Free (free for publication)
DATAFLOW,OECD.ELS.JAI:DSD_LMP@DF_LMP(1.0),Labour Market Programmes,I,JPN,Japan,EXP,Public expenditure,LMP_10,Public employment services and administration,PT_B1GQ,Percentage of GDP,2012,,0.045,,3,Three,A,Normal value,0,Units,F,Free (free for publication)
DATAFLOW,OECD.ELS.JAI:DSD_LMP@DF_LMP(1.0),Labour Market Programmes,I,JPN,Japan,EXP,Public expenditure,LMP_10,Public employment services and administration,PT_B1GQ,Percentage of GDP,2013,,0.046,,3,Three,A,Normal value,0,Units,F,Free (free for publication)
DATAFLOW,OECD.ELS.JAI:DSD_LMP@DF_LMP(1.0),Labour Market Programmes,I,JPN,Japan,EXP,Public expenditure,LMP_10,Public employment services and administration,PT_B1GQ,Percentage of GDP,2014,,0.045,,3,Three,A,Normal value,0,Units,F,Free (free for publication)
DATAFLOW,OECD.ELS.JAI:DSD_LMP@DF_LMP(1.0),Labour Market Programmes,I,JPN,Japan,EXP,Public expenditure,LMP_10,Public employment services and administration,PT_B1GQ,Percentage of GDP,2017,,0.048,,3,Three,A,Normal value,0,Units,F,Free (free for publication)
DATAFLOW,OECD.ELS.JAI:DSD_LMP@DF_LMP(1.0),Labour Market Programmes,I,JPN,Japan,EXP,Public expenditure,LMP_10,Public employment services and administration,PT_B1GQ,Percentage of GDP,2019,,0.048,,3,Three,A,Normal value,0,Units,F,Free (free for publication)
DATAFLOW,OECD.ELS.JAI:DSD_LMP@DF_LMP(1.0),Labour Market Programmes,I,ITA,Italy,EXP,Public expenditure,LMP_10,Public employment services and administration,PT_B1GQ,Percentage of GDP,2004,,0.081,,3,Three,A,Normal value,0,Units,F,Free (free for publication)
DATAFLOW,OECD.ELS.JAI:DSD_LMP@DF_LMP(1.0),Labour Market Programmes,I,ITA,Italy,EXP,Public expenditure,LMP_10,Public employment services and administration,PT_B1GQ,Percentage of GDP,2009,,0.101,,3,Three,A,Normal value,0,Units,F,Free (free for publication)
DATAFLOW,OECD.ELS.JAI:DSD_LMP@DF_LMP(1.0),Labour Market Programmes,I,ITA,Italy,EXP,Public expenditure,LMP_10,Public employment services and administration,PT_B1GQ,Percentage of GDP,2013,,0.085,,3,Three,A,Normal value,0,Units,F,Free (free for publication)
DATAFLOW,OECD.ELS.JAI:DSD_LMP@DF_LMP(1.0),Labour Market Programmes,I,ITA,Italy,EXP,Public expenditure,LMP_10,Public employment services and administration,PT_B1GQ,Percentage of GDP,2016,,0.063,,3,Three,A,Normal value,0,Units,F,Free (free for publication)
DATAFLOW,OECD.ELS.JAI:DSD_LMP@DF_LMP(1.0),Labour Market Programmes,I,ESP,Spain,EXP,Public expenditure,LMP_10,Public employment services and administration,PT_B1GQ,Percentage of GDP,2010,,0.122,,3,Three,A,Normal value,0,Units,F,Free (free for publication)
DATAFLOW,OECD.ELS.JAI:DSD_LMP@DF_LMP(1.0),Labour Market Programmes,I,ESP,Spain,EXP,Public expenditure,LMP_10,Public employment services and administration,PT_B1GQ,Percentage of GDP,2016,,0.135,,3,Three,A,Normal value,0,Units,F,Free (free for publication)
DATAFLOW,OECD.ELS.JAI:DSD_LMP@DF_LMP(1.0),Labour Market Programmes,I,LVA,Latvia,EXP,Public expenditure,LMP_10,Public employment services and administration,PT_B1GQ,Percentage of GDP,2005,,0.061,,3,Three,A,Normal value,0,Units,F,Free (free for publication)
DATAFLOW,OECD.ELS.JAI:DSD_LMP@DF_LMP(1.0),Labour Market Programmes,I,LVA,Latvia,EXP,Public expenditure,LMP_10,Public employment services and administration,PT_B1GQ,Percentage of GDP,2011,,0.054,,3,Three,A,Normal value,0,Units,F,Free (free for publication)
DATAFLOW,OECD.ELS.JAI:DSD_LMP@DF_LMP(1.0),Labour Market Programmes,I,LVA,Latvia,EXP,Public expenditure,LMP_10,Public employment services and administration,PT_B1GQ,Percentage of GDP,2013,,0.046,,3,Three,A,Normal value,0,Units,F,Free (free for publication)
DATAFLOW,OECD.ELS.JAI:DSD_LMP@DF_LMP(1.0),Labour Market Programmes,I,LVA,Latvia,EXP,Public expenditure,LMP_10,Public employment services and administration,PT_B1GQ,Percentage of GDP,2016,,0.054,,3,Three,A,Normal value,0,Units,F,Free (free for publication)
DATAFLOW,OECD.ELS.JAI:DSD_LMP@DF_LMP(1.0),Labour Market Programmes,I,OECD,OECD,EXP,Public expenditure,LMP_10,Public employment services and administration,PT_B1GQ,Percentage of GDP,2004,,0.118,,3,Three,A,Normal value,0,Units,F,Free (free for publication)
DATAFLOW,OECD.ELS.JAI:DSD_LMP@DF_LMP(1.0),Labour Market Programmes,I,OECD,OECD,EXP,Public expenditure,LMP_10,Public employment services and administration,PT_B1GQ,Percentage of GDP,2005,,0.118,,3,Three,A,Normal value,0,Units,F,Free (free for publication)
DATAFLOW,OECD.ELS.JAI:DSD_LMP@DF_LMP(1.0),Labour Market Programmes,I,OECD,OECD,EXP,Public expenditure,LMP_10,Public employment services and administration,PT_B1GQ,Percentage of GDP,2006,,0.115,,3,Three,A,Normal value,0,Units,F,Free (free for publication)
DATAFLOW,OECD.ELS.JAI:DSD_LMP@DF_LMP(1.0),Labour Market Programmes,I,OECD,OECD,EXP,Public expenditure,LMP_10,Public employment services and administration,PT_B1GQ,Percentage of GDP,2007,,0.108,,3,Three,A,Normal value,0,Units,F,Free (free for publication)
DATAFLOW,OECD.ELS.JAI:DSD_LMP@DF_LMP(1.0),Labour Market Programmes,I,OECD,OECD,EXP,Public expenditure,LMP_10,Public employment services and administration,PT_B1GQ,Percentage of GDP,2009,,0.123,,3,Three,A,Normal value,0,Units,F,Free (free for publication)
DATAFLOW,OECD.ELS.JAI:DSD_LMP@DF_LMP(1.0),Labour Market Programmes,I,OECD,OECD,EXP,Public expenditure,LMP_10,Public employment services and administration,PT_B1GQ,Percentage of GDP,2012,,0.112,,3,Three,A,Normal value,0,Units,F,Free (free for publication)
DATAFLOW,OECD.ELS.JAI:DSD_LMP@DF_LMP(1.0),Labour Market Programmes,I,OECD,OECD,EXP,Public expenditure,LMP_10,Public employment services and administration,PT_B1GQ,Percentage of GDP,2013,,0.111,,3,Three,A,Normal value,0,Units,F,Free (free for publication)
DATAFLOW,OECD.ELS.JAI:DSD_LMP@DF_LMP(1.0),Labour Market Programmes,I,OECD,OECD,EXP,Public expenditure,LMP_10,Public employment services and administration,PT_B1GQ,Percentage of GDP,2014,,0.114,,3,Three,A,Normal value,0,Units,F,Free (free for publication)
DATAFLOW,OECD.ELS.JAI:DSD_LMP@DF_LMP(1.0),Labour Market Programmes,I,OECD,OECD,EXP,Public expenditure,LMP_10,Public employment services and administration,PT_B1GQ,Percentage of GDP,2015,,0.111,,3,Three,A,Normal value,0,Units,F,Free (free for publication)
DATAFLOW,OECD.ELS.JAI:DSD_LMP@DF_LMP(1.0),Labour Market Programmes,I,OECD,OECD,EXP,Public expenditure,LMP_10,Public employment services and administration,PT_B1GQ,Percentage of GDP,2016,,0.111,,3,Three,A,Normal value,0,Units,F,Free (free for publication)
DATAFLOW,OECD.ELS.JAI:DSD_LMP@DF_LMP(1.0),Labour Market Programmes,I,BEL,Belgium,EXP,Public expenditure,LMP_10,Public employment services and administration,PT_B1GQ,Percentage of GDP,2014,,0.215,,3,Three,A,Normal value,0,Units,F,Free (free for publication)
DATAFLOW,OECD.ELS.JAI:DSD_LMP@DF_LMP(1.0),Labour Market Programmes,I,BEL,Belgium,EXP,Public expenditure,LMP_10,Public employment services and administration,PT_B1GQ,Percentage of GDP,2015,,0.193,,3,Three,A,Normal value,0,Units,F,Free (free for publication)
DATAFLOW,OECD.ELS.JAI:DSD_LMP@DF_LMP(1.0),Labour Market Programmes,I,SVN,Slovenia,EXP,Public expenditure,LMP_10,Public employment services and administration,PT_B1GQ,Percentage of GDP,2010,,0.107,,3,Three,A,Normal value,0,Units,F,Free (free for publication)
DATAFLOW,OECD.ELS.JAI:DSD_LMP@DF_LMP(1.0),Labour Market Programmes,I,SVN,Slovenia,EXP,Public expenditure,LMP_10,Public employment services and administration,PT_B1GQ,Percentage of GDP,2012,,0.093,,3,Three,A,Normal value,0,Units,F,Free (free for publication)
DATAFLOW,OECD.ELS.JAI:DSD_LMP@DF_LMP(1.0),Labour Market Programmes,I,SVN,Slovenia,EXP,Public expenditure,LMP_10,Public employment services and administration,PT_B1GQ,Percentage of GDP,2013,,0.093,,3,Three,A,Normal value,0,Units,F,Free (free for publication)
DATAFLOW,OECD.ELS.JAI:DSD_LMP@DF_LMP(1.0),Labour Market Programmes,I,SVN,Slovenia,EXP,Public expenditure,LMP_10,Public employment services and administration,PT_B1GQ,Percentage of GDP,2014,,0.09,,3,Three,A,Normal value,0,Units,F,Free (free for publication)
DATAFLOW,OECD.ELS.JAI:DSD_LMP@DF_LMP(1.0),Labour Market Programmes,I,SVN,Slovenia,EXP,Public expenditure,LMP_10,Public employment services and administration,PT_B1GQ,Percentage of GDP,2015,,0.081,,3,Three,A,Normal value,0,Units,F,Free (free for publication)
DATAFLOW,OECD.ELS.JAI:DSD_LMP@DF_LMP(1.0),Labour Market Programmes,I,FIN,Finland,EXP,Public expenditure,LMP_10,Public employment services and administration,PT_B1GQ,Percentage of GDP,2017,,0.142,,3,Three,A,Normal value,0,Units,F,Free (free for publication)
DATAFLOW,OECD.ELS.JAI:DSD_LMP@DF_LMP(1.0),Labour Market Programmes,I,FIN,Finland,EXP,Public expenditure,LMP_10,Public employment services and administration,PT_B1GQ,Percentage of GDP,2019,,0.15,,3,Three,A,Normal value,0,Units,F,Free (free for publication)
DATAFLOW,OECD.ELS.JAI:DSD_LMP@DF_LMP(1.0),Labour Market Programmes,I,AUS,Australia,EXP,Public expenditure,LMP_10,Public employment services and administration,PT_B1GQ,Percentage of GDP,2008,,0.157,,3,Three,A,Normal value,0,Units,F,Free (free for publication)
DATAFLOW,OECD.ELS.JAI:DSD_LMP@DF_LMP(1.0),Labour Market Programmes,I,AUS,Australia,EXP,Public expenditure,LMP_10,Public employment services and administration,PT_B1GQ,Percentage of GDP,2010,,0.184,,3,Three,A,Normal value,0,Units,F,Free (free for publication)
DATAFLOW,OECD.ELS.JAI:DSD_LMP@DF_LMP(1.0),Labour Market Programmes,I,BGR,Bulgaria,EXP,Public expenditure,LMP_10,Public employment services and administration,PT_B1GQ,Percentage of GDP,2004,,0.067,,3,Three,A,Normal value,0,Units,F,Free (free for publication)
DATAFLOW,OECD.ELS.JAI:DSD_LMP@DF_LMP(1.0),Labour Market Programmes,I,POL,Poland,EXP,Public expenditure,LMP_10,Public employment services and administration,PT_B1GQ,Percentage of GDP,2005,,0.068,,3,Three,A,Normal value,0,Units,F,Free (free for publication)
DATAFLOW,OECD.ELS.JAI:DSD_LMP@DF_LMP(1.0),Labour Market Programmes,I,POL,Poland,EXP,Public expenditure,LMP_10,Public employment services and administration,PT_B1GQ,Percentage of GDP,2011,,0.082,,3,Three,A,Normal value,0,Units,F,Free (free for publication)
DATAFLOW,OECD.ELS.JAI:DSD_LMP@DF_LMP(1.0),Labour Market Programmes,I,POL,Poland,EXP,Public expenditure,LMP_10,Public employment services and administration,PT_B1GQ,Percentage of GDP,2017,,0.078,,3,Three,A,Normal value,0,Units,F,Free (free for publication)
DATAFLOW,OECD.ELS.JAI:DSD_LMP@DF_LMP(1.0),Labour Market Programmes,I,LTU,Lithuania,EXP,Public expenditure,LMP_10,Public employment services and administration,PT_B1GQ,Percentage of GDP,2010,,0.081,,3,Three,A,Normal value,0,Units,F,Free (free for publication)
DATAFLOW,OECD.ELS.JAI:DSD_LMP@DF_LMP(1.0),Labour Market Programmes,I,LTU,Lithuania,EXP,Public expenditure,LMP_10,Public employment services and administration,PT_B1GQ,Percentage of GDP,2011,,0.081,,3,Three,A,Normal value,0,Units,F,Free (free for publication)
DATAFLOW,OECD.ELS.JAI:DSD_LMP@DF_LMP(1.0),Labour Market Programmes,I,LTU,Lithuania,EXP,Public expenditure,LMP_10,Public employment services and administration,PT_B1GQ,Percentage of GDP,2013,,0.057,,3,Three,A,Normal value,0,Units,F,Free (free for publication)
DATAFLOW,OECD.ELS.JAI:DSD_LMP@DF_LMP(1.0),Labour Market Programmes,I,GBR,United Kingdom,EXP,Public expenditure,LMP_10,Public employment services and administration,PT_B1GQ,Percentage of GDP,2004,,0.356,,3,Three,A,Normal value,0,Units,F,Free (free for publication)
DATAFLOW,OECD.ELS.JAI:DSD_LMP@DF_LMP(1.0),Labour Market Programmes,I,GBR,United Kingdom,EXP,Public expenditure,LMP_10,Public employment services and administration,PT_B1GQ,Percentage of GDP,2007,,0.246,,3,Three,A,Normal value,0,Units,F,Free (free for publication)
DATAFLOW,OECD.ELS.JAI:DSD_LMP@DF_LMP(1.0),Labour Market Programmes,I,GBR,United Kingdom,EXP,Public expenditure,LMP_10,Public employment services and administration,PT_B1GQ,Percentage of GDP,2011,,0.193,,3,Three,A,Normal value,0,Units,F,Free (free for publication)
DATAFLOW,OECD.ELS.JAI:DSD_LMP@DF_LMP(1.0),Labour Market Programmes,I,ISR,Israel,EXP,Public expenditure,LMP_10,Public employment services and administration,PT_B1GQ,Percentage of GDP,2016,,0.028,,3,Three,A,Normal value,0,Units,F,Free (free for publication)
DATAFLOW,OECD.ELS.JAI:DSD_LMP@DF_LMP(1.0),Labour Market Programmes,I,NZL,New Zealand,EXP,Public expenditure,LMP_10,Public employment services and administration,PT_B1GQ,Percentage of GDP,2006,,0.107,,3,Three,A,Normal value,0,Units,F,Free (free for publication)
DATAFLOW,OECD.ELS.JAI:DSD_LMP@DF_LMP(1.0),Labour Market Programmes,I,NZL,New Zealand,EXP,Public expenditure,LMP_10,Public employment services and administration,PT_B1GQ,Percentage of GDP,2007,,0.103,,3,Three,A,Normal value,0,Units,F,Free (free for publication)
DATAFLOW,OECD.ELS.JAI:DSD_LMP@DF_LMP(1.0),Labour Market Programmes,I,NZL,New Zealand,EXP,Public expenditure,LMP_10,Public employment services and administration,PT_B1GQ,Percentage of GDP,2008,,0.104,,3,Three,A,Normal value,0,Units,F,Free (free for publication)
DATAFLOW,OECD.ELS.JAI:DSD_LMP@DF_LMP(1.0),Labour Market Programmes,I,NZL,New Zealand,EXP,Public expenditure,LMP_10,Public employment services and administration,PT_B1GQ,Percentage of GDP,2010,,0.108,,3,Three,A,Normal value,0,Units,F,Free (free for publication)
DATAFLOW,OECD.ELS.JAI:DSD_LMP@DF_LMP(1.0),Labour Market Programmes,I,NZL,New Zealand,EXP,Public expenditure,LMP_10,Public employment services and administration,PT_B1GQ,Percentage of GDP,2011,,0.074,,3,Three,A,Normal value,0,Units,F,Free (free for publication)
DATAFLOW,OECD.ELS.JAI:DSD_LMP@DF_LMP(1.0),Labour Market Programmes,I,NZL,New Zealand,EXP,Public expenditure,LMP_10,Public employment services and administration,PT_B1GQ,Percentage of GDP,2013,,0.074,,3,Three,A,Normal value,0,Units,F,Free (free for publication)
DATAFLOW,OECD.ELS.JAI:DSD_LMP@DF_LMP(1.0),Labour Market Programmes,I,NZL,New Zealand,EXP,Public expenditure,LMP_10,Public employment services and administration,PT_B1GQ,Percentage of GDP,2014,,0.061,,3,Three,A,Normal value,0,Units,F,Free (free for publication)
DATAFLOW,OECD.ELS.JAI:DSD_LMP@DF_LMP(1.0),Labour Market Programmes,I,NZL,New Zealand,EXP,Public expenditure,LMP_10,Public employment services and administration,PT_B1GQ,Percentage of GDP,2017,,0.045,,3,Three,A,Normal value,0,Units,F,Free (free for publication)
DATAFLOW,OECD.ELS.JAI:DSD_LMP@DF_LMP(1.0),Labour Market Programmes,I,NZL,New Zealand,EXP,Public expenditure,LMP_10,Public employment services and administration,PT_B1GQ,Percentage of GDP,2019,,0.039,,3,Three,A,Normal value,0,Units,F,Free (free for publication)
DATAFLOW,OECD.ELS.JAI:DSD_LMP@DF_LMP(1.0),Labour Market Programmes,I,PRT,Portugal,EXP,Public expenditure,LMP_10,Public employment services and administration,PT_B1GQ,Percentage of GDP,2013,,0.122,,3,Three,A,Normal value,0,Units,F,Free (free for publication)
DATAFLOW,OECD.ELS.JAI:DSD_LMP@DF_LMP(1.0),Labour Market Programmes,I,SVK,Slovak Republic,EXP,Public expenditure,LMP_10,Public employment services and administration,PT_B1GQ,Percentage of GDP,2004,,0.164,,3,Three,A,Normal value,0,Units,F,Free (free for publication)
DATAFLOW,OECD.ELS.JAI:DSD_LMP@DF_LMP(1.0),Labour Market Programmes,I,SVK,Slovak Republic,EXP,Public expenditure,LMP_10,Public employment services and administration,PT_B1GQ,Percentage of GDP,2011,,0.07,,3,Three,A,Normal value,0,Units,F,Free (free for publication)
DATAFLOW,OECD.ELS.JAI:DSD_LMP@DF_LMP(1.0),Labour Market Programmes,I,SWE,Sweden,EXP,Public expenditure,LMP_10,Public employment services and administration,PT_B1GQ,Percentage of GDP,2015,,0.254,,3,Three,A,Normal value,0,Units,F,Free (free for publication)
DATAFLOW,OECD.ELS.JAI:DSD_LMP@DF_LMP(1.0),Labour Market Programmes,I,SWE,Sweden,EXP,Public expenditure,LMP_10,Public employment services and administration,PT_B1GQ,Percentage of GDP,2016,,0.272,,3,Three,A,Normal value,0,Units,F,Free (free for publication)
DATAFLOW,OECD.ELS.JAI:DSD_LMP@DF_LMP(1.0),Labour Market Programmes,I,BEL,Belgium,EXP,Public expenditure,LMP_10,Public employment services and administration,PT_B1GQ,Percentage of GDP,2018,,0.214,,3,Three,A,Normal value,0,Units,F,Free (free for publication)
DATAFLOW,OECD.ELS.JAI:DSD_LMP@DF_LMP(1.0),Labour Market Programmes,I,FIN,Finland,EXP,Public expenditure,LMP_10,Public employment services and administration,PT_B1GQ,Percentage of GDP,2018,,0.148,,3,Three,A,Normal value,0,Units,F,Free (free for publication)
DATAFLOW,OECD.ELS.JAI:DSD_LMP@DF_LMP(1.0),Labour Market Programmes,I,JPN,Japan,EXP,Public expenditure,LMP_10,Public employment services and administration,PT_B1GQ,Percentage of GDP,2018,,0.048,,3,Three,A,Normal value,0,Units,F,Free (free for publication)
DATAFLOW,OECD.ELS.JAI:DSD_LMP@DF_LMP(1.0),Labour Market Programmes,I,LVA,Latvia,EXP,Public expenditure,LMP_10,Public employment services and administration,PT_B1GQ,Percentage of GDP,2018,,0.07,,3,Three,A,Normal value,0,Units,F,Free (free for publication)
DATAFLOW,OECD.ELS.JAI:DSD_LMP@DF_LMP(1.0),Labour Market Programmes,I,NZL,New Zealand,EXP,Public expenditure,LMP_10,Public employment services and administration,PT_B1GQ,Percentage of GDP,2018,,0.039,,3,Three,A,Normal value,0,Units,F,Free (free for publication)
DATAFLOW,OECD.ELS.JAI:DSD_LMP@DF_LMP(1.0),Labour Market Programmes,I,POL,Poland,EXP,Public expenditure,LMP_10,Public employment services and administration,PT_B1GQ,Percentage of GDP,2018,,0.057,,3,Three,A,Normal value,0,Units,F,Free (free for publication)
DATAFLOW,OECD.ELS.JAI:DSD_LMP@DF_LMP(1.0),Labour Market Programmes,I,SVN,Slovenia,EXP,Public expenditure,LMP_10,Public employment services and administration,PT_B1GQ,Percentage of GDP,2018,,0.074,,3,Three,A,Normal value,0,Units,F,Free (free for publication)
DATAFLOW,OECD.ELS.JAI:DSD_LMP@DF_LMP(1.0),Labour Market Programmes,I,ESP,Spain,EXP,Public expenditure,LMP_10,Public employment services and administration,PT_B1GQ,Percentage of GDP,2018,,0.15,,3,Three,A,Normal value,0,Units,F,Free (free for publication)
DATAFLOW,OECD.ELS.JAI:DSD_LMP@DF_LMP(1.0),Labour Market Programmes,I,OECD,OECD,EXP,Public expenditure,LMP_10,Public employment services and administration,PT_B1GQ,Percentage of GDP,2018,,0.103,,3,Three,A,Normal value,0,Units,F,Free (free for publication)
DATAFLOW,OECD.ELS.JAI:DSD_LMP@DF_LMP(1.0),Labour Market Programmes,I,BEL,Belgium,EXP,Public expenditure,LMP_10,Public employment services and administration,PT_B1GQ,Percentage of GDP,2022,,0.192,,3,Three,A,Normal value,0,Units,F,Free (free for publication)
DATAFLOW,OECD.ELS.JAI:DSD_LMP@DF_LMP(1.0),Labour Market Programmes,I,EST,Estonia,EXP,Public expenditure,LMP_10,Public employment services and administration,PT_B1GQ,Percentage of GDP,2022,,0.14,,3,Three,A,Normal value,0,Units,F,Free (free for publication)
DATAFLOW,OECD.ELS.JAI:DSD_LMP@DF_LMP(1.0),Labour Market Programmes,I,FIN,Finland,EXP,Public expenditure,LMP_10,Public employment services and administration,PT_B1GQ,Percentage of GDP,2022,,0.164,,3,Three,A,Normal value,0,Units,F,Free (free for publication)
DATAFLOW,OECD.ELS.JAI:DSD_LMP@DF_LMP(1.0),Labour Market Programmes,I,ITA,Italy,EXP,Public expenditure,LMP_10,Public employment services and administration,PT_B1GQ,Percentage of GDP,2022,,0.071,,3,Three,A,Normal value,0,Units,F,Free (free for publication)
DATAFLOW,OECD.ELS.JAI:DSD_LMP@DF_LMP(1.0),Labour Market Programmes,I,JPN,Japan,EXP,Public expenditure,LMP_10,Public employment services and administration,PT_B1GQ,Percentage of GDP,2022,,0.048,,3,Three,A,Normal value,0,Units,F,Free (free for publication)
DATAFLOW,OECD.ELS.JAI:DSD_LMP@DF_LMP(1.0),Labour Market Programmes,I,KOR,Korea,EXP,Public expenditure,LMP_10,Public employment services and administration,PT_B1GQ,Percentage of GDP,2022,,0.057,,3,Three,A,Normal value,0,Units,F,Free (free for publication)
DATAFLOW,OECD.ELS.JAI:DSD_LMP@DF_LMP(1.0),Labour Market Programmes,I,LUX,Luxembourg,EXP,Public expenditure,LMP_10,Public employment services and administration,PT_B1GQ,Percentage of GDP,2022,,0.082,,3,Three,A,Normal value,0,Units,F,Free (free for publication)
DATAFLOW,OECD.ELS.JAI:DSD_LMP@DF_LMP(1.0),Labour Market Programmes,I,NZL,New Zealand,EXP,Public expenditure,LMP_10,Public employment services and administration,PT_B1GQ,Percentage of GDP,2022,,0.037,,3,Three,A,Normal value,0,Units,F,Free (free for publication)
DATAFLOW,OECD.ELS.JAI:DSD_LMP@DF_LMP(1.0),Labour Market Programmes,I,PRT,Portugal,EXP,Public expenditure,LMP_10,Public employment services and administration,PT_B1GQ,Percentage of GDP,2022,,0.092,,3,Three,A,Normal value,0,Units,F,Free (free for publication)
DATAFLOW,OECD.ELS.JAI:DSD_LMP@DF_LMP(1.0),Labour Market Programmes,I,ESP,Spain,EXP,Public expenditure,LMP_10,Public employment services and administration,PT_B1GQ,Percentage of GDP,2022,,0.149,,3,Three,A,Normal value,0,Units,F,Free (free for publication)
DATAFLOW,OECD.ELS.JAI:DSD_LMP@DF_LMP(1.0),Labour Market Programmes,I,AUT,Austria,EXP,Public expenditure,LMP_10,Public employment services and administration,PT_B1GQ,Percentage of GDP,2021,,0.223,,3,Three,A,Normal value,0,Units,F,Free (free for publication)
DATAFLOW,OECD.ELS.JAI:DSD_LMP@DF_LMP(1.0),Labour Market Programmes,I,FIN,Finland,EXP,Public expenditure,LMP_10,Public employment services and administration,PT_B1GQ,Percentage of GDP,2021,,0.142,,3,Three,A,Normal value,0,Units,F,Free (free for publication)
DATAFLOW,OECD.ELS.JAI:DSD_LMP@DF_LMP(1.0),Labour Market Programmes,I,JPN,Japan,EXP,Public expenditure,LMP_10,Public employment services and administration,PT_B1GQ,Percentage of GDP,2021,,0.048,,3,Three,A,Normal value,0,Units,F,Free (free for publication)
DATAFLOW,OECD.ELS.JAI:DSD_LMP@DF_LMP(1.0),Labour Market Programmes,I,KOR,Korea,EXP,Public expenditure,LMP_10,Public employment services and administration,PT_B1GQ,Percentage of GDP,2021,,0.067,,3,Three,A,Normal value,0,Units,F,Free (free for publication)
DATAFLOW,OECD.ELS.JAI:DSD_LMP@DF_LMP(1.0),Labour Market Programmes,I,LTU,Lithuania,EXP,Public expenditure,LMP_10,Public employment services and administration,PT_B1GQ,Percentage of GDP,2021,,0.05,,3,Three,A,Normal value,0,Units,F,Free (free for publication)
DATAFLOW,OECD.ELS.JAI:DSD_LMP@DF_LMP(1.0),Labour Market Programmes,I,NZL,New Zealand,EXP,Public expenditure,LMP_10,Public employment services and administration,PT_B1GQ,Percentage of GDP,2021,,0.046,,3,Three,A,Normal value,0,Units,F,Free (free for publication)
DATAFLOW,OECD.ELS.JAI:DSD_LMP@DF_LMP(1.0),Labour Market Programmes,I,NOR,Norway,EXP,Public expenditure,LMP_10,Public employment services and administration,PT_B1GQ,Percentage of GDP,2021,,0.17,,3,Three,A,Normal value,0,Units,F,Free (free for publication)
DATAFLOW,OECD.ELS.JAI:DSD_LMP@DF_LMP(1.0),Labour Market Programmes,I,AUT,Austria,EXP,Public expenditure,LMP_10,Public employment services and administration,PT_B1GQ,Percentage of GDP,2020,,0.216,,3,Three,A,Normal value,0,Units,F,Free (free for publication)
DATAFLOW,OECD.ELS.JAI:DSD_LMP@DF_LMP(1.0),Labour Market Programmes,I,BEL,Belgium,EXP,Public expenditure,LMP_10,Public employment services and administration,PT_B1GQ,Percentage of GDP,2020,,0.229,,3,Three,A,Normal value,0,Units,F,Free (free for publication)
DATAFLOW,OECD.ELS.JAI:DSD_LMP@DF_LMP(1.0),Labour Market Programmes,I,FIN,Finland,EXP,Public expenditure,LMP_10,Public employment services and administration,PT_B1GQ,Percentage of GDP,2020,,0.163,,3,Three,A,Normal value,0,Units,F,Free (free for publication)
DATAFLOW,OECD.ELS.JAI:DSD_LMP@DF_LMP(1.0),Labour Market Programmes,I,JPN,Japan,EXP,Public expenditure,LMP_10,Public employment services and administration,PT_B1GQ,Percentage of GDP,2020,,0.052,,3,Three,A,Normal value,0,Units,F,Free (free for publication)
DATAFLOW,OECD.ELS.JAI:DSD_LMP@DF_LMP(1.0),Labour Market Programmes,I,LVA,Latvia,EXP,Public expenditure,LMP_10,Public employment services and administration,PT_B1GQ,Percentage of GDP,2020,,0.045,,3,Three,A,Normal value,0,Units,F,Free (free for publication)
DATAFLOW,OECD.ELS.JAI:DSD_LMP@DF_LMP(1.0),Labour Market Programmes,I,NZL,New Zealand,EXP,Public expenditure,LMP_10,Public employment services and administration,PT_B1GQ,Percentage of GDP,2020,,0.05,,3,Three,A,Normal value,0,Units,F,Free (free for publication)
DATAFLOW,OECD.ELS.JAI:DSD_LMP@DF_LMP(1.0),Labour Market Programmes,I,ESP,Spain,EXP,Public expenditure,LMP_10,Public employment services and administration,PT_B1GQ,Percentage of GDP,2020,,0.148,,3,Three,A,Normal value,0,Units,F,Free (free for publication)
DATAFLOW,OECD.ELS.JAI:DSD_LMP@DF_LMP(1.0),Labour Market Programmes,I,SWE,Sweden,EXP,Public expenditure,LMP_10,Public employment services and administration,PT_B1GQ,Percentage of GDP,2020,,0.263,,3,Three,A,Normal value,0,Units,F,Free (free for publication)
DATAFLOW,OECD.ELS.JAI:DSD_LMP@DF_LMP(1.0),Labour Market Programmes,I,CZE,Czechia,EXP,Public expenditure,LMP_10,Public employment services and administration,PT_B1GQ,Percentage of GDP,2023,,0.097,,3,Three,A,Normal value,0,Units,F,Free (free for publication)
DATAFLOW,OECD.ELS.JAI:DSD_LMP@DF_LMP(1.0),Labour Market Programmes,I,FRA,France,EXP,Public expenditure,LMP_10,Public employment services and administration,PT_B1GQ,Percentage of GDP,2023,,0.243,,3,Three,A,Normal value,0,Units,F,Free (free for publication)
DATAFLOW,OECD.ELS.JAI:DSD_LMP@DF_LMP(1.0),Labour Market Programmes,I,IRL,Ireland,EXP,Public expenditure,LMP_10,Public employment services and administration,PT_B1GQ,Percentage of GDP,2023,,0.027,,3,Three,A,Normal value,0,Units,F,Free (free for publication)
DATAFLOW,OECD.ELS.JAI:DSD_LMP@DF_LMP(1.0),Labour Market Programmes,I,ITA,Italy,EXP,Public expenditure,LMP_10,Public employment services and administration,PT_B1GQ,Percentage of GDP,2023,,0.061,,3,Three,A,Normal value,0,Units,F,Free (free for publication)
DATAFLOW,OECD.ELS.JAI:DSD_LMP@DF_LMP(1.0),Labour Market Programmes,I,JPN,Japan,EXP,Public expenditure,LMP_10,Public employment services and administration,PT_B1GQ,Percentage of GDP,2023,,0.045,,3,Three,A,Normal value,0,Units,F,Free (free for publication)
DATAFLOW,OECD.ELS.JAI:DSD_LMP@DF_LMP(1.0),Labour Market Programmes,I,LUX,Luxembourg,EXP,Public expenditure,LMP_10,Public employment services and administration,PT_B1GQ,Percentage of GDP,2023,,0.085,,3,Three,A,Normal value,0,Units,F,Free (free for publication)
DATAFLOW,OECD.ELS.JAI:DSD_LMP@DF_LMP(1.0),Labour Market Programmes,I,NLD,Netherlands,EXP,Public expenditure,LMP_10,Public employment services and administration,PT_B1GQ,Percentage of GDP,2023,,0.122,,3,Three,A,Normal value,0,Units,F,Free (free for publication)
DATAFLOW,OECD.ELS.JAI:DSD_LMP@DF_LMP(1.0),Labour Market Programmes,I,NOR,Norway,EXP,Public expenditure,LMP_10,Public employment services and administration,PT_B1GQ,Percentage of GDP,2023,,0.125,,3,Three,A,Normal value,0,Units,F,Free (free for publication)
DATAFLOW,OECD.ELS.JAI:DSD_LMP@DF_LMP(1.0),Labour Market Programmes,I,ESP,Spain,EXP,Public expenditure,LMP_10,Public employment services and administration,PT_B1GQ,Percentage of GDP,2023,,0.134,,3,Three,A,Normal value,0,Units,F,Free (free for publication)
DATAFLOW,OECD.ELS.JAI:DSD_LMP@DF_LMP(1.0),Labour Market Programmes,I,BGR,Bulgaria,EXP,Public expenditure,LMP_10,Public employment services and administration,PT_B1GQ,Percentage of GDP,2023,,0.035,,3,Three,A,Normal value,0,Units,F,Free (free for publication)
DATAFLOW,OECD.ELS.JAI:DSD_LMP@DF_LMP(1.0),Labour Market Programmes,I,DEU,Germany,EXP,Public expenditure,LMP_10,Public employment services and administration,PT_B1GQ,Percentage of GDP,2007,,0.303,,3,Three,A,Normal value,0,Units,F,Free (free for publication)
DATAFLOW,OECD.ELS.JAI:DSD_LMP@DF_LMP(1.0),Labour Market Programmes,I,DEU,Germany,EXP,Public expenditure,LMP_10,Public employment services and administration,PT_B1GQ,Percentage of GDP,2009,,0.361,,3,Three,A,Normal value,0,Units,F,Free (free for publication)
DATAFLOW,OECD.ELS.JAI:DSD_LMP@DF_LMP(1.0),Labour Market Programmes,I,DEU,Germany,EXP,Public expenditure,LMP_10,Public employment services and administration,PT_B1GQ,Percentage of GDP,2010,,0.347,,3,Three,A,Normal value,0,Units,F,Free (free for publication)
DATAFLOW,OECD.ELS.JAI:DSD_LMP@DF_LMP(1.0),Labour Market Programmes,I,DEU,Germany,EXP,Public expenditure,LMP_10,Public employment services and administration,PT_B1GQ,Percentage of GDP,2012,,0.314,,3,Three,A,Normal value,0,Units,F,Free (free for publication)
DATAFLOW,OECD.ELS.JAI:DSD_LMP@DF_LMP(1.0),Labour Market Programmes,I,DEU,Germany,EXP,Public expenditure,LMP_10,Public employment services and administration,PT_B1GQ,Percentage of GDP,2014,,0.358,,3,Three,A,Normal value,0,Units,F,Free (free for publication)
DATAFLOW,OECD.ELS.JAI:DSD_LMP@DF_LMP(1.0),Labour Market Programmes,I,DEU,Germany,EXP,Public expenditure,LMP_10,Public employment services and administration,PT_B1GQ,Percentage of GDP,2015,,0.356,,3,Three,A,Normal value,0,Units,F,Free (free for publication)
DATAFLOW,OECD.ELS.JAI:DSD_LMP@DF_LMP(1.0),Labour Market Programmes,I,DEU,Germany,EXP,Public expenditure,LMP_10,Public employment services and administration,PT_B1GQ,Percentage of GDP,2016,,0.356,,3,Three,A,Normal value,0,Units,F,Free (free for publication)
DATAFLOW,OECD.ELS.JAI:DSD_LMP@DF_LMP(1.0),Labour Market Programmes,I,DEU,Germany,EXP,Public expenditure,LMP_10,Public employment services and administration,PT_B1GQ,Percentage of GDP,2018,,0.425,,3,Three,A,Normal value,0,Units,F,Free (free for publication)
DATAFLOW,OECD.ELS.JAI:DSD_LMP@DF_LMP(1.0),Labour Market Programmes,I,DEU,Germany,EXP,Public expenditure,LMP_10,Public employment services and administration,PT_B1GQ,Percentage of GDP,2020,,0.321,,3,Three,A,Normal value,0,Units,F,Free (free for publication)
DATAFLOW,OECD.ELS.JAI:DSD_LMP@DF_LMP(1.0),Labour Market Programmes,I,DEU,Germany,EXP,Public expenditure,LMP_10,Public employment services and administration,PT_B1GQ,Percentage of GDP,2021,,0.3,,3,Three,A,Normal value,0,Units,F,Free (free for publication)
DATAFLOW,OECD.ELS.JAI:DSD_LMP@DF_LMP(1.0),Labour Market Programmes,I,CAN,Canada,EXP,Public expenditure,LMP_10,Public employment services and administration,PT_B1GQ,Percentage of GDP,2024,,0.101,,3,Three,A,Normal value,0,Units,F,Free (free for publication)
DATAFLOW,OECD.ELS.JAI:DSD_LMP@DF_LMP(1.0),Labour Market Programmes,I,CRI,Costa Rica,EXP,Public expenditure,LMP_10,Public employment services and administration,PT_B1GQ,Percentage of GDP,2024,,0.003,,3,Three,A,Normal value,0,Units,F,Free (free for publication)
DATAFLOW,OECD.ELS.JAI:DSD_LMP@DF_LMP(1.0),Labour Market Programmes,I,CZE,Czechia,EXP,Public expenditure,LMP_10,Public employment services and administration,PT_B1GQ,Percentage of GDP,2024,,0.086,,3,Three,A,Normal value,0,Units,F,Free (free for publication)
DATAFLOW,OECD.ELS.JAI:DSD_LMP@DF_LMP(1.0),Labour Market Programmes,I,EST,Estonia,EXP,Public expenditure,LMP_10,Public employment services and administration,PT_B1GQ,Percentage of GDP,2024,,0.162,,3,Three,A,Normal value,0,Units,F,Free (free for publication)
DATAFLOW,OECD.ELS.JAI:DSD_LMP@DF_LMP(1.0),Labour Market Programmes,I,FIN,Finland,EXP,Public expenditure,LMP_10,Public employment services and administration,PT_B1GQ,Percentage of GDP,2024,,0.185,,3,Three,A,Normal value,0,Units,F,Free (free for publication)
DATAFLOW,OECD.ELS.JAI:DSD_LMP@DF_LMP(1.0),Labour Market Programmes,I,FRA,France,EXP,Public expenditure,LMP_10,Public employment services and administration,PT_B1GQ,Percentage of GDP,2024,,0.244,,3,Three,A,Normal value,0,Units,F,Free (free for publication)
DATAFLOW,OECD.ELS.JAI:DSD_LMP@DF_LMP(1.0),Labour Market Programmes,I,IRL,Ireland,EXP,Public expenditure,LMP_10,Public employment services and administration,PT_B1GQ,Percentage of GDP,2024,,0.026,,3,Three,A,Normal value,0,Units,F,Free (free for publication)
DATAFLOW,OECD.ELS.JAI:DSD_LMP@DF_LMP(1.0),Labour Market Programmes,I,JPN,Japan,EXP,Public expenditure,LMP_10,Public employment services and administration,PT_B1GQ,Percentage of GDP,2024,,0.045,,3,Three,A,Normal value,0,Units,F,Free (free for publication)
DATAFLOW,OECD.ELS.JAI:DSD_LMP@DF_LMP(1.0),Labour Market Programmes,I,LVA,Latvia,EXP,Public expenditure,LMP_10,Public employment services and administration,PT_B1GQ,Percentage of GDP,2024,,0.037,,3,Three,A,Normal value,0,Units,F,Free (free for publication)
DATAFLOW,OECD.ELS.JAI:DSD_LMP@DF_LMP(1.0),Labour Market Programmes,I,MEX,Mexico,EXP,Public expenditure,LMP_10,Public employment services and administration,PT_B1GQ,Percentage of GDP,2024,,0.001,,3,Three,A,Normal value,0,Units,F,Free (free for publication)
DATAFLOW,OECD.ELS.JAI:DSD_LMP@DF_LMP(1.0),Labour Market Programmes,I,POL,Poland,EXP,Public expenditure,LMP_10,Public employment services and administration,PT_B1GQ,Percentage of GDP,2024,,0.067,,3,Three,A,Normal value,0,Units,F,Free (free for publication)
DATAFLOW,OECD.ELS.JAI:DSD_LMP@DF_LMP(1.0),Labour Market Programmes,I,PRT,Portugal,EXP,Public expenditure,LMP_10,Public employment services and administration,PT_B1GQ,Percentage of GDP,2024,,0.09,,3,Three,A,Normal value,0,Units,F,Free (free for publication)
DATAFLOW,OECD.ELS.JAI:DSD_LMP@DF_LMP(1.0),Labour Market Programmes,I,SVN,Slovenia,EXP,Public expenditure,LMP_10,Public employment services and administration,PT_B1GQ,Percentage of GDP,2024,,0.061,,3,Three,A,Normal value,0,Units,F,Free (free for publication)
DATAFLOW,OECD.ELS.JAI:DSD_LMP@DF_LMP(1.0),Labour Market Programmes,I,SWE,Sweden,EXP,Public expenditure,LMP_10,Public employment services and administration,PT_B1GQ,Percentage of GDP,2024,,0.349,,3,Three,A,Normal value,0,Units,F,Free (free for publication)
DATAFLOW,OECD.ELS.JAI:DSD_LMP@DF_LMP(1.0),Labour Market Programmes,I,CHE,Switzerland,EXP,Public expenditure,LMP_10,Public employment services and administration,PT_B1GQ,Percentage of GDP,2024,,0.093,,3,Three,A,Normal value,0,Units,F,Free (free for publication)
DATAFLOW,OECD.ELS.JAI:DSD_LMP@DF_LMP(1.0),Labour Market Programmes,I,BGR,Bulgaria,EXP,Public expenditure,LMP_10,Public employment services and administration,PT_B1GQ,Percentage of GDP,2024,,0.039,,3,Three,A,Normal value,0,Units,F,Free (free for publication)
DATAFLOW,OECD.ELS.JAI:DSD_LMP@DF_LMP(1.0),Labour Market Programmes,I,AUS,Australia,EXP,Public expenditure,LMP_10,Public employment services and administration,PT_B1GQ,Percentage of GDP,2004,,0.217,,3,Three,A,Normal value,0,Units,F,Free (free for publication)
DATAFLOW,OECD.ELS.JAI:DSD_LMP@DF_LMP(1.0),Labour Market Programmes,I,AUS,Australia,EXP,Public expenditure,LMP_10,Public employment services and administration,PT_B1GQ,Percentage of GDP,2007,,0.166,,3,Three,A,Normal value,0,Units,F,Free (free for publication)
DATAFLOW,OECD.ELS.JAI:DSD_LMP@DF_LMP(1.0),Labour Market Programmes,I,AUS,Australia,EXP,Public expenditure,LMP_10,Public employment services and administration,PT_B1GQ,Percentage of GDP,2009,,0.19,,3,Three,A,Normal value,0,Units,F,Free (free for publication)
DATAFLOW,OECD.ELS.JAI:DSD_LMP@DF_LMP(1.0),Labour Market Programmes,I,AUS,Australia,EXP,Public expenditure,LMP_10,Public employment services and administration,PT_B1GQ,Percentage of GDP,2013,,0.152,,3,Three,A,Normal value,0,Units,F,Free (free for publication)
DATAFLOW,OECD.ELS.JAI:DSD_LMP@DF_LMP(1.0),Labour Market Programmes,I,AUS,Australia,EXP,Public expenditure,LMP_10,Public employment services and administration,PT_B1GQ,Percentage of GDP,2014,,0.173,,3,Three,A,Normal value,0,Units,F,Free (free for publication)
DATAFLOW,OECD.ELS.JAI:DSD_LMP@DF_LMP(1.0),Labour Market Programmes,I,AUS,Australia,EXP,Public expenditure,LMP_10,Public employment services and administration,PT_B1GQ,Percentage of GDP,2017,,0.159,,3,Three,A,Normal value,0,Units,F,Free (free for publication)
DATAFLOW,OECD.ELS.JAI:DSD_LMP@DF_LMP(1.0),Labour Market Programmes,I,AUS,Australia,EXP,Public expenditure,LMP_10,Public employment services and administration,PT_B1GQ,Percentage of GDP,2018,,0.15,,3,Three,A,Normal value,0,Units,F,Free (free for publication)
DATAFLOW,OECD.ELS.JAI:DSD_LMP@DF_LMP(1.0),Labour Market Programmes,I,AUS,Australia,EXP,Public expenditure,LMP_10,Public employment services and administration,PT_B1GQ,Percentage of GDP,2021,,0.158,,3,Three,A,Normal value,0,Units,F,Free (free for publication)
DATAFLOW,OECD.ELS.JAI:DSD_LMP@DF_LMP(1.0),Labour Market Programmes,I,AUS,Australia,EXP,Public expenditure,LMP_10,Public employment services and administration,PT_B1GQ,Percentage of GDP,2022,,0.144,,3,Three,A,Normal value,0,Units,F,Free (free for publication)
DATAFLOW,OECD.ELS.JAI:DSD_LMP@DF_LMP(1.0),Labour Market Programmes,I,AUT,Austria,EXP,Public expenditure,LMP_10,Public employment services and administration,PT_B1GQ,Percentage of GDP,2004,,0.166,,3,Three,A,Normal value,0,Units,F,Free (free for publication)
DATAFLOW,OECD.ELS.JAI:DSD_LMP@DF_LMP(1.0),Labour Market Programmes,I,AUT,Austria,EXP,Public expenditure,LMP_10,Public employment services and administration,PT_B1GQ,Percentage of GDP,2008,,0.152,,3,Three,A,Normal value,0,Units,F,Free (free for publication)
DATAFLOW,OECD.ELS.JAI:DSD_LMP@DF_LMP(1.0),Labour Market Programmes,I,AUT,Austria,EXP,Public expenditure,LMP_10,Public employment services and administration,PT_B1GQ,Percentage of GDP,2009,,0.172,,3,Three,A,Normal value,0,Units,F,Free (free for publication)
DATAFLOW,OECD.ELS.JAI:DSD_LMP@DF_LMP(1.0),Labour Market Programmes,I,AUT,Austria,EXP,Public expenditure,LMP_10,Public employment services and administration,PT_B1GQ,Percentage of GDP,2011,,0.174,,3,Three,A,Normal value,0,Units,F,Free (free for publication)
DATAFLOW,OECD.ELS.JAI:DSD_LMP@DF_LMP(1.0),Labour Market Programmes,I,AUT,Austria,EXP,Public expenditure,LMP_10,Public employment services and administration,PT_B1GQ,Percentage of GDP,2015,,0.166,,3,Three,A,Normal value,0,Units,F,Free (free for publication)
DATAFLOW,OECD.ELS.JAI:DSD_LMP@DF_LMP(1.0),Labour Market Programmes,I,AUT,Austria,EXP,Public expenditure,LMP_10,Public employment services and administration,PT_B1GQ,Percentage of GDP,2016,,0.173,,3,Three,A,Normal value,0,Units,F,Free (free for publication)
DATAFLOW,OECD.ELS.JAI:DSD_LMP@DF_LMP(1.0),Labour Market Programmes,I,AUT,Austria,EXP,Public expenditure,LMP_10,Public employment services and administration,PT_B1GQ,Percentage of GDP,2018,,0.173,,3,Three,A,Normal value,0,Units,F,Free (free for publication)
DATAFLOW,OECD.ELS.JAI:DSD_LMP@DF_LMP(1.0),Labour Market Programmes,I,AUT,Austria,EXP,Public expenditure,LMP_10,Public employment services and administration,PT_B1GQ,Percentage of GDP,2019,,0.175,,3,Three,A,Normal value,0,Units,F,Free (free for publication)
DATAFLOW,OECD.ELS.JAI:DSD_LMP@DF_LMP(1.0),Labour Market Programmes,I,AUT,Austria,EXP,Public expenditure,LMP_10,Public employment services and administration,PT_B1GQ,Percentage of GDP,2022,,0.211,,3,Three,A,Normal value,0,Units,F,Free (free for publication)
DATAFLOW,OECD.ELS.JAI:DSD_LMP@DF_LMP(1.0),Labour Market Programmes,I,AUT,Austria,EXP,Public expenditure,LMP_10,Public employment services and administration,PT_B1GQ,Percentage of GDP,2024,,0.21,,3,Three,A,Normal value,0,Units,F,Free (free for publication)
DATAFLOW,OECD.ELS.JAI:DSD_LMP@DF_LMP(1.0),Labour Market Programmes,I,BEL,Belgium,EXP,Public expenditure,LMP_10,Public employment services and administration,PT_B1GQ,Percentage of GDP,2004,,0.173,,3,Three,A,Normal value,0,Units,F,Free (free for publication)
DATAFLOW,OECD.ELS.JAI:DSD_LMP@DF_LMP(1.0),Labour Market Programmes,I,BEL,Belgium,EXP,Public expenditure,LMP_10,Public employment services and administration,PT_B1GQ,Percentage of GDP,2008,,0.18,,3,Three,A,Normal value,0,Units,F,Free (free for publication)
DATAFLOW,OECD.ELS.JAI:DSD_LMP@DF_LMP(1.0),Labour Market Programmes,I,BEL,Belgium,EXP,Public expenditure,LMP_10,Public employment services and administration,PT_B1GQ,Percentage of GDP,2009,,0.195,,3,Three,A,Normal value,0,Units,F,Free (free for publication)
DATAFLOW,OECD.ELS.JAI:DSD_LMP@DF_LMP(1.0),Labour Market Programmes,I,BEL,Belgium,EXP,Public expenditure,LMP_10,Public employment services and administration,PT_B1GQ,Percentage of GDP,2011,,0.197,,3,Three,A,Normal value,0,Units,F,Free (free for publication)
DATAFLOW,OECD.ELS.JAI:DSD_LMP@DF_LMP(1.0),Labour Market Programmes,I,BEL,Belgium,EXP,Public expenditure,LMP_10,Public employment services and administration,PT_B1GQ,Percentage of GDP,2012,,0.194,,3,Three,A,Normal value,0,Units,F,Free (free for publication)
DATAFLOW,OECD.ELS.JAI:DSD_LMP@DF_LMP(1.0),Labour Market Programmes,I,BEL,Belgium,EXP,Public expenditure,LMP_10,Public employment services and administration,PT_B1GQ,Percentage of GDP,2013,,0.197,,3,Three,A,Normal value,0,Units,F,Free (free for publication)
DATAFLOW,OECD.ELS.JAI:DSD_LMP@DF_LMP(1.0),Labour Market Programmes,I,BEL,Belgium,EXP,Public expenditure,LMP_10,Public employment services and administration,PT_B1GQ,Percentage of GDP,2016,,0.197,,3,Three,A,Normal value,0,Units,F,Free (free for publication)
DATAFLOW,OECD.ELS.JAI:DSD_LMP@DF_LMP(1.0),Labour Market Programmes,I,BEL,Belgium,EXP,Public expenditure,LMP_10,Public employment services and administration,PT_B1GQ,Percentage of GDP,2017,,0.209,,3,Three,A,Normal value,0,Units,F,Free (free for publication)
DATAFLOW,OECD.ELS.JAI:DSD_LMP@DF_LMP(1.0),Labour Market Programmes,I,BEL,Belgium,EXP,Public expenditure,LMP_10,Public employment services and administration,PT_B1GQ,Percentage of GDP,2019,,0.217,,3,Three,A,Normal value,0,Units,F,Free (free for publication)
DATAFLOW,OECD.ELS.JAI:DSD_LMP@DF_LMP(1.0),Labour Market Programmes,I,BEL,Belgium,EXP,Public expenditure,LMP_10,Public employment services and administration,PT_B1GQ,Percentage of GDP,2023,,0.247,,3,Three,A,Normal value,0,Units,F,Free (free for publication)
DATAFLOW,OECD.ELS.JAI:DSD_LMP@DF_LMP(1.0),Labour Market Programmes,I,BEL,Belgium,EXP,Public expenditure,LMP_10,Public employment services and administration,PT_B1GQ,Percentage of GDP,2024,,0.261,,3,Three,A,Normal value,0,Units,F,Free (free for publication)
DATAFLOW,OECD.ELS.JAI:DSD_LMP@DF_LMP(1.0),Labour Market Programmes,I,CAN,Canada,EXP,Public expenditure,LMP_10,Public employment services and administration,PT_B1GQ,Percentage of GDP,2006,,0.145,,3,Three,A,Normal value,0,Units,F,Free (free for publication)
DATAFLOW,OECD.ELS.JAI:DSD_LMP@DF_LMP(1.0),Labour Market Programmes,I,CAN,Canada,EXP,Public expenditure,LMP_10,Public employment services and administration,PT_B1GQ,Percentage of GDP,2013,,0.098,,3,Three,A,Normal value,0,Units,F,Free (free for publication)
DATAFLOW,OECD.ELS.JAI:DSD_LMP@DF_LMP(1.0),Labour Market Programmes,I,CAN,Canada,EXP,Public expenditure,LMP_10,Public employment services and administration,PT_B1GQ,Percentage of GDP,2015,,0.115,,3,Three,A,Normal value,0,Units,F,Free (free for publication)
DATAFLOW,OECD.ELS.JAI:DSD_LMP@DF_LMP(1.0),Labour Market Programmes,I,CAN,Canada,EXP,Public expenditure,LMP_10,Public employment services and administration,PT_B1GQ,Percentage of GDP,2017,,0.116,,3,Three,A,Normal value,0,Units,F,Free (free for publication)
DATAFLOW,OECD.ELS.JAI:DSD_LMP@DF_LMP(1.0),Labour Market Programmes,I,CAN,Canada,EXP,Public expenditure,LMP_10,Public employment services and administration,PT_B1GQ,Percentage of GDP,2023,,0.112,,3,Three,A,Normal value,0,Units,F,Free (free for publication)
DATAFLOW,OECD.ELS.JAI:DSD_LMP@DF_LMP(1.0),Labour Market Programmes,I,CHL,Chile,EXP,Public expenditure,LMP_10,Public employment services and administration,PT_B1GQ,Percentage of GDP,2004,,0.01,,3,Three,A,Normal value,0,Units,F,Free (free for publication)
DATAFLOW,OECD.ELS.JAI:DSD_LMP@DF_LMP(1.0),Labour Market Programmes,I,CHL,Chile,EXP,Public expenditure,LMP_10,Public employment services and administration,PT_B1GQ,Percentage of GDP,2009,,0.017,,3,Three,A,Normal value,0,Units,F,Free (free for publication)
DATAFLOW,OECD.ELS.JAI:DSD_LMP@DF_LMP(1.0),Labour Market Programmes,I,CHL,Chile,EXP,Public expenditure,LMP_10,Public employment services and administration,PT_B1GQ,Percentage of GDP,2010,,0.019,,3,Three,A,Normal value,0,Units,F,Free (free for publication)
DATAFLOW,OECD.ELS.JAI:DSD_LMP@DF_LMP(1.0),Labour Market Programmes,I,CHL,Chile,EXP,Public expenditure,LMP_10,Public employment services and administration,PT_B1GQ,Percentage of GDP,2013,,0.028,,3,Three,A,Normal value,0,Units,F,Free (free for publication)
DATAFLOW,OECD.ELS.JAI:DSD_LMP@DF_LMP(1.0),Labour Market Programmes,I,CHL,Chile,EXP,Public expenditure,LMP_10,Public employment services and administration,PT_B1GQ,Percentage of GDP,2014,,0.028,,3,Three,A,Normal value,0,Units,F,Free (free for publication)
DATAFLOW,OECD.ELS.JAI:DSD_LMP@DF_LMP(1.0),Labour Market Programmes,I,CHL,Chile,EXP,Public expenditure,LMP_10,Public employment services and administration,PT_B1GQ,Percentage of GDP,2015,,0.029,,3,Three,A,Normal value,0,Units,F,Free (free for publication)
DATAFLOW,OECD.ELS.JAI:DSD_LMP@DF_LMP(1.0),Labour Market Programmes,I,CHL,Chile,EXP,Public expenditure,LMP_10,Public employment services and administration,PT_B1GQ,Percentage of GDP,2016,,0.029,,3,Three,A,Normal value,0,Units,F,Free (free for publication)
DATAFLOW,OECD.ELS.JAI:DSD_LMP@DF_LMP(1.0),Labour Market Programmes,I,CHL,Chile,EXP,Public expenditure,LMP_10,Public employment services and administration,PT_B1GQ,Percentage of GDP,2017,,0.03,,3,Three,A,Normal value,0,Units,F,Free (free for publication)
DATAFLOW,OECD.ELS.JAI:DSD_LMP@DF_LMP(1.0),Labour Market Programmes,I,CHL,Chile,EXP,Public expenditure,LMP_10,Public employment services and administration,PT_B1GQ,Percentage of GDP,2021,,0.029,,3,Three,A,Normal value,0,Units,F,Free (free for publication)
DATAFLOW,OECD.ELS.JAI:DSD_LMP@DF_LMP(1.0),Labour Market Programmes,I,CHL,Chile,EXP,Public expenditure,LMP_10,Public employment services and administration,PT_B1GQ,Percentage of GDP,2022,,0.032,,3,Three,A,Normal value,0,Units,F,Free (free for publication)
DATAFLOW,OECD.ELS.JAI:DSD_LMP@DF_LMP(1.0),Labour Market Programmes,I,CHL,Chile,EXP,Public expenditure,LMP_10,Public employment services and administration,PT_B1GQ,Percentage of GDP,2023,,0.029,,3,Three,A,Normal value,0,Units,F,Free (free for publication)
DATAFLOW,OECD.ELS.JAI:DSD_LMP@DF_LMP(1.0),Labour Market Programmes,I,CZE,Czechia,EXP,Public expenditure,LMP_10,Public employment services and administration,PT_B1GQ,Percentage of GDP,2005,,0.116,,3,Three,A,Normal value,0,Units,F,Free (free for publication)
DATAFLOW,OECD.ELS.JAI:DSD_LMP@DF_LMP(1.0),Labour Market Programmes,I,CZE,Czechia,EXP,Public expenditure,LMP_10,Public employment services and administration,PT_B1GQ,Percentage of GDP,2010,,0.104,,3,Three,A,Normal value,0,Units,F,Free (free for publication)
DATAFLOW,OECD.ELS.JAI:DSD_LMP@DF_LMP(1.0),Labour Market Programmes,I,CZE,Czechia,EXP,Public expenditure,LMP_10,Public employment services and administration,PT_B1GQ,Percentage of GDP,2011,,0.09,,3,Three,A,Normal value,0,Units,F,Free (free for publication)
DATAFLOW,OECD.ELS.JAI:DSD_LMP@DF_LMP(1.0),Labour Market Programmes,I,CZE,Czechia,EXP,Public expenditure,LMP_10,Public employment services and administration,PT_B1GQ,Percentage of GDP,2012,,0.108,,3,Three,A,Normal value,0,Units,F,Free (free for publication)
DATAFLOW,OECD.ELS.JAI:DSD_LMP@DF_LMP(1.0),Labour Market Programmes,I,CZE,Czechia,EXP,Public expenditure,LMP_10,Public employment services and administration,PT_B1GQ,Percentage of GDP,2013,,0.101,,3,Three,A,Normal value,0,Units,F,Free (free for publication)
DATAFLOW,OECD.ELS.JAI:DSD_LMP@DF_LMP(1.0),Labour Market Programmes,I,CZE,Czechia,EXP,Public expenditure,LMP_10,Public employment services and administration,PT_B1GQ,Percentage of GDP,2014,,0.119,,3,Three,A,Normal value,0,Units,F,Free (free for publication)
DATAFLOW,OECD.ELS.JAI:DSD_LMP@DF_LMP(1.0),Labour Market Programmes,I,CZE,Czechia,EXP,Public expenditure,LMP_10,Public employment services and administration,PT_B1GQ,Percentage of GDP,2015,,0.12,,3,Three,A,Normal value,0,Units,F,Free (free for publication)
DATAFLOW,OECD.ELS.JAI:DSD_LMP@DF_LMP(1.0),Labour Market Programmes,I,CZE,Czechia,EXP,Public expenditure,LMP_10,Public employment services and administration,PT_B1GQ,Percentage of GDP,2018,,0.115,,3,Three,A,Normal value,0,Units,F,Free (free for publication)
DATAFLOW,OECD.ELS.JAI:DSD_LMP@DF_LMP(1.0),Labour Market Programmes,I,CZE,Czechia,EXP,Public expenditure,LMP_10,Public employment services and administration,PT_B1GQ,Percentage of GDP,2020,,0.12,,3,Three,A,Normal value,0,Units,F,Free (free for publication)
DATAFLOW,OECD.ELS.JAI:DSD_LMP@DF_LMP(1.0),Labour Market Programmes,I,DNK,Denmark,EXP,Public expenditure,LMP_10,Public employment services and administration,PT_B1GQ,Percentage of GDP,2010,,0.388,,3,Three,A,Normal value,0,Units,F,Free (free for publication)
DATAFLOW,OECD.ELS.JAI:DSD_LMP@DF_LMP(1.0),Labour Market Programmes,I,DNK,Denmark,EXP,Public expenditure,LMP_10,Public employment services and administration,PT_B1GQ,Percentage of GDP,2011,,0.368,,3,Three,A,Normal value,0,Units,F,Free (free for publication)
DATAFLOW,OECD.ELS.JAI:DSD_LMP@DF_LMP(1.0),Labour Market Programmes,I,DNK,Denmark,EXP,Public expenditure,LMP_10,Public employment services and administration,PT_B1GQ,Percentage of GDP,2014,,0.386,,3,Three,A,Normal value,0,Units,F,Free (free for publication)
DATAFLOW,OECD.ELS.JAI:DSD_LMP@DF_LMP(1.0),Labour Market Programmes,I,DNK,Denmark,EXP,Public expenditure,LMP_10,Public employment services and administration,PT_B1GQ,Percentage of GDP,2015,,0.389,,3,Three,A,Normal value,0,Units,F,Free (free for publication)
DATAFLOW,OECD.ELS.JAI:DSD_LMP@DF_LMP(1.0),Labour Market Programmes,I,DNK,Denmark,EXP,Public expenditure,LMP_10,Public employment services and administration,PT_B1GQ,Percentage of GDP,2021,,0.354,,3,Three,A,Normal value,0,Units,F,Free (free for publication)
DATAFLOW,OECD.ELS.JAI:DSD_LMP@DF_LMP(1.0),Labour Market Programmes,I,DNK,Denmark,EXP,Public expenditure,LMP_10,Public employment services and administration,PT_B1GQ,Percentage of GDP,2022,,0.333,,3,Three,A,Normal value,0,Units,F,Free (free for publication)
DATAFLOW,OECD.ELS.JAI:DSD_LMP@DF_LMP(1.0),Labour Market Programmes,I,DNK,Denmark,EXP,Public expenditure,LMP_10,Public employment services and administration,PT_B1GQ,Percentage of GDP,2023,,0.333,,3,Three,A,Normal value,0,Units,F,Free (free for publication)
DATAFLOW,OECD.ELS.JAI:DSD_LMP@DF_LMP(1.0),Labour Market Programmes,I,DNK,Denmark,EXP,Public expenditure,LMP_10,Public employment services and administration,PT_B1GQ,Percentage of GDP,2024,,0.337,,3,Three,A,Normal value,0,Units,F,Free (free for publication)
DATAFLOW,OECD.ELS.JAI:DSD_LMP@DF_LMP(1.0),Labour Market Programmes,I,EST,Estonia,EXP,Public expenditure,LMP_10,Public employment services and administration,PT_B1GQ,Percentage of GDP,2004,,0.021,,3,Three,A,Normal value,0,Units,F,Free (free for publication)
DATAFLOW,OECD.ELS.JAI:DSD_LMP@DF_LMP(1.0),Labour Market Programmes,I,EST,Estonia,EXP,Public expenditure,LMP_10,Public employment services and administration,PT_B1GQ,Percentage of GDP,2005,,0.021,,3,Three,A,Normal value,0,Units,F,Free (free for publication)
DATAFLOW,OECD.ELS.JAI:DSD_LMP@DF_LMP(1.0),Labour Market Programmes,I,EST,Estonia,EXP,Public expenditure,LMP_10,Public employment services and administration,PT_B1GQ,Percentage of GDP,2010,,0.09,,3,Three,A,Normal value,0,Units,F,Free (free for publication)
DATAFLOW,OECD.ELS.JAI:DSD_LMP@DF_LMP(1.0),Labour Market Programmes,I,EST,Estonia,EXP,Public expenditure,LMP_10,Public employment services and administration,PT_B1GQ,Percentage of GDP,2014,,0.097,,3,Three,A,Normal value,0,Units,F,Free (free for publication)
DATAFLOW,OECD.ELS.JAI:DSD_LMP@DF_LMP(1.0),Labour Market Programmes,I,EST,Estonia,EXP,Public expenditure,LMP_10,Public employment services and administration,PT_B1GQ,Percentage of GDP,2020,,0.159,,3,Three,A,Normal value,0,Units,F,Free (free for publication)
DATAFLOW,OECD.ELS.JAI:DSD_LMP@DF_LMP(1.0),Labour Market Programmes,I,FIN,Finland,EXP,Public expenditure,LMP_10,Public employment services and administration,PT_B1GQ,Percentage of GDP,2005,,0.165,,3,Three,A,Normal value,0,Units,F,Free (free for publication)
DATAFLOW,OECD.ELS.JAI:DSD_LMP@DF_LMP(1.0),Labour Market Programmes,I,FIN,Finland,EXP,Public expenditure,LMP_10,Public employment services and administration,PT_B1GQ,Percentage of GDP,2006,,0.16,,3,Three,A,Normal value,0,Units,F,Free (free for publication)
DATAFLOW,OECD.ELS.JAI:DSD_LMP@DF_LMP(1.0),Labour Market Programmes,I,FIN,Finland,EXP,Public expenditure,LMP_10,Public employment services and administration,PT_B1GQ,Percentage of GDP,2007,,0.152,,3,Three,A,Normal value,0,Units,F,Free (free for publication)
DATAFLOW,OECD.ELS.JAI:DSD_LMP@DF_LMP(1.0),Labour Market Programmes,I,FIN,Finland,EXP,Public expenditure,LMP_10,Public employment services and administration,PT_B1GQ,Percentage of GDP,2012,,0.151,,3,Three,A,Normal value,0,Units,F,Free (free for publication)
DATAFLOW,OECD.ELS.JAI:DSD_LMP@DF_LMP(1.0),Labour Market Programmes,I,FIN,Finland,EXP,Public expenditure,LMP_10,Public employment services and administration,PT_B1GQ,Percentage of GDP,2013,,0.144,,3,Three,A,Normal value,0,Units,F,Free (free for publication)
DATAFLOW,OECD.ELS.JAI:DSD_LMP@DF_LMP(1.0),Labour Market Programmes,I,FIN,Finland,EXP,Public expenditure,LMP_10,Public employment services and administration,PT_B1GQ,Percentage of GDP,2014,,0.153,,3,Three,A,Normal value,0,Units,F,Free (free for publication)
DATAFLOW,OECD.ELS.JAI:DSD_LMP@DF_LMP(1.0),Labour Market Programmes,I,FIN,Finland,EXP,Public expenditure,LMP_10,Public employment services and administration,PT_B1GQ,Percentage of GDP,2015,,0.15,,3,Three,A,Normal value,0,Units,F,Free (free for publication)
DATAFLOW,OECD.ELS.JAI:DSD_LMP@DF_LMP(1.0),Labour Market Programmes,I,FIN,Finland,EXP,Public expenditure,LMP_10,Public employment services and administration,PT_B1GQ,Percentage of GDP,2016,,0.146,,3,Three,A,Normal value,0,Units,F,Free (free for publication)
DATAFLOW,OECD.ELS.JAI:DSD_LMP@DF_LMP(1.0),Labour Market Programmes,I,FIN,Finland,EXP,Public expenditure,LMP_10,Public employment services and administration,PT_B1GQ,Percentage of GDP,2023,,0.181,,3,Three,A,Normal value,0,Units,F,Free (free for publication)
DATAFLOW,OECD.ELS.JAI:DSD_LMP@DF_LMP(1.0),Labour Market Programmes,I,FRA,France,EXP,Public expenditure,LMP_10,Public employment services and administration,PT_B1GQ,Percentage of GDP,2004,,0.239,,3,Three,A,Normal value,0,Units,F,Free (free for publication)
DATAFLOW,OECD.ELS.JAI:DSD_LMP@DF_LMP(1.0),Labour Market Programmes,I,FRA,France,EXP,Public expenditure,LMP_10,Public employment services and administration,PT_B1GQ,Percentage of GDP,2005,,0.24,,3,Three,A,Normal value,0,Units,F,Free (free for publication)
DATAFLOW,OECD.ELS.JAI:DSD_LMP@DF_LMP(1.0),Labour Market Programmes,I,FRA,France,EXP,Public expenditure,LMP_10,Public employment services and administration,PT_B1GQ,Percentage of GDP,2008,,0.21,,3,Three,A,Normal value,0,Units,F,Free (free for publication)
DATAFLOW,OECD.ELS.JAI:DSD_LMP@DF_LMP(1.0),Labour Market Programmes,I,FRA,France,EXP,Public expenditure,LMP_10,Public employment services and administration,PT_B1GQ,Percentage of GDP,2013,,0.27,,3,Three,A,Normal value,0,Units,F,Free (free for publication)
DATAFLOW,OECD.ELS.JAI:DSD_LMP@DF_LMP(1.0),Labour Market Programmes,I,FRA,France,EXP,Public expenditure,LMP_10,Public employment services and administration,PT_B1GQ,Percentage of GDP,2015,,0.257,,3,Three,A,Normal value,0,Units,F,Free (free for publication)
DATAFLOW,OECD.ELS.JAI:DSD_LMP@DF_LMP(1.0),Labour Market Programmes,I,FRA,France,EXP,Public expenditure,LMP_10,Public employment services and administration,PT_B1GQ,Percentage of GDP,2017,,0.247,,3,Three,A,Normal value,0,Units,F,Free (free for publication)
DATAFLOW,OECD.ELS.JAI:DSD_LMP@DF_LMP(1.0),Labour Market Programmes,I,FRA,France,EXP,Public expenditure,LMP_10,Public employment services and administration,PT_B1GQ,Percentage of GDP,2018,,0.234,,3,Three,A,Normal value,0,Units,F,Free (free for publication)
DATAFLOW,OECD.ELS.JAI:DSD_LMP@DF_LMP(1.0),Labour Market Programmes,I,FRA,France,EXP,Public expenditure,LMP_10,Public employment services and administration,PT_B1GQ,Percentage of GDP,2019,,0.232,,3,Three,A,Normal value,0,Units,F,Free (free for publication)
DATAFLOW,OECD.ELS.JAI:DSD_LMP@DF_LMP(1.0),Labour Market Programmes,I,FRA,France,EXP,Public expenditure,LMP_10,Public employment services and administration,PT_B1GQ,Percentage of GDP,2020,,0.248,,3,Three,A,Normal value,0,Units,F,Free (free for publication)
DATAFLOW,OECD.ELS.JAI:DSD_LMP@DF_LMP(1.0),Labour Market Programmes,I,FRA,France,EXP,Public expenditure,LMP_10,Public employment services and administration,PT_B1GQ,Percentage of GDP,2021,,0.254,,3,Three,A,Normal value,0,Units,F,Free (free for publication)
DATAFLOW,OECD.ELS.JAI:DSD_LMP@DF_LMP(1.0),Labour Market Programmes,I,FRA,France,EXP,Public expenditure,LMP_10,Public employment services and administration,PT_B1GQ,Percentage of GDP,2022,,0.247,,3,Three,A,Normal value,0,Units,F,Free (free for publication)
DATAFLOW,OECD.ELS.JAI:DSD_LMP@DF_LMP(1.0),Labour Market Programmes,I,DEU,Germany,EXP,Public expenditure,LMP_10,Public employment services and administration,PT_B1GQ,Percentage of GDP,2004,,0.224,,3,Three,A,Normal value,0,Units,F,Free (free for publication)
DATAFLOW,OECD.ELS.JAI:DSD_LMP@DF_LMP(1.0),Labour Market Programmes,I,DEU,Germany,EXP,Public expenditure,LMP_10,Public employment services and administration,PT_B1GQ,Percentage of GDP,2005,,0.3,,3,Three,A,Normal value,0,Units,F,Free (free for publication)
DATAFLOW,OECD.ELS.JAI:DSD_LMP@DF_LMP(1.0),Labour Market Programmes,I,DEU,Germany,EXP,Public expenditure,LMP_10,Public employment services and administration,PT_B1GQ,Percentage of GDP,2006,,0.291,,3,Three,A,Normal value,0,Units,F,Free (free for publication)
DATAFLOW,OECD.ELS.JAI:DSD_LMP@DF_LMP(1.0),Labour Market Programmes,I,DEU,Germany,EXP,Public expenditure,LMP_10,Public employment services and administration,PT_B1GQ,Percentage of GDP,2008,,0.324,,3,Three,A,Normal value,0,Units,F,Free (free for publication)
DATAFLOW,OECD.ELS.JAI:DSD_LMP@DF_LMP(1.0),Labour Market Programmes,I,DEU,Germany,EXP,Public expenditure,LMP_10,Public employment services and administration,PT_B1GQ,Percentage of GDP,2011,,0.317,,3,Three,A,Normal value,0,Units,F,Free (free for publication)
DATAFLOW,OECD.ELS.JAI:DSD_LMP@DF_LMP(1.0),Labour Market Programmes,I,DEU,Germany,EXP,Public expenditure,LMP_10,Public employment services and administration,PT_B1GQ,Percentage of GDP,2013,,0.324,,3,Three,A,Normal value,0,Units,F,Free (free for publication)
DATAFLOW,OECD.ELS.JAI:DSD_LMP@DF_LMP(1.0),Labour Market Programmes,I,DEU,Germany,EXP,Public expenditure,LMP_10,Public employment services and administration,PT_B1GQ,Percentage of GDP,2017,,0.384,,3,Three,A,Normal value,0,Units,F,Free (free for publication)
DATAFLOW,OECD.ELS.JAI:DSD_LMP@DF_LMP(1.0),Labour Market Programmes,I,DEU,Germany,EXP,Public expenditure,LMP_10,Public employment services and administration,PT_B1GQ,Percentage of GDP,2019,,0.331,,3,Three,A,Normal value,0,Units,F,Free (free for publication)
DATAFLOW,OECD.ELS.JAI:DSD_LMP@DF_LMP(1.0),Labour Market Programmes,I,DEU,Germany,EXP,Public expenditure,LMP_10,Public employment services and administration,PT_B1GQ,Percentage of GDP,2022,,0.282,,3,Three,A,Normal value,0,Units,F,Free (free for publication)
DATAFLOW,OECD.ELS.JAI:DSD_LMP@DF_LMP(1.0),Labour Market Programmes,I,DEU,Germany,EXP,Public expenditure,LMP_10,Public employment services and administration,PT_B1GQ,Percentage of GDP,2023,,0.289,,3,Three,A,Normal value,0,Units,F,Free (free for publication)
DATAFLOW,OECD.ELS.JAI:DSD_LMP@DF_LMP(1.0),Labour Market Programmes,I,DEU,Germany,EXP,Public expenditure,LMP_10,Public employment services and administration,PT_B1GQ,Percentage of GDP,2024,,0.298,,3,Three,A,Normal value,0,Units,F,Free (free for publication)
DATAFLOW,OECD.ELS.JAI:DSD_LMP@DF_LMP(1.0),Labour Market Programmes,I,GRC,Greece,EXP,Public expenditure,LMP_10,Public employment services and administration,PT_B1GQ,Percentage of GDP,2004,,0.018,,3,Three,A,Normal value,0,Units,F,Free (free for publication)
DATAFLOW,OECD.ELS.JAI:DSD_LMP@DF_LMP(1.0),Labour Market Programmes,I,GRC,Greece,EXP,Public expenditure,LMP_10,Public employment services and administration,PT_B1GQ,Percentage of GDP,2005,,0.01,,3,Three,A,Normal value,0,Units,F,Free (free for publication)
DATAFLOW,OECD.ELS.JAI:DSD_LMP@DF_LMP(1.0),Labour Market Programmes,I,GRC,Greece,EXP,Public expenditure,LMP_10,Public employment services and administration,PT_B1GQ,Percentage of GDP,2006,,0.01,,3,Three,A,Normal value,0,Units,F,Free (free for publication)
DATAFLOW,OECD.ELS.JAI:DSD_LMP@DF_LMP(1.0),Labour Market Programmes,I,GRC,Greece,EXP,Public expenditure,LMP_10,Public employment services and administration,PT_B1GQ,Percentage of GDP,2008,,0.01,,3,Three,A,Normal value,0,Units,F,Free (free for publication)
DATAFLOW,OECD.ELS.JAI:DSD_LMP@DF_LMP(1.0),Labour Market Programmes,I,GRC,Greece,EXP,Public expenditure,LMP_10,Public employment services and administration,PT_B1GQ,Percentage of GDP,2010,,0.01,,3,Three,A,Normal value,0,Units,F,Free (free for publication)
DATAFLOW,OECD.ELS.JAI:DSD_LMP@DF_LMP(1.0),Labour Market Programmes,I,GRC,Greece,EXP,Public expenditure,LMP_10,Public employment services and administration,PT_B1GQ,Percentage of GDP,2013,,0.01,,3,Three,A,Normal value,0,Units,F,Free (free for publication)
DATAFLOW,OECD.ELS.JAI:DSD_LMP@DF_LMP(1.0),Labour Market Programmes,I,GRC,Greece,EXP,Public expenditure,LMP_10,Public employment services and administration,PT_B1GQ,Percentage of GDP,2014,,0.014,,3,Three,A,Normal value,0,Units,F,Free (free for publication)
DATAFLOW,OECD.ELS.JAI:DSD_LMP@DF_LMP(1.0),Labour Market Programmes,I,HUN,Hungary,EXP,Public expenditure,LMP_10,Public employment services and administration,PT_B1GQ,Percentage of GDP,2004,,0.097,,3,Three,A,Normal value,0,Units,F,Free (free for publication)
DATAFLOW,OECD.ELS.JAI:DSD_LMP@DF_LMP(1.0),Labour Market Programmes,I,HUN,Hungary,EXP,Public expenditure,LMP_10,Public employment services and administration,PT_B1GQ,Percentage of GDP,2007,,0.082,,3,Three,A,Normal value,0,Units,F,Free (free for publication)
DATAFLOW,OECD.ELS.JAI:DSD_LMP@DF_LMP(1.0),Labour Market Programmes,I,HUN,Hungary,EXP,Public expenditure,LMP_10,Public employment services and administration,PT_B1GQ,Percentage of GDP,2010,,0.086,,3,Three,A,Normal value,0,Units,F,Free (free for publication)
DATAFLOW,OECD.ELS.JAI:DSD_LMP@DF_LMP(1.0),Labour Market Programmes,I,HUN,Hungary,EXP,Public expenditure,LMP_10,Public employment services and administration,PT_B1GQ,Percentage of GDP,2016,,0.059,,3,Three,A,Normal value,0,Units,F,Free (free for publication)
DATAFLOW,OECD.ELS.JAI:DSD_LMP@DF_LMP(1.0),Labour Market Programmes,I,HUN,Hungary,EXP,Public expenditure,LMP_10,Public employment services and administration,PT_B1GQ,Percentage of GDP,2017,,0.064,,3,Three,A,Normal value,0,Units,F,Free (free for publication)
DATAFLOW,OECD.ELS.JAI:DSD_LMP@DF_LMP(1.0),Labour Market Programmes,I,HUN,Hungary,EXP,Public expenditure,LMP_10,Public employment services and administration,PT_B1GQ,Percentage of GDP,2018,,0.061,,3,Three,A,Normal value,0,Units,F,Free (free for publication)
DATAFLOW,OECD.ELS.JAI:DSD_LMP@DF_LMP(1.0),Labour Market Programmes,I,HUN,Hungary,EXP,Public expenditure,LMP_10,Public employment services and administration,PT_B1GQ,Percentage of GDP,2021,,0.05,,3,Three,A,Normal value,0,Units,F,Free (free for publication)
DATAFLOW,OECD.ELS.JAI:DSD_LMP@DF_LMP(1.0),Labour Market Programmes,I,HUN,Hungary,EXP,Public expenditure,LMP_10,Public employment services and administration,PT_B1GQ,Percentage of GDP,2024,,0.03,,3,Three,A,Normal value,0,Units,F,Free (free for publication)
DATAFLOW,OECD.ELS.JAI:DSD_LMP@DF_LMP(1.0),Labour Market Programmes,I,IRL,Ireland,EXP,Public expenditure,LMP_10,Public employment services and administration,PT_B1GQ,Percentage of GDP,2005,,0.115,,3,Three,A,Normal value,0,Units,F,Free (free for publication)
DATAFLOW,OECD.ELS.JAI:DSD_LMP@DF_LMP(1.0),Labour Market Programmes,I,IRL,Ireland,EXP,Public expenditure,LMP_10,Public employment services and administration,PT_B1GQ,Percentage of GDP,2007,,0.115,,3,Three,A,Normal value,0,Units,F,Free (free for publication)
DATAFLOW,OECD.ELS.JAI:DSD_LMP@DF_LMP(1.0),Labour Market Programmes,I,IRL,Ireland,EXP,Public expenditure,LMP_10,Public employment services and administration,PT_B1GQ,Percentage of GDP,2009,,0.168,,3,Three,A,Normal value,0,Units,F,Free (free for publication)
DATAFLOW,OECD.ELS.JAI:DSD_LMP@DF_LMP(1.0),Labour Market Programmes,I,IRL,Ireland,EXP,Public expenditure,LMP_10,Public employment services and administration,PT_B1GQ,Percentage of GDP,2010,,0.168,,3,Three,A,Normal value,0,Units,F,Free (free for publication)
DATAFLOW,OECD.ELS.JAI:DSD_LMP@DF_LMP(1.0),Labour Market Programmes,I,IRL,Ireland,EXP,Public expenditure,LMP_10,Public employment services and administration,PT_B1GQ,Percentage of GDP,2013,,0.152,,3,Three,A,Normal value,0,Units,F,Free (free for publication)
DATAFLOW,OECD.ELS.JAI:DSD_LMP@DF_LMP(1.0),Labour Market Programmes,I,IRL,Ireland,EXP,Public expenditure,LMP_10,Public employment services and administration,PT_B1GQ,Percentage of GDP,2017,,0.057,,3,Three,A,Normal value,0,Units,F,Free (free for publication)
DATAFLOW,OECD.ELS.JAI:DSD_LMP@DF_LMP(1.0),Labour Market Programmes,I,IRL,Ireland,EXP,Public expenditure,LMP_10,Public employment services and administration,PT_B1GQ,Percentage of GDP,2018,,0.05,,3,Three,A,Normal value,0,Units,F,Free (free for publication)
DATAFLOW,OECD.ELS.JAI:DSD_LMP@DF_LMP(1.0),Labour Market Programmes,I,IRL,Ireland,EXP,Public expenditure,LMP_10,Public employment services and administration,PT_B1GQ,Percentage of GDP,2019,,0.043,,3,Three,A,Normal value,0,Units,F,Free (free for publication)
DATAFLOW,OECD.ELS.JAI:DSD_LMP@DF_LMP(1.0),Labour Market Programmes,I,IRL,Ireland,EXP,Public expenditure,LMP_10,Public employment services and administration,PT_B1GQ,Percentage of GDP,2020,,0.064,,3,Three,A,Normal value,0,Units,F,Free (free for publication)
DATAFLOW,OECD.ELS.JAI:DSD_LMP@DF_LMP(1.0),Labour Market Programmes,I,IRL,Ireland,EXP,Public expenditure,LMP_10,Public employment services and administration,PT_B1GQ,Percentage of GDP,2022,,0.03,,3,Three,A,Normal value,0,Units,F,Free (free for publication)
DATAFLOW,OECD.ELS.JAI:DSD_LMP@DF_LMP(1.0),Labour Market Programmes,I,ISR,Israel,EXP,Public expenditure,LMP_10,Public employment services and administration,PT_B1GQ,Percentage of GDP,2005,,0.039,,3,Three,A,Normal value,0,Units,F,Free (free for publication)
DATAFLOW,OECD.ELS.JAI:DSD_LMP@DF_LMP(1.0),Labour Market Programmes,I,ISR,Israel,EXP,Public expenditure,LMP_10,Public employment services and administration,PT_B1GQ,Percentage of GDP,2006,,0.043,,3,Three,A,Normal value,0,Units,F,Free (free for publication)
DATAFLOW,OECD.ELS.JAI:DSD_LMP@DF_LMP(1.0),Labour Market Programmes,I,ISR,Israel,EXP,Public expenditure,LMP_10,Public employment services and administration,PT_B1GQ,Percentage of GDP,2007,,0.037,,3,Three,A,Normal value,0,Units,F,Free (free for publication)
DATAFLOW,OECD.ELS.JAI:DSD_LMP@DF_LMP(1.0),Labour Market Programmes,I,ISR,Israel,EXP,Public expenditure,LMP_10,Public employment services and administration,PT_B1GQ,Percentage of GDP,2008,,0.035,,3,Three,A,Normal value,0,Units,F,Free (free for publication)
DATAFLOW,OECD.ELS.JAI:DSD_LMP@DF_LMP(1.0),Labour Market Programmes,I,ISR,Israel,EXP,Public expenditure,LMP_10,Public employment services and administration,PT_B1GQ,Percentage of GDP,2009,,0.032,,3,Three,A,Normal value,0,Units,F,Free (free for publication)
DATAFLOW,OECD.ELS.JAI:DSD_LMP@DF_LMP(1.0),Labour Market Programmes,I,ISR,Israel,EXP,Public expenditure,LMP_10,Public employment services and administration,PT_B1GQ,Percentage of GDP,2011,,0.018,,3,Three,A,Normal value,0,Units,F,Free (free for publication)
DATAFLOW,OECD.ELS.JAI:DSD_LMP@DF_LMP(1.0),Labour Market Programmes,I,ISR,Israel,EXP,Public expenditure,LMP_10,Public employment services and administration,PT_B1GQ,Percentage of GDP,2012,,0.02,,3,Three,A,Normal value,0,Units,F,Free (free for publication)
DATAFLOW,OECD.ELS.JAI:DSD_LMP@DF_LMP(1.0),Labour Market Programmes,I,ISR,Israel,EXP,Public expenditure,LMP_10,Public employment services and administration,PT_B1GQ,Percentage of GDP,2013,,0.021,,3,Three,A,Normal value,0,Units,F,Free (free for publication)
DATAFLOW,OECD.ELS.JAI:DSD_LMP@DF_LMP(1.0),Labour Market Programmes,I,ISR,Israel,EXP,Public expenditure,LMP_10,Public employment services and administration,PT_B1GQ,Percentage of GDP,2017,,0.028,,3,Three,A,Normal value,0,Units,F,Free (free for publication)
DATAFLOW,OECD.ELS.JAI:DSD_LMP@DF_LMP(1.0),Labour Market Programmes,I,ISR,Israel,EXP,Public expenditure,LMP_10,Public employment services and administration,PT_B1GQ,Percentage of GDP,2018,,0.028,,3,Three,A,Normal value,0,Units,F,Free (free for publication)
DATAFLOW,OECD.ELS.JAI:DSD_LMP@DF_LMP(1.0),Labour Market Programmes,I,ISR,Israel,EXP,Public expenditure,LMP_10,Public employment services and administration,PT_B1GQ,Percentage of GDP,2020,,0.032,,3,Three,A,Normal value,0,Units,F,Free (free for publication)
DATAFLOW,OECD.ELS.JAI:DSD_LMP@DF_LMP(1.0),Labour Market Programmes,I,ITA,Italy,EXP,Public expenditure,LMP_10,Public employment services and administration,PT_B1GQ,Percentage of GDP,2005,,0.076,,3,Three,A,Normal value,0,Units,F,Free (free for publication)
DATAFLOW,OECD.ELS.JAI:DSD_LMP@DF_LMP(1.0),Labour Market Programmes,I,ITA,Italy,EXP,Public expenditure,LMP_10,Public employment services and administration,PT_B1GQ,Percentage of GDP,2006,,0.072,,3,Three,A,Normal value,0,Units,F,Free (free for publication)
DATAFLOW,OECD.ELS.JAI:DSD_LMP@DF_LMP(1.0),Labour Market Programmes,I,ITA,Italy,EXP,Public expenditure,LMP_10,Public employment services and administration,PT_B1GQ,Percentage of GDP,2007,,0.072,,3,Three,A,Normal value,0,Units,F,Free (free for publication)
DATAFLOW,OECD.ELS.JAI:DSD_LMP@DF_LMP(1.0),Labour Market Programmes,I,ITA,Italy,EXP,Public expenditure,LMP_10,Public employment services and administration,PT_B1GQ,Percentage of GDP,2012,,0.115,,3,Three,A,Normal value,0,Units,F,Free (free for publication)
DATAFLOW,OECD.ELS.JAI:DSD_LMP@DF_LMP(1.0),Labour Market Programmes,I,ITA,Italy,EXP,Public expenditure,LMP_10,Public employment services and administration,PT_B1GQ,Percentage of GDP,2017,,0.059,,3,Three,A,Normal value,0,Units,F,Free (free for publication)
DATAFLOW,OECD.ELS.JAI:DSD_LMP@DF_LMP(1.0),Labour Market Programmes,I,ITA,Italy,EXP,Public expenditure,LMP_10,Public employment services and administration,PT_B1GQ,Percentage of GDP,2020,,0.123,,3,Three,A,Normal value,0,Units,F,Free (free for publication)
DATAFLOW,OECD.ELS.JAI:DSD_LMP@DF_LMP(1.0),Labour Market Programmes,I,ITA,Italy,EXP,Public expenditure,LMP_10,Public employment services and administration,PT_B1GQ,Percentage of GDP,2021,,0.086,,3,Three,A,Normal value,0,Units,F,Free (free for publication)
DATAFLOW,OECD.ELS.JAI:DSD_LMP@DF_LMP(1.0),Labour Market Programmes,I,ITA,Italy,EXP,Public expenditure,LMP_10,Public employment services and administration,PT_B1GQ,Percentage of GDP,2024,,0.057,,3,Three,A,Normal value,0,Units,F,Free (free for publication)
DATAFLOW,OECD.ELS.JAI:DSD_LMP@DF_LMP(1.0),Labour Market Programmes,I,JPN,Japan,EXP,Public expenditure,LMP_10,Public employment services and administration,PT_B1GQ,Percentage of GDP,2010,,0.054,,3,Three,A,Normal value,0,Units,F,Free (free for publication)
DATAFLOW,OECD.ELS.JAI:DSD_LMP@DF_LMP(1.0),Labour Market Programmes,I,JPN,Japan,EXP,Public expenditure,LMP_10,Public employment services and administration,PT_B1GQ,Percentage of GDP,2011,,0.046,,3,Three,A,Normal value,0,Units,F,Free (free for publication)
DATAFLOW,OECD.ELS.JAI:DSD_LMP@DF_LMP(1.0),Labour Market Programmes,I,JPN,Japan,EXP,Public expenditure,LMP_10,Public employment services and administration,PT_B1GQ,Percentage of GDP,2015,,0.05,,3,Three,A,Normal value,0,Units,F,Free (free for publication)
DATAFLOW,OECD.ELS.JAI:DSD_LMP@DF_LMP(1.0),Labour Market Programmes,I,JPN,Japan,EXP,Public expenditure,LMP_10,Public employment services and administration,PT_B1GQ,Percentage of GDP,2016,,0.048,,3,Three,A,Normal value,0,Units,F,Free (free for publication)
DATAFLOW,OECD.ELS.JAI:DSD_LMP@DF_LMP(1.0),Labour Market Programmes,I,KOR,Korea,EXP,Public expenditure,LMP_10,Public employment services and administration,PT_B1GQ,Percentage of GDP,2004,,0.021,,3,Three,A,Normal value,0,Units,F,Free (free for publication)
DATAFLOW,OECD.ELS.JAI:DSD_LMP@DF_LMP(1.0),Labour Market Programmes,I,KOR,Korea,EXP,Public expenditure,LMP_10,Public employment services and administration,PT_B1GQ,Percentage of GDP,2007,,0.021,,3,Three,A,Normal value,0,Units,F,Free (free for publication)
DATAFLOW,OECD.ELS.JAI:DSD_LMP@DF_LMP(1.0),Labour Market Programmes,I,KOR,Korea,EXP,Public expenditure,LMP_10,Public employment services and administration,PT_B1GQ,Percentage of GDP,2009,,0.01,,3,Three,A,Normal value,0,Units,F,Free (free for publication)
DATAFLOW,OECD.ELS.JAI:DSD_LMP@DF_LMP(1.0),Labour Market Programmes,I,KOR,Korea,EXP,Public expenditure,LMP_10,Public employment services and administration,PT_B1GQ,Percentage of GDP,2012,,0.019,,3,Three,A,Normal value,0,Units,F,Free (free for publication)
DATAFLOW,OECD.ELS.JAI:DSD_LMP@DF_LMP(1.0),Labour Market Programmes,I,KOR,Korea,EXP,Public expenditure,LMP_10,Public employment services and administration,PT_B1GQ,Percentage of GDP,2014,,0.029,,3,Three,A,Normal value,0,Units,F,Free (free for publication)
DATAFLOW,OECD.ELS.JAI:DSD_LMP@DF_LMP(1.0),Labour Market Programmes,I,KOR,Korea,EXP,Public expenditure,LMP_10,Public employment services and administration,PT_B1GQ,Percentage of GDP,2016,,0.035,,3,Three,A,Normal value,0,Units,F,Free (free for publication)
DATAFLOW,OECD.ELS.JAI:DSD_LMP@DF_LMP(1.0),Labour Market Programmes,I,KOR,Korea,EXP,Public expenditure,LMP_10,Public employment services and administration,PT_B1GQ,Percentage of GDP,2017,,0.037,,3,Three,A,Normal value,0,Units,F,Free (free for publication)
DATAFLOW,OECD.ELS.JAI:DSD_LMP@DF_LMP(1.0),Labour Market Programmes,I,KOR,Korea,EXP,Public expenditure,LMP_10,Public employment services and administration,PT_B1GQ,Percentage of GDP,2018,,0.043,,3,Three,A,Normal value,0,Units,F,Free (free for publication)
DATAFLOW,OECD.ELS.JAI:DSD_LMP@DF_LMP(1.0),Labour Market Programmes,I,KOR,Korea,EXP,Public expenditure,LMP_10,Public employment services and administration,PT_B1GQ,Percentage of GDP,2019,,0.041,,3,Three,A,Normal value,0,Units,F,Free (free for publication)
DATAFLOW,OECD.ELS.JAI:DSD_LMP@DF_LMP(1.0),Labour Market Programmes,I,KOR,Korea,EXP,Public expenditure,LMP_10,Public employment services and administration,PT_B1GQ,Percentage of GDP,2020,,0.054,,3,Three,A,Normal value,0,Units,F,Free (free for publication)
DATAFLOW,OECD.ELS.JAI:DSD_LMP@DF_LMP(1.0),Labour Market Programmes,I,KOR,Korea,EXP,Public expenditure,LMP_10,Public employment services and administration,PT_B1GQ,Percentage of GDP,2023,,0.059,,3,Three,A,Normal value,0,Units,F,Free (free for publication)
DATAFLOW,OECD.ELS.JAI:DSD_LMP@DF_LMP(1.0),Labour Market Programmes,I,KOR,Korea,EXP,Public expenditure,LMP_10,Public employment services and administration,PT_B1GQ,Percentage of GDP,2024,,0.065,,3,Three,A,Normal value,0,Units,F,Free (free for publication)
DATAFLOW,OECD.ELS.JAI:DSD_LMP@DF_LMP(1.0),Labour Market Programmes,I,LVA,Latvia,EXP,Public expenditure,LMP_10,Public employment services and administration,PT_B1GQ,Percentage of GDP,2004,,0.05,,3,Three,A,Normal value,0,Units,F,Free (free for publication)
DATAFLOW,OECD.ELS.JAI:DSD_LMP@DF_LMP(1.0),Labour Market Programmes,I,LVA,Latvia,EXP,Public expenditure,LMP_10,Public employment services and administration,PT_B1GQ,Percentage of GDP,2006,,0.068,,3,Three,A,Normal value,0,Units,F,Free (free for publication)
DATAFLOW,OECD.ELS.JAI:DSD_LMP@DF_LMP(1.0),Labour Market Programmes,I,LVA,Latvia,EXP,Public expenditure,LMP_10,Public employment services and administration,PT_B1GQ,Percentage of GDP,2007,,0.061,,3,Three,A,Normal value,0,Units,F,Free (free for publication)
DATAFLOW,OECD.ELS.JAI:DSD_LMP@DF_LMP(1.0),Labour Market Programmes,I,LVA,Latvia,EXP,Public expenditure,LMP_10,Public employment services and administration,PT_B1GQ,Percentage of GDP,2008,,0.052,,3,Three,A,Normal value,0,Units,F,Free (free for publication)
DATAFLOW,OECD.ELS.JAI:DSD_LMP@DF_LMP(1.0),Labour Market Programmes,I,LVA,Latvia,EXP,Public expenditure,LMP_10,Public employment services and administration,PT_B1GQ,Percentage of GDP,2009,,0.043,,3,Three,A,Normal value,0,Units,F,Free (free for publication)
DATAFLOW,OECD.ELS.JAI:DSD_LMP@DF_LMP(1.0),Labour Market Programmes,I,LVA,Latvia,EXP,Public expenditure,LMP_10,Public employment services and administration,PT_B1GQ,Percentage of GDP,2010,,0.046,,3,Three,A,Normal value,0,Units,F,Free (free for publication)
DATAFLOW,OECD.ELS.JAI:DSD_LMP@DF_LMP(1.0),Labour Market Programmes,I,LVA,Latvia,EXP,Public expenditure,LMP_10,Public employment services and administration,PT_B1GQ,Percentage of GDP,2012,,0.05,,3,Three,A,Normal value,0,Units,F,Free (free for publication)
DATAFLOW,OECD.ELS.JAI:DSD_LMP@DF_LMP(1.0),Labour Market Programmes,I,LVA,Latvia,EXP,Public expenditure,LMP_10,Public employment services and administration,PT_B1GQ,Percentage of GDP,2014,,0.048,,3,Three,A,Normal value,0,Units,F,Free (free for publication)
DATAFLOW,OECD.ELS.JAI:DSD_LMP@DF_LMP(1.0),Labour Market Programmes,I,LVA,Latvia,EXP,Public expenditure,LMP_10,Public employment services and administration,PT_B1GQ,Percentage of GDP,2015,,0.043,,3,Three,A,Normal value,0,Units,F,Free (free for publication)
DATAFLOW,OECD.ELS.JAI:DSD_LMP@DF_LMP(1.0),Labour Market Programmes,I,LVA,Latvia,EXP,Public expenditure,LMP_10,Public employment services and administration,PT_B1GQ,Percentage of GDP,2017,,0.059,,3,Three,A,Normal value,0,Units,F,Free (free for publication)
DATAFLOW,OECD.ELS.JAI:DSD_LMP@DF_LMP(1.0),Labour Market Programmes,I,LVA,Latvia,EXP,Public expenditure,LMP_10,Public employment services and administration,PT_B1GQ,Percentage of GDP,2019,,0.052,,3,Three,A,Normal value,0,Units,F,Free (free for publication)
DATAFLOW,OECD.ELS.JAI:DSD_LMP@DF_LMP(1.0),Labour Market Programmes,I,LVA,Latvia,EXP,Public expenditure,LMP_10,Public employment services and administration,PT_B1GQ,Percentage of GDP,2021,,0.043,,3,Three,A,Normal value,0,Units,F,Free (free for publication)
DATAFLOW,OECD.ELS.JAI:DSD_LMP@DF_LMP(1.0),Labour Market Programmes,I,LVA,Latvia,EXP,Public expenditure,LMP_10,Public employment services and administration,PT_B1GQ,Percentage of GDP,2022,,0.037,,3,Three,A,Normal value,0,Units,F,Free (free for publication)
DATAFLOW,OECD.ELS.JAI:DSD_LMP@DF_LMP(1.0),Labour Market Programmes,I,LVA,Latvia,EXP,Public expenditure,LMP_10,Public employment services and administration,PT_B1GQ,Percentage of GDP,2023,,0.043,,3,Three,A,Normal value,0,Units,F,Free (free for publication)
DATAFLOW,OECD.ELS.JAI:DSD_LMP@DF_LMP(1.0),Labour Market Programmes,I,LTU,Lithuania,EXP,Public expenditure,LMP_10,Public employment services and administration,PT_B1GQ,Percentage of GDP,2004,,0.041,,3,Three,A,Normal value,0,Units,F,Free (free for publication)
DATAFLOW,OECD.ELS.JAI:DSD_LMP@DF_LMP(1.0),Labour Market Programmes,I,LTU,Lithuania,EXP,Public expenditure,LMP_10,Public employment services and administration,PT_B1GQ,Percentage of GDP,2006,,0.083,,3,Three,A,Normal value,0,Units,F,Free (free for publication)
DATAFLOW,OECD.ELS.JAI:DSD_LMP@DF_LMP(1.0),Labour Market Programmes,I,LTU,Lithuania,EXP,Public expenditure,LMP_10,Public employment services and administration,PT_B1GQ,Percentage of GDP,2008,,0.076,,3,Three,A,Normal value,0,Units,F,Free (free for publication)
DATAFLOW,OECD.ELS.JAI:DSD_LMP@DF_LMP(1.0),Labour Market Programmes,I,LTU,Lithuania,EXP,Public expenditure,LMP_10,Public employment services and administration,PT_B1GQ,Percentage of GDP,2009,,0.098,,3,Three,A,Normal value,0,Units,F,Free (free for publication)
DATAFLOW,OECD.ELS.JAI:DSD_LMP@DF_LMP(1.0),Labour Market Programmes,I,LTU,Lithuania,EXP,Public expenditure,LMP_10,Public employment services and administration,PT_B1GQ,Percentage of GDP,2014,,0.057,,3,Three,A,Normal value,0,Units,F,Free (free for publication)
DATAFLOW,OECD.ELS.JAI:DSD_LMP@DF_LMP(1.0),Labour Market Programmes,I,LTU,Lithuania,EXP,Public expenditure,LMP_10,Public employment services and administration,PT_B1GQ,Percentage of GDP,2017,,0.054,,3,Three,A,Normal value,0,Units,F,Free (free for publication)
DATAFLOW,OECD.ELS.JAI:DSD_LMP@DF_LMP(1.0),Labour Market Programmes,I,LTU,Lithuania,EXP,Public expenditure,LMP_10,Public employment services and administration,PT_B1GQ,Percentage of GDP,2018,,0.048,,3,Three,A,Normal value,0,Units,F,Free (free for publication)
DATAFLOW,OECD.ELS.JAI:DSD_LMP@DF_LMP(1.0),Labour Market Programmes,I,LTU,Lithuania,EXP,Public expenditure,LMP_10,Public employment services and administration,PT_B1GQ,Percentage of GDP,2019,,0.046,,3,Three,A,Normal value,0,Units,F,Free (free for publication)
DATAFLOW,OECD.ELS.JAI:DSD_LMP@DF_LMP(1.0),Labour Market Programmes,I,LTU,Lithuania,EXP,Public expenditure,LMP_10,Public employment services and administration,PT_B1GQ,Percentage of GDP,2020,,0.054,,3,Three,A,Normal value,0,Units,F,Free (free for publication)
DATAFLOW,OECD.ELS.JAI:DSD_LMP@DF_LMP(1.0),Labour Market Programmes,I,LTU,Lithuania,EXP,Public expenditure,LMP_10,Public employment services and administration,PT_B1GQ,Percentage of GDP,2022,,0.052,,3,Three,A,Normal value,0,Units,F,Free (free for publication)
DATAFLOW,OECD.ELS.JAI:DSD_LMP@DF_LMP(1.0),Labour Market Programmes,I,LTU,Lithuania,EXP,Public expenditure,LMP_10,Public employment services and administration,PT_B1GQ,Percentage of GDP,2023,,0.046,,3,Three,A,Normal value,0,Units,F,Free (free for publication)
DATAFLOW,OECD.ELS.JAI:DSD_LMP@DF_LMP(1.0),Labour Market Programmes,I,LTU,Lithuania,EXP,Public expenditure,LMP_10,Public employment services and administration,PT_B1GQ,Percentage of GDP,2024,,0.05,,3,Three,A,Normal value,0,Units,F,Free (free for publication)
DATAFLOW,OECD.ELS.JAI:DSD_LMP@DF_LMP(1.0),Labour Market Programmes,I,LUX,Luxembourg,EXP,Public expenditure,LMP_10,Public employment services and administration,PT_B1GQ,Percentage of GDP,2004,,0.046,,3,Three,A,Normal value,0,Units,F,Free (free for publication)
DATAFLOW,OECD.ELS.JAI:DSD_LMP@DF_LMP(1.0),Labour Market Programmes,I,LUX,Luxembourg,EXP,Public expenditure,LMP_10,Public employment services and administration,PT_B1GQ,Percentage of GDP,2005,,0.046,,3,Three,A,Normal value,0,Units,F,Free (free for publication)
DATAFLOW,OECD.ELS.JAI:DSD_LMP@DF_LMP(1.0),Labour Market Programmes,I,LUX,Luxembourg,EXP,Public expenditure,LMP_10,Public employment services and administration,PT_B1GQ,Percentage of GDP,2006,,0.043,,3,Three,A,Normal value,0,Units,F,Free (free for publication)
DATAFLOW,OECD.ELS.JAI:DSD_LMP@DF_LMP(1.0),Labour Market Programmes,I,LUX,Luxembourg,EXP,Public expenditure,LMP_10,Public employment services and administration,PT_B1GQ,Percentage of GDP,2007,,0.043,,3,Three,A,Normal value,0,Units,F,Free (free for publication)
DATAFLOW,OECD.ELS.JAI:DSD_LMP@DF_LMP(1.0),Labour Market Programmes,I,LUX,Luxembourg,EXP,Public expenditure,LMP_10,Public employment services and administration,PT_B1GQ,Percentage of GDP,2011,,0.05,,3,Three,A,Normal value,0,Units,F,Free (free for publication)
DATAFLOW,OECD.ELS.JAI:DSD_LMP@DF_LMP(1.0),Labour Market Programmes,I,LUX,Luxembourg,EXP,Public expenditure,LMP_10,Public employment services and administration,PT_B1GQ,Percentage of GDP,2013,,0.041,,3,Three,A,Normal value,0,Units,F,Free (free for publication)
DATAFLOW,OECD.ELS.JAI:DSD_LMP@DF_LMP(1.0),Labour Market Programmes,I,LUX,Luxembourg,EXP,Public expenditure,LMP_10,Public employment services and administration,PT_B1GQ,Percentage of GDP,2015,,0.059,,3,Three,A,Normal value,0,Units,F,Free (free for publication)
DATAFLOW,OECD.ELS.JAI:DSD_LMP@DF_LMP(1.0),Labour Market Programmes,I,LUX,Luxembourg,EXP,Public expenditure,LMP_10,Public employment services and administration,PT_B1GQ,Percentage of GDP,2016,,0.057,,3,Three,A,Normal value,0,Units,F,Free (free for publication)
DATAFLOW,OECD.ELS.JAI:DSD_LMP@DF_LMP(1.0),Labour Market Programmes,I,LUX,Luxembourg,EXP,Public expenditure,LMP_10,Public employment services and administration,PT_B1GQ,Percentage of GDP,2017,,0.059,,3,Three,A,Normal value,0,Units,F,Free (free for publication)
DATAFLOW,OECD.ELS.JAI:DSD_LMP@DF_LMP(1.0),Labour Market Programmes,I,LUX,Luxembourg,EXP,Public expenditure,LMP_10,Public employment services and administration,PT_B1GQ,Percentage of GDP,2018,,0.059,,3,Three,A,Normal value,0,Units,F,Free (free for publication)
DATAFLOW,OECD.ELS.JAI:DSD_LMP@DF_LMP(1.0),Labour Market Programmes,I,LUX,Luxembourg,EXP,Public expenditure,LMP_10,Public employment services and administration,PT_B1GQ,Percentage of GDP,2020,,0.082,,3,Three,A,Normal value,0,Units,F,Free (free for publication)
DATAFLOW,OECD.ELS.JAI:DSD_LMP@DF_LMP(1.0),Labour Market Programmes,I,LUX,Luxembourg,EXP,Public expenditure,LMP_10,Public employment services and administration,PT_B1GQ,Percentage of GDP,2021,,0.082,,3,Three,A,Normal value,0,Units,F,Free (free for publication)
DATAFLOW,OECD.ELS.JAI:DSD_LMP@DF_LMP(1.0),Labour Market Programmes,I,LUX,Luxembourg,EXP,Public expenditure,LMP_10,Public employment services and administration,PT_B1GQ,Percentage of GDP,2024,,0.082,,3,Three,A,Normal value,0,Units,F,Free (free for publication)
DATAFLOW,OECD.ELS.JAI:DSD_LMP@DF_LMP(1.0),Labour Market Programmes,I,NLD,Netherlands,EXP,Public expenditure,LMP_10,Public employment services and administration,PT_B1GQ,Percentage of GDP,2006,,0.347,,3,Three,A,Normal value,0,Units,F,Free (free for publication)
DATAFLOW,OECD.ELS.JAI:DSD_LMP@DF_LMP(1.0),Labour Market Programmes,I,NLD,Netherlands,EXP,Public expenditure,LMP_10,Public employment services and administration,PT_B1GQ,Percentage of GDP,2008,,0.275,,3,Three,A,Normal value,0,Units,F,Free (free for publication)
DATAFLOW,OECD.ELS.JAI:DSD_LMP@DF_LMP(1.0),Labour Market Programmes,I,NLD,Netherlands,EXP,Public expenditure,LMP_10,Public employment services and administration,PT_B1GQ,Percentage of GDP,2009,,0.345,,3,Three,A,Normal value,0,Units,F,Free (free for publication)
DATAFLOW,OECD.ELS.JAI:DSD_LMP@DF_LMP(1.0),Labour Market Programmes,I,NLD,Netherlands,EXP,Public expenditure,LMP_10,Public employment services and administration,PT_B1GQ,Percentage of GDP,2012,,0.266,,3,Three,A,Normal value,0,Units,F,Free (free for publication)
DATAFLOW,OECD.ELS.JAI:DSD_LMP@DF_LMP(1.0),Labour Market Programmes,I,NLD,Netherlands,EXP,Public expenditure,LMP_10,Public employment services and administration,PT_B1GQ,Percentage of GDP,2013,,0.248,,3,Three,A,Normal value,0,Units,F,Free (free for publication)
DATAFLOW,OECD.ELS.JAI:DSD_LMP@DF_LMP(1.0),Labour Market Programmes,I,NLD,Netherlands,EXP,Public expenditure,LMP_10,Public employment services and administration,PT_B1GQ,Percentage of GDP,2014,,0.27,,3,Three,A,Normal value,0,Units,F,Free (free for publication)
DATAFLOW,OECD.ELS.JAI:DSD_LMP@DF_LMP(1.0),Labour Market Programmes,I,NLD,Netherlands,EXP,Public expenditure,LMP_10,Public employment services and administration,PT_B1GQ,Percentage of GDP,2015,,0.238,,3,Three,A,Normal value,0,Units,F,Free (free for publication)
DATAFLOW,OECD.ELS.JAI:DSD_LMP@DF_LMP(1.0),Labour Market Programmes,I,NLD,Netherlands,EXP,Public expenditure,LMP_10,Public employment services and administration,PT_B1GQ,Percentage of GDP,2016,,0.225,,3,Three,A,Normal value,0,Units,F,Free (free for publication)
DATAFLOW,OECD.ELS.JAI:DSD_LMP@DF_LMP(1.0),Labour Market Programmes,I,NLD,Netherlands,EXP,Public expenditure,LMP_10,Public employment services and administration,PT_B1GQ,Percentage of GDP,2018,,0.195,,3,Three,A,Normal value,0,Units,F,Free (free for publication)
DATAFLOW,OECD.ELS.JAI:DSD_LMP@DF_LMP(1.0),Labour Market Programmes,I,NLD,Netherlands,EXP,Public expenditure,LMP_10,Public employment services and administration,PT_B1GQ,Percentage of GDP,2020,,0.15,,3,Three,A,Normal value,0,Units,F,Free (free for publication)
DATAFLOW,OECD.ELS.JAI:DSD_LMP@DF_LMP(1.0),Labour Market Programmes,I,NLD,Netherlands,EXP,Public expenditure,LMP_10,Public employment services and administration,PT_B1GQ,Percentage of GDP,2021,,0.153,,3,Three,A,Normal value,0,Units,F,Free (free for publication)
DATAFLOW,OECD.ELS.JAI:DSD_LMP@DF_LMP(1.0),Labour Market Programmes,I,NLD,Netherlands,EXP,Public expenditure,LMP_10,Public employment services and administration,PT_B1GQ,Percentage of GDP,2022,,0.123,,3,Three,A,Normal value,0,Units,F,Free (free for publication)
DATAFLOW,OECD.ELS.JAI:DSD_LMP@DF_LMP(1.0),Labour Market Programmes,I,NLD,Netherlands,EXP,Public expenditure,LMP_10,Public employment services and administration,PT_B1GQ,Percentage of GDP,2024,,0.119,,3,Three,A,Normal value,0,Units,F,Free (free for publication)
DATAFLOW,OECD.ELS.JAI:DSD_LMP@DF_LMP(1.0),Labour Market Programmes,I,NZL,New Zealand,EXP,Public expenditure,LMP_10,Public employment services and administration,PT_B1GQ,Percentage of GDP,2004,,0.108,,3,Three,A,Normal value,0,Units,F,Free (free for publication)
DATAFLOW,OECD.ELS.JAI:DSD_LMP@DF_LMP(1.0),Labour Market Programmes,I,NZL,New Zealand,EXP,Public expenditure,LMP_10,Public employment services and administration,PT_B1GQ,Percentage of GDP,2005,,0.108,,3,Three,A,Normal value,0,Units,F,Free (free for publication)
DATAFLOW,OECD.ELS.JAI:DSD_LMP@DF_LMP(1.0),Labour Market Programmes,I,NZL,New Zealand,EXP,Public expenditure,LMP_10,Public employment services and administration,PT_B1GQ,Percentage of GDP,2009,,0.105,,3,Three,A,Normal value,0,Units,F,Free (free for publication)
DATAFLOW,OECD.ELS.JAI:DSD_LMP@DF_LMP(1.0),Labour Market Programmes,I,NZL,New Zealand,EXP,Public expenditure,LMP_10,Public employment services and administration,PT_B1GQ,Percentage of GDP,2012,,0.072,,3,Three,A,Normal value,0,Units,F,Free (free for publication)
DATAFLOW,OECD.ELS.JAI:DSD_LMP@DF_LMP(1.0),Labour Market Programmes,I,NZL,New Zealand,EXP,Public expenditure,LMP_10,Public employment services and administration,PT_B1GQ,Percentage of GDP,2015,,0.064,,3,Three,A,Normal value,0,Units,F,Free (free for publication)
DATAFLOW,OECD.ELS.JAI:DSD_LMP@DF_LMP(1.0),Labour Market Programmes,I,NZL,New Zealand,EXP,Public expenditure,LMP_10,Public employment services and administration,PT_B1GQ,Percentage of GDP,2016,,0.057,,3,Three,A,Normal value,0,Units,F,Free (free for publication)
DATAFLOW,OECD.ELS.JAI:DSD_LMP@DF_LMP(1.0),Labour Market Programmes,I,NZL,New Zealand,EXP,Public expenditure,LMP_10,Public employment services and administration,PT_B1GQ,Percentage of GDP,2023,,0.041,,3,Three,A,Normal value,0,Units,F,Free (free for publication)
DATAFLOW,OECD.ELS.JAI:DSD_LMP@DF_LMP(1.0),Labour Market Programmes,I,NZL,New Zealand,EXP,Public expenditure,LMP_10,Public employment services and administration,PT_B1GQ,Percentage of GDP,2024,,0.048,,3,Three,A,Normal value,0,Units,F,Free (free for publication)
DATAFLOW,OECD.ELS.JAI:DSD_LMP@DF_LMP(1.0),Labour Market Programmes,I,NOR,Norway,EXP,Public expenditure,LMP_10,Public employment services and administration,PT_B1GQ,Percentage of GDP,2005,,0.115,,3,Three,A,Normal value,0,Units,F,Free (free for publication)
DATAFLOW,OECD.ELS.JAI:DSD_LMP@DF_LMP(1.0),Labour Market Programmes,I,NOR,Norway,EXP,Public expenditure,LMP_10,Public employment services and administration,PT_B1GQ,Percentage of GDP,2006,,0.109,,3,Three,A,Normal value,0,Units,F,Free (free for publication)
DATAFLOW,OECD.ELS.JAI:DSD_LMP@DF_LMP(1.0),Labour Market Programmes,I,NOR,Norway,EXP,Public expenditure,LMP_10,Public employment services and administration,PT_B1GQ,Percentage of GDP,2008,,0.098,,3,Three,A,Normal value,0,Units,F,Free (free for publication)
DATAFLOW,OECD.ELS.JAI:DSD_LMP@DF_LMP(1.0),Labour Market Programmes,I,NOR,Norway,EXP,Public expenditure,LMP_10,Public employment services and administration,PT_B1GQ,Percentage of GDP,2010,,0.123,,3,Three,A,Normal value,0,Units,F,Free (free for publication)
DATAFLOW,OECD.ELS.JAI:DSD_LMP@DF_LMP(1.0),Labour Market Programmes,I,NOR,Norway,EXP,Public expenditure,LMP_10,Public employment services and administration,PT_B1GQ,Percentage of GDP,2016,,0.146,,3,Three,A,Normal value,0,Units,F,Free (free for publication)
DATAFLOW,OECD.ELS.JAI:DSD_LMP@DF_LMP(1.0),Labour Market Programmes,I,NOR,Norway,EXP,Public expenditure,LMP_10,Public employment services and administration,PT_B1GQ,Percentage of GDP,2017,,0.144,,3,Three,A,Normal value,0,Units,F,Free (free for publication)
DATAFLOW,OECD.ELS.JAI:DSD_LMP@DF_LMP(1.0),Labour Market Programmes,I,NOR,Norway,EXP,Public expenditure,LMP_10,Public employment services and administration,PT_B1GQ,Percentage of GDP,2018,,0.137,,3,Three,A,Normal value,0,Units,F,Free (free for publication)
DATAFLOW,OECD.ELS.JAI:DSD_LMP@DF_LMP(1.0),Labour Market Programmes,I,NOR,Norway,EXP,Public expenditure,LMP_10,Public employment services and administration,PT_B1GQ,Percentage of GDP,2020,,0.15,,3,Three,A,Normal value,0,Units,F,Free (free for publication)
DATAFLOW,OECD.ELS.JAI:DSD_LMP@DF_LMP(1.0),Labour Market Programmes,I,NOR,Norway,EXP,Public expenditure,LMP_10,Public employment services and administration,PT_B1GQ,Percentage of GDP,2022,,0.115,,3,Three,A,Normal value,0,Units,F,Free (free for publication)
DATAFLOW,OECD.ELS.JAI:DSD_LMP@DF_LMP(1.0),Labour Market Programmes,I,NOR,Norway,EXP,Public expenditure,LMP_10,Public employment services and administration,PT_B1GQ,Percentage of GDP,2024,,0.128,,3,Three,A,Normal value,0,Units,F,Free (free for publication)
DATAFLOW,OECD.ELS.JAI:DSD_LMP@DF_LMP(1.0),Labour Market Programmes,I,POL,Poland,EXP,Public expenditure,LMP_10,Public employment services and administration,PT_B1GQ,Percentage of GDP,2004,,0.052,,3,Three,A,Normal value,0,Units,F,Free (free for publication)
DATAFLOW,OECD.ELS.JAI:DSD_LMP@DF_LMP(1.0),Labour Market Programmes,I,POL,Poland,EXP,Public expenditure,LMP_10,Public employment services and administration,PT_B1GQ,Percentage of GDP,2007,,0.094,,3,Three,A,Normal value,0,Units,F,Free (free for publication)
DATAFLOW,OECD.ELS.JAI:DSD_LMP@DF_LMP(1.0),Labour Market Programmes,I,POL,Poland,EXP,Public expenditure,LMP_10,Public employment services and administration,PT_B1GQ,Percentage of GDP,2008,,0.086,,3,Three,A,Normal value,0,Units,F,Free (free for publication)
DATAFLOW,OECD.ELS.JAI:DSD_LMP@DF_LMP(1.0),Labour Market Programmes,I,POL,Poland,EXP,Public expenditure,LMP_10,Public employment services and administration,PT_B1GQ,Percentage of GDP,2010,,0.09,,3,Three,A,Normal value,0,Units,F,Free (free for publication)
DATAFLOW,OECD.ELS.JAI:DSD_LMP@DF_LMP(1.0),Labour Market Programmes,I,POL,Poland,EXP,Public expenditure,LMP_10,Public employment services and administration,PT_B1GQ,Percentage of GDP,2013,,0.079,,3,Three,A,Normal value,0,Units,F,Free (free for publication)
DATAFLOW,OECD.ELS.JAI:DSD_LMP@DF_LMP(1.0),Labour Market Programmes,I,POL,Poland,EXP,Public expenditure,LMP_10,Public employment services and administration,PT_B1GQ,Percentage of GDP,2014,,0.082,,3,Three,A,Normal value,0,Units,F,Free (free for publication)
DATAFLOW,OECD.ELS.JAI:DSD_LMP@DF_LMP(1.0),Labour Market Programmes,I,POL,Poland,EXP,Public expenditure,LMP_10,Public employment services and administration,PT_B1GQ,Percentage of GDP,2019,,0.068,,3,Three,A,Normal value,0,Units,F,Free (free for publication)
DATAFLOW,OECD.ELS.JAI:DSD_LMP@DF_LMP(1.0),Labour Market Programmes,I,POL,Poland,EXP,Public expenditure,LMP_10,Public employment services and administration,PT_B1GQ,Percentage of GDP,2020,,0.072,,3,Three,A,Normal value,0,Units,F,Free (free for publication)
DATAFLOW,OECD.ELS.JAI:DSD_LMP@DF_LMP(1.0),Labour Market Programmes,I,POL,Poland,EXP,Public expenditure,LMP_10,Public employment services and administration,PT_B1GQ,Percentage of GDP,2021,,0.065,,3,Three,A,Normal value,0,Units,F,Free (free for publication)
DATAFLOW,OECD.ELS.JAI:DSD_LMP@DF_LMP(1.0),Labour Market Programmes,I,POL,Poland,EXP,Public expenditure,LMP_10,Public employment services and administration,PT_B1GQ,Percentage of GDP,2022,,0.061,,3,Three,A,Normal value,0,Units,F,Free (free for publication)
DATAFLOW,OECD.ELS.JAI:DSD_LMP@DF_LMP(1.0),Labour Market Programmes,I,POL,Poland,EXP,Public expenditure,LMP_10,Public employment services and administration,PT_B1GQ,Percentage of GDP,2023,,0.061,,3,Three,A,Normal value,0,Units,F,Free (free for publication)
DATAFLOW,OECD.ELS.JAI:DSD_LMP@DF_LMP(1.0),Labour Market Programmes,I,PRT,Portugal,EXP,Public expenditure,LMP_10,Public employment services and administration,PT_B1GQ,Percentage of GDP,2006,,0.143,,3,Three,A,Normal value,0,Units,F,Free (free for publication)
DATAFLOW,OECD.ELS.JAI:DSD_LMP@DF_LMP(1.0),Labour Market Programmes,I,PRT,Portugal,EXP,Public expenditure,LMP_10,Public employment services and administration,PT_B1GQ,Percentage of GDP,2007,,0.136,,3,Three,A,Normal value,0,Units,F,Free (free for publication)
DATAFLOW,OECD.ELS.JAI:DSD_LMP@DF_LMP(1.0),Labour Market Programmes,I,PRT,Portugal,EXP,Public expenditure,LMP_10,Public employment services and administration,PT_B1GQ,Percentage of GDP,2008,,0.143,,3,Three,A,Normal value,0,Units,F,Free (free for publication)
DATAFLOW,OECD.ELS.JAI:DSD_LMP@DF_LMP(1.0),Labour Market Programmes,I,PRT,Portugal,EXP,Public expenditure,LMP_10,Public employment services and administration,PT_B1GQ,Percentage of GDP,2009,,0.137,,3,Three,A,Normal value,0,Units,F,Free (free for publication)
DATAFLOW,OECD.ELS.JAI:DSD_LMP@DF_LMP(1.0),Labour Market Programmes,I,PRT,Portugal,EXP,Public expenditure,LMP_10,Public employment services and administration,PT_B1GQ,Percentage of GDP,2012,,0.108,,3,Three,A,Normal value,0,Units,F,Free (free for publication)
DATAFLOW,OECD.ELS.JAI:DSD_LMP@DF_LMP(1.0),Labour Market Programmes,I,PRT,Portugal,EXP,Public expenditure,LMP_10,Public employment services and administration,PT_B1GQ,Percentage of GDP,2014,,0.129,,3,Three,A,Normal value,0,Units,F,Free (free for publication)
DATAFLOW,OECD.ELS.JAI:DSD_LMP@DF_LMP(1.0),Labour Market Programmes,I,PRT,Portugal,EXP,Public expenditure,LMP_10,Public employment services and administration,PT_B1GQ,Percentage of GDP,2016,,0.129,,3,Three,A,Normal value,0,Units,F,Free (free for publication)
DATAFLOW,OECD.ELS.JAI:DSD_LMP@DF_LMP(1.0),Labour Market Programmes,I,PRT,Portugal,EXP,Public expenditure,LMP_10,Public employment services and administration,PT_B1GQ,Percentage of GDP,2017,,0.098,,3,Three,A,Normal value,0,Units,F,Free (free for publication)
DATAFLOW,OECD.ELS.JAI:DSD_LMP@DF_LMP(1.0),Labour Market Programmes,I,PRT,Portugal,EXP,Public expenditure,LMP_10,Public employment services and administration,PT_B1GQ,Percentage of GDP,2018,,0.098,,3,Three,A,Normal value,0,Units,F,Free (free for publication)
DATAFLOW,OECD.ELS.JAI:DSD_LMP@DF_LMP(1.0),Labour Market Programmes,I,PRT,Portugal,EXP,Public expenditure,LMP_10,Public employment services and administration,PT_B1GQ,Percentage of GDP,2019,,0.093,,3,Three,A,Normal value,0,Units,F,Free (free for publication)
DATAFLOW,OECD.ELS.JAI:DSD_LMP@DF_LMP(1.0),Labour Market Programmes,I,PRT,Portugal,EXP,Public expenditure,LMP_10,Public employment services and administration,PT_B1GQ,Percentage of GDP,2023,,0.082,,3,Three,A,Normal value,0,Units,F,Free (free for publication)
DATAFLOW,OECD.ELS.JAI:DSD_LMP@DF_LMP(1.0),Labour Market Programmes,I,SVK,Slovak Republic,EXP,Public expenditure,LMP_10,Public employment services and administration,PT_B1GQ,Percentage of GDP,2005,,0.165,,3,Three,A,Normal value,0,Units,F,Free (free for publication)
DATAFLOW,OECD.ELS.JAI:DSD_LMP@DF_LMP(1.0),Labour Market Programmes,I,SVK,Slovak Republic,EXP,Public expenditure,LMP_10,Public employment services and administration,PT_B1GQ,Percentage of GDP,2006,,0.168,,3,Three,A,Normal value,0,Units,F,Free (free for publication)
DATAFLOW,OECD.ELS.JAI:DSD_LMP@DF_LMP(1.0),Labour Market Programmes,I,SVK,Slovak Republic,EXP,Public expenditure,LMP_10,Public employment services and administration,PT_B1GQ,Percentage of GDP,2013,,0.05,,3,Three,A,Normal value,0,Units,F,Free (free for publication)
DATAFLOW,OECD.ELS.JAI:DSD_LMP@DF_LMP(1.0),Labour Market Programmes,I,SVK,Slovak Republic,EXP,Public expenditure,LMP_10,Public employment services and administration,PT_B1GQ,Percentage of GDP,2014,,0.035,,3,Three,A,Normal value,0,Units,F,Free (free for publication)
DATAFLOW,OECD.ELS.JAI:DSD_LMP@DF_LMP(1.0),Labour Market Programmes,I,SVK,Slovak Republic,EXP,Public expenditure,LMP_10,Public employment services and administration,PT_B1GQ,Percentage of GDP,2015,,0.032,,3,Three,A,Normal value,0,Units,F,Free (free for publication)
DATAFLOW,OECD.ELS.JAI:DSD_LMP@DF_LMP(1.0),Labour Market Programmes,I,SVK,Slovak Republic,EXP,Public expenditure,LMP_10,Public employment services and administration,PT_B1GQ,Percentage of GDP,2018,,0.035,,3,Three,A,Normal value,0,Units,F,Free (free for publication)
DATAFLOW,OECD.ELS.JAI:DSD_LMP@DF_LMP(1.0),Labour Market Programmes,I,SVK,Slovak Republic,EXP,Public expenditure,LMP_10,Public employment services and administration,PT_B1GQ,Percentage of GDP,2020,,0.043,,3,Three,A,Normal value,0,Units,F,Free (free for publication)
DATAFLOW,OECD.ELS.JAI:DSD_LMP@DF_LMP(1.0),Labour Market Programmes,I,SVK,Slovak Republic,EXP,Public expenditure,LMP_10,Public employment services and administration,PT_B1GQ,Percentage of GDP,2024,,0.021,,3,Three,A,Normal value,0,Units,F,Free (free for publication)
DATAFLOW,OECD.ELS.JAI:DSD_LMP@DF_LMP(1.0),Labour Market Programmes,I,SVN,Slovenia,EXP,Public expenditure,LMP_10,Public employment services and administration,PT_B1GQ,Percentage of GDP,2005,,0.097,,3,Three,A,Normal value,0,Units,F,Free (free for publication)
DATAFLOW,OECD.ELS.JAI:DSD_LMP@DF_LMP(1.0),Labour Market Programmes,I,SVN,Slovenia,EXP,Public expenditure,LMP_10,Public employment services and administration,PT_B1GQ,Percentage of GDP,2008,,0.083,,3,Three,A,Normal value,0,Units,F,Free (free for publication)
DATAFLOW,OECD.ELS.JAI:DSD_LMP@DF_LMP(1.0),Labour Market Programmes,I,SVN,Slovenia,EXP,Public expenditure,LMP_10,Public employment services and administration,PT_B1GQ,Percentage of GDP,2009,,0.098,,3,Three,A,Normal value,0,Units,F,Free (free for publication)
DATAFLOW,OECD.ELS.JAI:DSD_LMP@DF_LMP(1.0),Labour Market Programmes,I,SVN,Slovenia,EXP,Public expenditure,LMP_10,Public employment services and administration,PT_B1GQ,Percentage of GDP,2017,,0.076,,3,Three,A,Normal value,0,Units,F,Free (free for publication)
DATAFLOW,OECD.ELS.JAI:DSD_LMP@DF_LMP(1.0),Labour Market Programmes,I,SVN,Slovenia,EXP,Public expenditure,LMP_10,Public employment services and administration,PT_B1GQ,Percentage of GDP,2019,,0.072,,3,Three,A,Normal value,0,Units,F,Free (free for publication)
DATAFLOW,OECD.ELS.JAI:DSD_LMP@DF_LMP(1.0),Labour Market Programmes,I,SVN,Slovenia,EXP,Public expenditure,LMP_10,Public employment services and administration,PT_B1GQ,Percentage of GDP,2020,,0.079,,3,Three,A,Normal value,0,Units,F,Free (free for publication)
DATAFLOW,OECD.ELS.JAI:DSD_LMP@DF_LMP(1.0),Labour Market Programmes,I,SVN,Slovenia,EXP,Public expenditure,LMP_10,Public employment services and administration,PT_B1GQ,Percentage of GDP,2021,,0.076,,3,Three,A,Normal value,0,Units,F,Free (free for publication)
DATAFLOW,OECD.ELS.JAI:DSD_LMP@DF_LMP(1.0),Labour Market Programmes,I,SVN,Slovenia,EXP,Public expenditure,LMP_10,Public employment services and administration,PT_B1GQ,Percentage of GDP,2023,,0.059,,3,Three,A,Normal value,0,Units,F,Free (free for publication)
DATAFLOW,OECD.ELS.JAI:DSD_LMP@DF_LMP(1.0),Labour Market Programmes,I,ESP,Spain,EXP,Public expenditure,LMP_10,Public employment services and administration,PT_B1GQ,Percentage of GDP,2009,,0.13,,3,Three,A,Normal value,0,Units,F,Free (free for publication)
DATAFLOW,OECD.ELS.JAI:DSD_LMP@DF_LMP(1.0),Labour Market Programmes,I,ESP,Spain,EXP,Public expenditure,LMP_10,Public employment services and administration,PT_B1GQ,Percentage of GDP,2012,,0.082,,3,Three,A,Normal value,0,Units,F,Free (free for publication)
DATAFLOW,OECD.ELS.JAI:DSD_LMP@DF_LMP(1.0),Labour Market Programmes,I,ESP,Spain,EXP,Public expenditure,LMP_10,Public employment services and administration,PT_B1GQ,Percentage of GDP,2013,,0.09,,3,Three,A,Normal value,0,Units,F,Free (free for publication)
DATAFLOW,OECD.ELS.JAI:DSD_LMP@DF_LMP(1.0),Labour Market Programmes,I,ESP,Spain,EXP,Public expenditure,LMP_10,Public employment services and administration,PT_B1GQ,Percentage of GDP,2014,,0.108,,3,Three,A,Normal value,0,Units,F,Free (free for publication)
DATAFLOW,OECD.ELS.JAI:DSD_LMP@DF_LMP(1.0),Labour Market Programmes,I,ESP,Spain,EXP,Public expenditure,LMP_10,Public employment services and administration,PT_B1GQ,Percentage of GDP,2015,,0.144,,3,Three,A,Normal value,0,Units,F,Free (free for publication)
DATAFLOW,OECD.ELS.JAI:DSD_LMP@DF_LMP(1.0),Labour Market Programmes,I,ESP,Spain,EXP,Public expenditure,LMP_10,Public employment services and administration,PT_B1GQ,Percentage of GDP,2017,,0.15,,3,Three,A,Normal value,0,Units,F,Free (free for publication)
DATAFLOW,OECD.ELS.JAI:DSD_LMP@DF_LMP(1.0),Labour Market Programmes,I,ESP,Spain,EXP,Public expenditure,LMP_10,Public employment services and administration,PT_B1GQ,Percentage of GDP,2019,,0.128,,3,Three,A,Normal value,0,Units,F,Free (free for publication)
DATAFLOW,OECD.ELS.JAI:DSD_LMP@DF_LMP(1.0),Labour Market Programmes,I,ESP,Spain,EXP,Public expenditure,LMP_10,Public employment services and administration,PT_B1GQ,Percentage of GDP,2021,,0.145,,3,Three,A,Normal value,0,Units,F,Free (free for publication)
DATAFLOW,OECD.ELS.JAI:DSD_LMP@DF_LMP(1.0),Labour Market Programmes,I,ESP,Spain,EXP,Public expenditure,LMP_10,Public employment services and administration,PT_B1GQ,Percentage of GDP,2024,,0.129,,3,Three,A,Normal value,0,Units,F,Free (free for publication)
DATAFLOW,OECD.ELS.JAI:DSD_LMP@DF_LMP(1.0),Labour Market Programmes,I,SWE,Sweden,EXP,Public expenditure,LMP_10,Public employment services and administration,PT_B1GQ,Percentage of GDP,2004,,0.218,,3,Three,A,Normal value,0,Units,F,Free (free for publication)
DATAFLOW,OECD.ELS.JAI:DSD_LMP@DF_LMP(1.0),Labour Market Programmes,I,SWE,Sweden,EXP,Public expenditure,LMP_10,Public employment services and administration,PT_B1GQ,Percentage of GDP,2006,,0.211,,3,Three,A,Normal value,0,Units,F,Free (free for publication)
DATAFLOW,OECD.ELS.JAI:DSD_LMP@DF_LMP(1.0),Labour Market Programmes,I,SWE,Sweden,EXP,Public expenditure,LMP_10,Public employment services and administration,PT_B1GQ,Percentage of GDP,2009,,0.238,,3,Three,A,Normal value,0,Units,F,Free (free for publication)
DATAFLOW,OECD.ELS.JAI:DSD_LMP@DF_LMP(1.0),Labour Market Programmes,I,SWE,Sweden,EXP,Public expenditure,LMP_10,Public employment services and administration,PT_B1GQ,Percentage of GDP,2010,,0.268,,3,Three,A,Normal value,0,Units,F,Free (free for publication)
DATAFLOW,OECD.ELS.JAI:DSD_LMP@DF_LMP(1.0),Labour Market Programmes,I,SWE,Sweden,EXP,Public expenditure,LMP_10,Public employment services and administration,PT_B1GQ,Percentage of GDP,2011,,0.248,,3,Three,A,Normal value,0,Units,F,Free (free for publication)
DATAFLOW,OECD.ELS.JAI:DSD_LMP@DF_LMP(1.0),Labour Market Programmes,I,SWE,Sweden,EXP,Public expenditure,LMP_10,Public employment services and administration,PT_B1GQ,Percentage of GDP,2012,,0.27,,3,Three,A,Normal value,0,Units,F,Free (free for publication)
DATAFLOW,OECD.ELS.JAI:DSD_LMP@DF_LMP(1.0),Labour Market Programmes,I,SWE,Sweden,EXP,Public expenditure,LMP_10,Public employment services and administration,PT_B1GQ,Percentage of GDP,2013,,0.282,,3,Three,A,Normal value,0,Units,F,Free (free for publication)
DATAFLOW,OECD.ELS.JAI:DSD_LMP@DF_LMP(1.0),Labour Market Programmes,I,SWE,Sweden,EXP,Public expenditure,LMP_10,Public employment services and administration,PT_B1GQ,Percentage of GDP,2014,,0.256,,3,Three,A,Normal value,0,Units,F,Free (free for publication)
DATAFLOW,OECD.ELS.JAI:DSD_LMP@DF_LMP(1.0),Labour Market Programmes,I,SWE,Sweden,EXP,Public expenditure,LMP_10,Public employment services and administration,PT_B1GQ,Percentage of GDP,2018,,0.282,,3,Three,A,Normal value,0,Units,F,Free (free for publication)
DATAFLOW,OECD.ELS.JAI:DSD_LMP@DF_LMP(1.0),Labour Market Programmes,I,SWE,Sweden,EXP,Public expenditure,LMP_10,Public employment services and administration,PT_B1GQ,Percentage of GDP,2019,,0.256,,3,Three,A,Normal value,0,Units,F,Free (free for publication)
DATAFLOW,OECD.ELS.JAI:DSD_LMP@DF_LMP(1.0),Labour Market Programmes,I,SWE,Sweden,EXP,Public expenditure,LMP_10,Public employment services and administration,PT_B1GQ,Percentage of GDP,2021,,0.43,,3,Three,A,Normal value,0,Units,F,Free (free for publication)
DATAFLOW,OECD.ELS.JAI:DSD_LMP@DF_LMP(1.0),Labour Market Programmes,I,SWE,Sweden,EXP,Public expenditure,LMP_10,Public employment services and administration,PT_B1GQ,Percentage of GDP,2022,,0.352,,3,Three,A,Normal value,0,Units,F,Free (free for publication)
DATAFLOW,OECD.ELS.JAI:DSD_LMP@DF_LMP(1.0),Labour Market Programmes,I,SWE,Sweden,EXP,Public expenditure,LMP_10,Public employment services and administration,PT_B1GQ,Percentage of GDP,2023,,0.356,,3,Three,A,Normal value,0,Units,F,Free (free for publication)
DATAFLOW,OECD.ELS.JAI:DSD_LMP@DF_LMP(1.0),Labour Market Programmes,I,CHE,Switzerland,EXP,Public expenditure,LMP_10,Public employment services and administration,PT_B1GQ,Percentage of GDP,2004,,0.116,,3,Three,A,Normal value,0,Units,F,Free (free for publication)
DATAFLOW,OECD.ELS.JAI:DSD_LMP@DF_LMP(1.0),Labour Market Programmes,I,CHE,Switzerland,EXP,Public expenditure,LMP_10,Public employment services and administration,PT_B1GQ,Percentage of GDP,2005,,0.115,,3,Three,A,Normal value,0,Units,F,Free (free for publication)
DATAFLOW,OECD.ELS.JAI:DSD_LMP@DF_LMP(1.0),Labour Market Programmes,I,CHE,Switzerland,EXP,Public expenditure,LMP_10,Public employment services and administration,PT_B1GQ,Percentage of GDP,2006,,0.108,,3,Three,A,Normal value,0,Units,F,Free (free for publication)
DATAFLOW,OECD.ELS.JAI:DSD_LMP@DF_LMP(1.0),Labour Market Programmes,I,CHE,Switzerland,EXP,Public expenditure,LMP_10,Public employment services and administration,PT_B1GQ,Percentage of GDP,2009,,0.104,,3,Three,A,Normal value,0,Units,F,Free (free for publication)
DATAFLOW,OECD.ELS.JAI:DSD_LMP@DF_LMP(1.0),Labour Market Programmes,I,CHE,Switzerland,EXP,Public expenditure,LMP_10,Public employment services and administration,PT_B1GQ,Percentage of GDP,2011,,0.104,,3,Three,A,Normal value,0,Units,F,Free (free for publication)
DATAFLOW,OECD.ELS.JAI:DSD_LMP@DF_LMP(1.0),Labour Market Programmes,I,CHE,Switzerland,EXP,Public expenditure,LMP_10,Public employment services and administration,PT_B1GQ,Percentage of GDP,2012,,0.101,,3,Three,A,Normal value,0,Units,F,Free (free for publication)
DATAFLOW,OECD.ELS.JAI:DSD_LMP@DF_LMP(1.0),Labour Market Programmes,I,CHE,Switzerland,EXP,Public expenditure,LMP_10,Public employment services and administration,PT_B1GQ,Percentage of GDP,2016,,0.104,,3,Three,A,Normal value,0,Units,F,Free (free for publication)
DATAFLOW,OECD.ELS.JAI:DSD_LMP@DF_LMP(1.0),Labour Market Programmes,I,CHE,Switzerland,EXP,Public expenditure,LMP_10,Public employment services and administration,PT_B1GQ,Percentage of GDP,2017,,0.104,,3,Three,A,Normal value,0,Units,F,Free (free for publication)
DATAFLOW,OECD.ELS.JAI:DSD_LMP@DF_LMP(1.0),Labour Market Programmes,I,CHE,Switzerland,EXP,Public expenditure,LMP_10,Public employment services and administration,PT_B1GQ,Percentage of GDP,2018,,0.104,,3,Three,A,Normal value,0,Units,F,Free (free for publication)
DATAFLOW,OECD.ELS.JAI:DSD_LMP@DF_LMP(1.0),Labour Market Programmes,I,CHE,Switzerland,EXP,Public expenditure,LMP_10,Public employment services and administration,PT_B1GQ,Percentage of GDP,2020,,0.12,,3,Three,A,Normal value,0,Units,F,Free (free for publication)
DATAFLOW,OECD.ELS.JAI:DSD_LMP@DF_LMP(1.0),Labour Market Programmes,I,CHE,Switzerland,EXP,Public expenditure,LMP_10,Public employment services and administration,PT_B1GQ,Percentage of GDP,2021,,0.112,,3,Three,A,Normal value,0,Units,F,Free (free for publication)
DATAFLOW,OECD.ELS.JAI:DSD_LMP@DF_LMP(1.0),Labour Market Programmes,I,CHE,Switzerland,EXP,Public expenditure,LMP_10,Public employment services and administration,PT_B1GQ,Percentage of GDP,2022,,0.101,,3,Three,A,Normal value,0,Units,F,Free (free for publication)
DATAFLOW,OECD.ELS.JAI:DSD_LMP@DF_LMP(1.0),Labour Market Programmes,I,CHE,Switzerland,EXP,Public expenditure,LMP_10,Public employment services and administration,PT_B1GQ,Percentage of GDP,2023,,0.094,,3,Three,A,Normal value,0,Units,F,Free (free for publication)
DATAFLOW,OECD.ELS.JAI:DSD_LMP@DF_LMP(1.0),Labour Market Programmes,I,GBR,United Kingdom,EXP,Public expenditure,LMP_10,Public employment services and administration,PT_B1GQ,Percentage of GDP,2005,,0.337,,3,Three,A,Normal value,0,Units,F,Free (free for publication)
DATAFLOW,OECD.ELS.JAI:DSD_LMP@DF_LMP(1.0),Labour Market Programmes,I,GBR,United Kingdom,EXP,Public expenditure,LMP_10,Public employment services and administration,PT_B1GQ,Percentage of GDP,2006,,0.254,,3,Three,A,Normal value,0,Units,F,Free (free for publication)
DATAFLOW,OECD.ELS.JAI:DSD_LMP@DF_LMP(1.0),Labour Market Programmes,I,GBR,United Kingdom,EXP,Public expenditure,LMP_10,Public employment services and administration,PT_B1GQ,Percentage of GDP,2008,,0.275,,3,Three,A,Normal value,0,Units,F,Free (free for publication)
DATAFLOW,OECD.ELS.JAI:DSD_LMP@DF_LMP(1.0),Labour Market Programmes,I,GBR,United Kingdom,EXP,Public expenditure,LMP_10,Public employment services and administration,PT_B1GQ,Percentage of GDP,2009,,0.333,,3,Three,A,Normal value,0,Units,F,Free (free for publication)
DATAFLOW,OECD.ELS.JAI:DSD_LMP@DF_LMP(1.0),Labour Market Programmes,I,GBR,United Kingdom,EXP,Public expenditure,LMP_10,Public employment services and administration,PT_B1GQ,Percentage of GDP,2010,,0.301,,3,Three,A,Normal value,0,Units,F,Free (free for publication)
DATAFLOW,OECD.ELS.JAI:DSD_LMP@DF_LMP(1.0),Labour Market Programmes,I,USA,United States,EXP,Public expenditure,LMP_10,Public employment services and administration,PT_B1GQ,Percentage of GDP,2004,,0.029,,3,Three,A,Normal value,0,Units,F,Free (free for publication)
DATAFLOW,OECD.ELS.JAI:DSD_LMP@DF_LMP(1.0),Labour Market Programmes,I,USA,United States,EXP,Public expenditure,LMP_10,Public employment services and administration,PT_B1GQ,Percentage of GDP,2008,,0.035,,3,Three,A,Normal value,0,Units,F,Free (free for publication)
DATAFLOW,OECD.ELS.JAI:DSD_LMP@DF_LMP(1.0),Labour Market Programmes,I,USA,United States,EXP,Public expenditure,LMP_10,Public employment services and administration,PT_B1GQ,Percentage of GDP,2012,,0.032,,3,Three,A,Normal value,0,Units,F,Free (free for publication)
DATAFLOW,OECD.ELS.JAI:DSD_LMP@DF_LMP(1.0),Labour Market Programmes,I,USA,United States,EXP,Public expenditure,LMP_10,Public employment services and administration,PT_B1GQ,Percentage of GDP,2014,,0.021,,3,Three,A,Normal value,0,Units,F,Free (free for publication)
DATAFLOW,OECD.ELS.JAI:DSD_LMP@DF_LMP(1.0),Labour Market Programmes,I,USA,United States,EXP,Public expenditure,LMP_10,Public employment services and administration,PT_B1GQ,Percentage of GDP,2015,,0.02,,3,Three,A,Normal value,0,Units,F,Free (free for publication)
DATAFLOW,OECD.ELS.JAI:DSD_LMP@DF_LMP(1.0),Labour Market Programmes,I,USA,United States,EXP,Public expenditure,LMP_10,Public employment services and administration,PT_B1GQ,Percentage of GDP,2016,,0.019,,3,Three,A,Normal value,0,Units,F,Free (free for publication)
DATAFLOW,OECD.ELS.JAI:DSD_LMP@DF_LMP(1.0),Labour Market Programmes,I,USA,United States,EXP,Public expenditure,LMP_10,Public employment services and administration,PT_B1GQ,Percentage of GDP,2017,,0.018,,3,Three,A,Normal value,0,Units,F,Free (free for publication)
DATAFLOW,OECD.ELS.JAI:DSD_LMP@DF_LMP(1.0),Labour Market Programmes,I,USA,United States,EXP,Public expenditure,LMP_10,Public employment services and administration,PT_B1GQ,Percentage of GDP,2023,,0.014,,3,Three,A,Normal value,0,Units,F,Free (free for publication)
DATAFLOW,OECD.ELS.JAI:DSD_LMP@DF_LMP(1.0),Labour Market Programmes,I,OECD,OECD,EXP,Public expenditure,LMP_10,Public employment services and administration,PT_B1GQ,Percentage of GDP,2008,,0.105,,3,Three,A,Normal value,0,Units,F,Free (free for publication)
DATAFLOW,OECD.ELS.JAI:DSD_LMP@DF_LMP(1.0),Labour Market Programmes,I,OECD,OECD,EXP,Public expenditure,LMP_10,Public employment services and administration,PT_B1GQ,Percentage of GDP,2010,,0.129,,3,Three,A,Normal value,0,Units,F,Free (free for publication)
DATAFLOW,OECD.ELS.JAI:DSD_LMP@DF_LMP(1.0),Labour Market Programmes,I,OECD,OECD,EXP,Public expenditure,LMP_10,Public employment services and administration,PT_B1GQ,Percentage of GDP,2011,,0.119,,3,Three,A,Normal value,0,Units,F,Free (free for publication)
DATAFLOW,OECD.ELS.JAI:DSD_LMP@DF_LMP(1.0),Labour Market Programmes,I,OECD,OECD,EXP,Public expenditure,LMP_10,Public employment services and administration,PT_B1GQ,Percentage of GDP,2017,,0.109,,3,Three,A,Normal value,0,Units,F,Free (free for publication)
DATAFLOW,OECD.ELS.JAI:DSD_LMP@DF_LMP(1.0),Labour Market Programmes,I,OECD,OECD,EXP,Public expenditure,LMP_10,Public employment services and administration,PT_B1GQ,Percentage of GDP,2020,,0.108,,3,Three,A,Normal value,0,Units,F,Free (free for publication)
DATAFLOW,OECD.ELS.JAI:DSD_LMP@DF_LMP(1.0),Labour Market Programmes,I,OECD,OECD,EXP,Public expenditure,LMP_10,Public employment services and administration,PT_B1GQ,Percentage of GDP,2021,,0.108,,3,Three,A,Normal value,0,Units,F,Free (free for publication)
DATAFLOW,OECD.ELS.JAI:DSD_LMP@DF_LMP(1.0),Labour Market Programmes,I,OECD,OECD,EXP,Public expenditure,LMP_10,Public employment services and administration,PT_B1GQ,Percentage of GDP,2022,,0.101,,3,Three,A,Normal value,0,Units,F,Free (free for publication)
DATAFLOW,OECD.ELS.JAI:DSD_LMP@DF_LMP(1.0),Labour Market Programmes,I,BGR,Bulgaria,EXP,Public expenditure,LMP_10,Public employment services and administration,PT_B1GQ,Percentage of GDP,2005,,0.065,,3,Three,A,Normal value,0,Units,F,Free (free for publication)
DATAFLOW,OECD.ELS.JAI:DSD_LMP@DF_LMP(1.0),Labour Market Programmes,I,BGR,Bulgaria,EXP,Public expenditure,LMP_10,Public employment services and administration,PT_B1GQ,Percentage of GDP,2006,,0.054,,3,Three,A,Normal value,0,Units,F,Free (free for publication)
DATAFLOW,OECD.ELS.JAI:DSD_LMP@DF_LMP(1.0),Labour Market Programmes,I,BGR,Bulgaria,EXP,Public expenditure,LMP_10,Public employment services and administration,PT_B1GQ,Percentage of GDP,2008,,0.048,,3,Three,A,Normal value,0,Units,F,Free (free for publication)
DATAFLOW,OECD.ELS.JAI:DSD_LMP@DF_LMP(1.0),Labour Market Programmes,I,BGR,Bulgaria,EXP,Public expenditure,LMP_10,Public employment services and administration,PT_B1GQ,Percentage of GDP,2010,,0.035,,3,Three,A,Normal value,0,Units,F,Free (free for publication)
DATAFLOW,OECD.ELS.JAI:DSD_LMP@DF_LMP(1.0),Labour Market Programmes,I,BGR,Bulgaria,EXP,Public expenditure,LMP_10,Public employment services and administration,PT_B1GQ,Percentage of GDP,2011,,0.035,,3,Three,A,Normal value,0,Units,F,Free (free for publication)
DATAFLOW,OECD.ELS.JAI:DSD_LMP@DF_LMP(1.0),Labour Market Programmes,I,BGR,Bulgaria,EXP,Public expenditure,LMP_10,Public employment services and administration,PT_B1GQ,Percentage of GDP,2014,,0.035,,3,Three,A,Normal value,0,Units,F,Free (free for publication)
DATAFLOW,OECD.ELS.JAI:DSD_LMP@DF_LMP(1.0),Labour Market Programmes,I,BGR,Bulgaria,EXP,Public expenditure,LMP_10,Public employment services and administration,PT_B1GQ,Percentage of GDP,2015,,0.028,,3,Three,A,Normal value,0,Units,F,Free (free for publication)
DATAFLOW,OECD.ELS.JAI:DSD_LMP@DF_LMP(1.0),Labour Market Programmes,I,BGR,Bulgaria,EXP,Public expenditure,LMP_10,Public employment services and administration,PT_B1GQ,Percentage of GDP,2016,,0.028,,3,Three,A,Normal value,0,Units,F,Free (free for publication)
DATAFLOW,OECD.ELS.JAI:DSD_LMP@DF_LMP(1.0),Labour Market Programmes,I,BGR,Bulgaria,EXP,Public expenditure,LMP_10,Public employment services and administration,PT_B1GQ,Percentage of GDP,2018,,0.028,,3,Three,A,Normal value,0,Units,F,Free (free for publication)
DATAFLOW,OECD.ELS.JAI:DSD_LMP@DF_LMP(1.0),Labour Market Programmes,I,BGR,Bulgaria,EXP,Public expenditure,LMP_10,Public employment services and administration,PT_B1GQ,Percentage of GDP,2020,,0.032,,3,Three,A,Normal value,0,Units,F,Free (free for publication)
DATAFLOW,OECD.ELS.JAI:DSD_LMP@DF_LMP(1.0),Labour Market Programmes,I,BGR,Bulgaria,EXP,Public expenditure,LMP_10,Public employment services and administration,PT_B1GQ,Percentage of GDP,2021,,0.037,,3,Three,A,Normal value,0,Units,F,Free (free for publication)
DATAFLOW,OECD.ELS.JAI:DSD_LMP@DF_LMP(1.0),Labour Market Programmes,I,BGR,Bulgaria,EXP,Public expenditure,LMP_10,Public employment services and administration,PT_B1GQ,Percentage of GDP,2022,,0.039,,3,Three,A,Normal value,0,Units,F,Free (free for publication)
DATAFLOW,OECD.ELS.JAI:DSD_LMP@DF_LMP(1.0),Labour Market Programmes,I,HRV,Croatia,EXP,Public expenditure,LMP_10,Public employment services and administration,PT_B1GQ,Percentage of GDP,2012,,0.054,,3,Three,A,Normal value,0,Units,F,Free (free for publication)
DATAFLOW,OECD.ELS.JAI:DSD_LMP@DF_LMP(1.0),Labour Market Programmes,I,HRV,Croatia,EXP,Public expenditure,LMP_10,Public employment services and administration,PT_B1GQ,Percentage of GDP,2013,,0.05,,3,Three,A,Normal value,0,Units,F,Free (free for publication)
DATAFLOW,OECD.ELS.JAI:DSD_LMP@DF_LMP(1.0),Labour Market Programmes,I,HRV,Croatia,EXP,Public expenditure,LMP_10,Public employment services and administration,PT_B1GQ,Percentage of GDP,2016,,0.059,,3,Three,A,Normal value,0,Units,F,Free (free for publication)
DATAFLOW,OECD.ELS.JAI:DSD_LMP@DF_LMP(1.0),Labour Market Programmes,I,HRV,Croatia,EXP,Public expenditure,LMP_10,Public employment services and administration,PT_B1GQ,Percentage of GDP,2017,,0.057,,3,Three,A,Normal value,0,Units,F,Free (free for publication)
DATAFLOW,OECD.ELS.JAI:DSD_LMP@DF_LMP(1.0),Labour Market Programmes,I,HRV,Croatia,EXP,Public expenditure,LMP_10,Public employment services and administration,PT_B1GQ,Percentage of GDP,2021,,0.065,,3,Three,A,Normal value,0,Units,F,Free (free for publication)
DATAFLOW,OECD.ELS.JAI:DSD_LMP@DF_LMP(1.0),Labour Market Programmes,I,ROU,Romania,EXP,Public expenditure,LMP_10,Public employment services and administration,PT_B1GQ,Percentage of GDP,2006,,0.041,,3,Three,A,Normal value,0,Units,F,Free (free for publication)
DATAFLOW,OECD.ELS.JAI:DSD_LMP@DF_LMP(1.0),Labour Market Programmes,I,ROU,Romania,EXP,Public expenditure,LMP_10,Public employment services and administration,PT_B1GQ,Percentage of GDP,2007,,0.035,,3,Three,A,Normal value,0,Units,F,Free (free for publication)
DATAFLOW,OECD.ELS.JAI:DSD_LMP@DF_LMP(1.0),Labour Market Programmes,I,ROU,Romania,EXP,Public expenditure,LMP_10,Public employment services and administration,PT_B1GQ,Percentage of GDP,2008,,0.032,,3,Three,A,Normal value,0,Units,F,Free (free for publication)
DATAFLOW,OECD.ELS.JAI:DSD_LMP@DF_LMP(1.0),Labour Market Programmes,I,ROU,Romania,EXP,Public expenditure,LMP_10,Public employment services and administration,PT_B1GQ,Percentage of GDP,2009,,0.029,,3,Three,A,Normal value,0,Units,F,Free (free for publication)
DATAFLOW,OECD.ELS.JAI:DSD_LMP@DF_LMP(1.0),Labour Market Programmes,I,ROU,Romania,EXP,Public expenditure,LMP_10,Public employment services and administration,PT_B1GQ,Percentage of GDP,2011,,0.083,,3,Three,A,Normal value,0,Units,F,Free (free for publication)
DATAFLOW,OECD.ELS.JAI:DSD_LMP@DF_LMP(1.0),Labour Market Programmes,I,ROU,Romania,EXP,Public expenditure,LMP_10,Public employment services and administration,PT_B1GQ,Percentage of GDP,2012,,0.083,,3,Three,A,Normal value,0,Units,F,Free (free for publication)
DATAFLOW,OECD.ELS.JAI:DSD_LMP@DF_LMP(1.0),Labour Market Programmes,I,ROU,Romania,EXP,Public expenditure,LMP_10,Public employment services and administration,PT_B1GQ,Percentage of GDP,2016,,0.039,,3,Three,A,Normal value,0,Units,F,Free (free for publication)
DATAFLOW,OECD.ELS.JAI:DSD_LMP@DF_LMP(1.0),Labour Market Programmes,I,ROU,Romania,EXP,Public expenditure,LMP_10,Public employment services and administration,PT_B1GQ,Percentage of GDP,2019,,0.02,,3,Three,A,Normal value,0,Units,F,Free (free for publication)
DATAFLOW,OECD.ELS.JAI:DSD_LMP@DF_LMP(1.0),Labour Market Programmes,I,ROU,Romania,EXP,Public expenditure,LMP_10,Public employment services and administration,PT_B1GQ,Percentage of GDP,2020,,0.02,,3,Three,A,Normal value,0,Units,F,Free (free for publication)
DATAFLOW,OECD.ELS.JAI:DSD_LMP@DF_LMP(1.0),Labour Market Programmes,I,GRC,Greece,EXP,Public expenditure,LMP_10,Public employment services and administration,PT_B1GQ,Percentage of GDP,2009,,0.009,,3,Three,A,Normal value,0,Units,F,Free (free for publication)
DATAFLOW,OECD.ELS.JAI:DSD_LMP@DF_LMP(1.0),Labour Market Programmes,I,GRC,Greece,EXP,Public expenditure,LMP_10,Public employment services and administration,PT_B1GQ,Percentage of GDP,2016,,0.008,,3,Three,A,Normal value,0,Units,F,Free (free for publication)
DATAFLOW,OECD.ELS.JAI:DSD_LMP@DF_LMP(1.0),Labour Market Programmes,I,GRC,Greece,EXP,Public expenditure,LMP_10,Public employment services and administration,PT_B1GQ,Percentage of GDP,2017,,0.004,,3,Three,A,Normal value,0,Units,F,Free (free for publication)
DATAFLOW,OECD.ELS.JAI:DSD_LMP@DF_LMP(1.0),Labour Market Programmes,I,GRC,Greece,EXP,Public expenditure,LMP_10,Public employment services and administration,PT_B1GQ,Percentage of GDP,2018,,0.004,,3,Three,A,Normal value,0,Units,F,Free (free for publication)
DATAFLOW,OECD.ELS.JAI:DSD_LMP@DF_LMP(1.0),Labour Market Programmes,I,GRC,Greece,EXP,Public expenditure,LMP_10,Public employment services and administration,PT_B1GQ,Percentage of GDP,2021,,0.004,,3,Three,A,Normal value,0,Units,F,Free (free for publication)
DATAFLOW,OECD.ELS.JAI:DSD_LMP@DF_LMP(1.0),Labour Market Programmes,I,AUS,Australia,EXP,Public expenditure,LMP_10,Public employment services and administration,PT_B1GQ,Percentage of GDP,2005,,0.208,,3,Three,A,Normal value,0,Units,F,Free (free for publication)
DATAFLOW,OECD.ELS.JAI:DSD_LMP@DF_LMP(1.0),Labour Market Programmes,I,AUS,Australia,EXP,Public expenditure,LMP_10,Public employment services and administration,PT_B1GQ,Percentage of GDP,2015,,0.148,,3,Three,A,Normal value,0,Units,F,Free (free for publication)
DATAFLOW,OECD.ELS.JAI:DSD_LMP@DF_LMP(1.0),Labour Market Programmes,I,BEL,Belgium,EXP,Public expenditure,LMP_10,Public employment services and administration,PT_B1GQ,Percentage of GDP,2005,,0.177,,3,Three,A,Normal value,0,Units,F,Free (free for publication)
DATAFLOW,OECD.ELS.JAI:DSD_LMP@DF_LMP(1.0),Labour Market Programmes,I,BEL,Belgium,EXP,Public expenditure,LMP_10,Public employment services and administration,PT_B1GQ,Percentage of GDP,2006,,0.179,,3,Three,A,Normal value,0,Units,F,Free (free for publication)
DATAFLOW,OECD.ELS.JAI:DSD_LMP@DF_LMP(1.0),Labour Market Programmes,I,BEL,Belgium,EXP,Public expenditure,LMP_10,Public employment services and administration,PT_B1GQ,Percentage of GDP,2007,,0.177,,3,Three,A,Normal value,0,Units,F,Free (free for publication)
DATAFLOW,OECD.ELS.JAI:DSD_LMP@DF_LMP(1.0),Labour Market Programmes,I,BEL,Belgium,EXP,Public expenditure,LMP_10,Public employment services and administration,PT_B1GQ,Percentage of GDP,2010,,0.201,,3,Three,A,Normal value,0,Units,F,Free (free for publication)
DATAFLOW,OECD.ELS.JAI:DSD_LMP@DF_LMP(1.0),Labour Market Programmes,I,CAN,Canada,EXP,Public expenditure,LMP_10,Public employment services and administration,PT_B1GQ,Percentage of GDP,2005,,0.156,,3,Three,A,Normal value,0,Units,F,Free (free for publication)
DATAFLOW,OECD.ELS.JAI:DSD_LMP@DF_LMP(1.0),Labour Market Programmes,I,CAN,Canada,EXP,Public expenditure,LMP_10,Public employment services and administration,PT_B1GQ,Percentage of GDP,2007,,0.135,,3,Three,A,Normal value,0,Units,F,Free (free for publication)
DATAFLOW,OECD.ELS.JAI:DSD_LMP@DF_LMP(1.0),Labour Market Programmes,I,CAN,Canada,EXP,Public expenditure,LMP_10,Public employment services and administration,PT_B1GQ,Percentage of GDP,2008,,0.126,,3,Three,A,Normal value,0,Units,F,Free (free for publication)
DATAFLOW,OECD.ELS.JAI:DSD_LMP@DF_LMP(1.0),Labour Market Programmes,I,CAN,Canada,EXP,Public expenditure,LMP_10,Public employment services and administration,PT_B1GQ,Percentage of GDP,2010,,0.136,,3,Three,A,Normal value,0,Units,F,Free (free for publication)
DATAFLOW,OECD.ELS.JAI:DSD_LMP@DF_LMP(1.0),Labour Market Programmes,I,CAN,Canada,EXP,Public expenditure,LMP_10,Public employment services and administration,PT_B1GQ,Percentage of GDP,2011,,0.112,,3,Three,A,Normal value,0,Units,F,Free (free for publication)
DATAFLOW,OECD.ELS.JAI:DSD_LMP@DF_LMP(1.0),Labour Market Programmes,I,CAN,Canada,EXP,Public expenditure,LMP_10,Public employment services and administration,PT_B1GQ,Percentage of GDP,2012,,0.104,,3,Three,A,Normal value,0,Units,F,Free (free for publication)
DATAFLOW,OECD.ELS.JAI:DSD_LMP@DF_LMP(1.0),Labour Market Programmes,I,CAN,Canada,EXP,Public expenditure,LMP_10,Public employment services and administration,PT_B1GQ,Percentage of GDP,2014,,0.1,,3,Three,A,Normal value,0,Units,F,Free (free for publication)
DATAFLOW,OECD.ELS.JAI:DSD_LMP@DF_LMP(1.0),Labour Market Programmes,I,CAN,Canada,EXP,Public expenditure,LMP_10,Public employment services and administration,PT_B1GQ,Percentage of GDP,2016,,0.126,,3,Three,A,Normal value,0,Units,F,Free (free for publication)
DATAFLOW,OECD.ELS.JAI:DSD_LMP@DF_LMP(1.0),Labour Market Programmes,I,CAN,Canada,EXP,Public expenditure,LMP_10,Public employment services and administration,PT_B1GQ,Percentage of GDP,2018,,0.108,,3,Three,A,Normal value,0,Units,F,Free (free for publication)
DATAFLOW,OECD.ELS.JAI:DSD_LMP@DF_LMP(1.0),Labour Market Programmes,I,CAN,Canada,EXP,Public expenditure,LMP_10,Public employment services and administration,PT_B1GQ,Percentage of GDP,2019,,0.103,,3,Three,A,Normal value,0,Units,F,Free (free for publication)
DATAFLOW,OECD.ELS.JAI:DSD_LMP@DF_LMP(1.0),Labour Market Programmes,I,CHL,Chile,EXP,Public expenditure,LMP_10,Public employment services and administration,PT_B1GQ,Percentage of GDP,2007,,0.014,,3,Three,A,Normal value,0,Units,F,Free (free for publication)
DATAFLOW,OECD.ELS.JAI:DSD_LMP@DF_LMP(1.0),Labour Market Programmes,I,CHL,Chile,EXP,Public expenditure,LMP_10,Public employment services and administration,PT_B1GQ,Percentage of GDP,2008,,0.016,,3,Three,A,Normal value,0,Units,F,Free (free for publication)
DATAFLOW,OECD.ELS.JAI:DSD_LMP@DF_LMP(1.0),Labour Market Programmes,I,CHL,Chile,EXP,Public expenditure,LMP_10,Public employment services and administration,PT_B1GQ,Percentage of GDP,2011,,0.023,,3,Three,A,Normal value,0,Units,F,Free (free for publication)
DATAFLOW,OECD.ELS.JAI:DSD_LMP@DF_LMP(1.0),Labour Market Programmes,I,CHL,Chile,EXP,Public expenditure,LMP_10,Public employment services and administration,PT_B1GQ,Percentage of GDP,2012,,0.028,,3,Three,A,Normal value,0,Units,F,Free (free for publication)
DATAFLOW,OECD.ELS.JAI:DSD_LMP@DF_LMP(1.0),Labour Market Programmes,I,CHL,Chile,EXP,Public expenditure,LMP_10,Public employment services and administration,PT_B1GQ,Percentage of GDP,2018,,0.032,,3,Three,A,Normal value,0,Units,F,Free (free for publication)
DATAFLOW,OECD.ELS.JAI:DSD_LMP@DF_LMP(1.0),Labour Market Programmes,I,CHL,Chile,EXP,Public expenditure,LMP_10,Public employment services and administration,PT_B1GQ,Percentage of GDP,2019,,0.034,,3,Three,A,Normal value,0,Units,F,Free (free for publication)
DATAFLOW,OECD.ELS.JAI:DSD_LMP@DF_LMP(1.0),Labour Market Programmes,I,CZE,Czechia,EXP,Public expenditure,LMP_10,Public employment services and administration,PT_B1GQ,Percentage of GDP,2004,,0.111,,3,Three,A,Normal value,0,Units,F,Free (free for publication)
DATAFLOW,OECD.ELS.JAI:DSD_LMP@DF_LMP(1.0),Labour Market Programmes,I,CZE,Czechia,EXP,Public expenditure,LMP_10,Public employment services and administration,PT_B1GQ,Percentage of GDP,2006,,0.118,,3,Three,A,Normal value,0,Units,F,Free (free for publication)
DATAFLOW,OECD.ELS.JAI:DSD_LMP@DF_LMP(1.0),Labour Market Programmes,I,CZE,Czechia,EXP,Public expenditure,LMP_10,Public employment services and administration,PT_B1GQ,Percentage of GDP,2007,,0.122,,3,Three,A,Normal value,0,Units,F,Free (free for publication)
DATAFLOW,OECD.ELS.JAI:DSD_LMP@DF_LMP(1.0),Labour Market Programmes,I,CZE,Czechia,EXP,Public expenditure,LMP_10,Public employment services and administration,PT_B1GQ,Percentage of GDP,2009,,0.119,,3,Three,A,Normal value,0,Units,F,Free (free for publication)
DATAFLOW,OECD.ELS.JAI:DSD_LMP@DF_LMP(1.0),Labour Market Programmes,I,DNK,Denmark,EXP,Public expenditure,LMP_10,Public employment services and administration,PT_B1GQ,Percentage of GDP,2007,,0.245,,3,Three,A,Normal value,0,Units,F,Free (free for publication)
DATAFLOW,OECD.ELS.JAI:DSD_LMP@DF_LMP(1.0),Labour Market Programmes,I,DNK,Denmark,EXP,Public expenditure,LMP_10,Public employment services and administration,PT_B1GQ,Percentage of GDP,2012,,0.367,,3,Three,A,Normal value,0,Units,F,Free (free for publication)
DATAFLOW,OECD.ELS.JAI:DSD_LMP@DF_LMP(1.0),Labour Market Programmes,I,DNK,Denmark,EXP,Public expenditure,LMP_10,Public employment services and administration,PT_B1GQ,Percentage of GDP,2017,,0.393,,3,Three,A,Normal value,0,Units,F,Free (free for publication)
DATAFLOW,OECD.ELS.JAI:DSD_LMP@DF_LMP(1.0),Labour Market Programmes,I,DNK,Denmark,EXP,Public expenditure,LMP_10,Public employment services and administration,PT_B1GQ,Percentage of GDP,2020,,0.375,,3,Three,A,Normal value,0,Units,F,Free (free for publication)
DATAFLOW,OECD.ELS.JAI:DSD_LMP@DF_LMP(1.0),Labour Market Programmes,I,EST,Estonia,EXP,Public expenditure,LMP_10,Public employment services and administration,PT_B1GQ,Percentage of GDP,2006,,0.024,,3,Three,A,Normal value,0,Units,F,Free (free for publication)
DATAFLOW,OECD.ELS.JAI:DSD_LMP@DF_LMP(1.0),Labour Market Programmes,I,EST,Estonia,EXP,Public expenditure,LMP_10,Public employment services and administration,PT_B1GQ,Percentage of GDP,2007,,0.027,,3,Three,A,Normal value,0,Units,F,Free (free for publication)
DATAFLOW,OECD.ELS.JAI:DSD_LMP@DF_LMP(1.0),Labour Market Programmes,I,EST,Estonia,EXP,Public expenditure,LMP_10,Public employment services and administration,PT_B1GQ,Percentage of GDP,2008,,0.037,,3,Three,A,Normal value,0,Units,F,Free (free for publication)
DATAFLOW,OECD.ELS.JAI:DSD_LMP@DF_LMP(1.0),Labour Market Programmes,I,EST,Estonia,EXP,Public expenditure,LMP_10,Public employment services and administration,PT_B1GQ,Percentage of GDP,2009,,0.1,,3,Three,A,Normal value,0,Units,F,Free (free for publication)
DATAFLOW,OECD.ELS.JAI:DSD_LMP@DF_LMP(1.0),Labour Market Programmes,I,FRA,France,EXP,Public expenditure,LMP_10,Public employment services and administration,PT_B1GQ,Percentage of GDP,2006,,0.246,,3,Three,A,Normal value,0,Units,F,Free (free for publication)
DATAFLOW,OECD.ELS.JAI:DSD_LMP@DF_LMP(1.0),Labour Market Programmes,I,FRA,France,EXP,Public expenditure,LMP_10,Public employment services and administration,PT_B1GQ,Percentage of GDP,2009,,0.268,,3,Three,A,Normal value,0,Units,F,Free (free for publication)
DATAFLOW,OECD.ELS.JAI:DSD_LMP@DF_LMP(1.0),Labour Market Programmes,I,FRA,France,EXP,Public expenditure,LMP_10,Public employment services and administration,PT_B1GQ,Percentage of GDP,2010,,0.31,,3,Three,A,Normal value,0,Units,F,Free (free for publication)
DATAFLOW,OECD.ELS.JAI:DSD_LMP@DF_LMP(1.0),Labour Market Programmes,I,FRA,France,EXP,Public expenditure,LMP_10,Public employment services and administration,PT_B1GQ,Percentage of GDP,2012,,0.268,,3,Three,A,Normal value,0,Units,F,Free (free for publication)
DATAFLOW,OECD.ELS.JAI:DSD_LMP@DF_LMP(1.0),Labour Market Programmes,I,GRC,Greece,EXP,Public expenditure,LMP_10,Public employment services and administration,PT_B1GQ,Percentage of GDP,2007,,0.016,,3,Three,A,Normal value,0,Units,F,Free (free for publication)
DATAFLOW,OECD.ELS.JAI:DSD_LMP@DF_LMP(1.0),Labour Market Programmes,I,HUN,Hungary,EXP,Public expenditure,LMP_10,Public employment services and administration,PT_B1GQ,Percentage of GDP,2005,,0.092,,3,Three,A,Normal value,0,Units,F,Free (free for publication)
DATAFLOW,OECD.ELS.JAI:DSD_LMP@DF_LMP(1.0),Labour Market Programmes,I,HUN,Hungary,EXP,Public expenditure,LMP_10,Public employment services and administration,PT_B1GQ,Percentage of GDP,2006,,0.089,,3,Three,A,Normal value,0,Units,F,Free (free for publication)
DATAFLOW,OECD.ELS.JAI:DSD_LMP@DF_LMP(1.0),Labour Market Programmes,I,HUN,Hungary,EXP,Public expenditure,LMP_10,Public employment services and administration,PT_B1GQ,Percentage of GDP,2008,,0.085,,3,Three,A,Normal value,0,Units,F,Free (free for publication)
DATAFLOW,OECD.ELS.JAI:DSD_LMP@DF_LMP(1.0),Labour Market Programmes,I,HUN,Hungary,EXP,Public expenditure,LMP_10,Public employment services and administration,PT_B1GQ,Percentage of GDP,2009,,0.086,,3,Three,A,Normal value,0,Units,F,Free (free for publication)
DATAFLOW,OECD.ELS.JAI:DSD_LMP@DF_LMP(1.0),Labour Market Programmes,I,HUN,Hungary,EXP,Public expenditure,LMP_10,Public employment services and administration,PT_B1GQ,Percentage of GDP,2011,,0.078,,3,Three,A,Normal value,0,Units,F,Free (free for publication)
DATAFLOW,OECD.ELS.JAI:DSD_LMP@DF_LMP(1.0),Labour Market Programmes,I,HUN,Hungary,EXP,Public expenditure,LMP_10,Public employment services and administration,PT_B1GQ,Percentage of GDP,2012,,0.07,,3,Three,A,Normal value,0,Units,F,Free (free for publication)
DATAFLOW,OECD.ELS.JAI:DSD_LMP@DF_LMP(1.0),Labour Market Programmes,I,HUN,Hungary,EXP,Public expenditure,LMP_10,Public employment services and administration,PT_B1GQ,Percentage of GDP,2013,,0.082,,3,Three,A,Normal value,0,Units,F,Free (free for publication)
DATAFLOW,OECD.ELS.JAI:DSD_LMP@DF_LMP(1.0),Labour Market Programmes,I,HUN,Hungary,EXP,Public expenditure,LMP_10,Public employment services and administration,PT_B1GQ,Percentage of GDP,2014,,0.086,,3,Three,A,Normal value,0,Units,F,Free (free for publication)
DATAFLOW,OECD.ELS.JAI:DSD_LMP@DF_LMP(1.0),Labour Market Programmes,I,HUN,Hungary,EXP,Public expenditure,LMP_10,Public employment services and administration,PT_B1GQ,Percentage of GDP,2015,,0.067,,3,Three,A,Normal value,0,Units,F,Free (free for publication)
DATAFLOW,OECD.ELS.JAI:DSD_LMP@DF_LMP(1.0),Labour Market Programmes,I,HUN,Hungary,EXP,Public expenditure,LMP_10,Public employment services and administration,PT_B1GQ,Percentage of GDP,2019,,0.059,,3,Three,A,Normal value,0,Units,F,Free (free for publication)
DATAFLOW,OECD.ELS.JAI:DSD_LMP@DF_LMP(1.0),Labour Market Programmes,I,HUN,Hungary,EXP,Public expenditure,LMP_10,Public employment services and administration,PT_B1GQ,Percentage of GDP,2020,,0.061,,3,Three,A,Normal value,0,Units,F,Free (free for publication)
DATAFLOW,OECD.ELS.JAI:DSD_LMP@DF_LMP(1.0),Labour Market Programmes,I,IRL,Ireland,EXP,Public expenditure,LMP_10,Public employment services and administration,PT_B1GQ,Percentage of GDP,2004,,0.123,,3,Three,A,Normal value,0,Units,F,Free (free for publication)
DATAFLOW,OECD.ELS.JAI:DSD_LMP@DF_LMP(1.0),Labour Market Programmes,I,IRL,Ireland,EXP,Public expenditure,LMP_10,Public employment services and administration,PT_B1GQ,Percentage of GDP,2006,,0.114,,3,Three,A,Normal value,0,Units,F,Free (free for publication)
DATAFLOW,OECD.ELS.JAI:DSD_LMP@DF_LMP(1.0),Labour Market Programmes,I,IRL,Ireland,EXP,Public expenditure,LMP_10,Public employment services and administration,PT_B1GQ,Percentage of GDP,2008,,0.133,,3,Three,A,Normal value,0,Units,F,Free (free for publication)
DATAFLOW,OECD.ELS.JAI:DSD_LMP@DF_LMP(1.0),Labour Market Programmes,I,ISR,Israel,EXP,Public expenditure,LMP_10,Public employment services and administration,PT_B1GQ,Percentage of GDP,2010,,0.028,,3,Three,A,Normal value,0,Units,F,Free (free for publication)
DATAFLOW,OECD.ELS.JAI:DSD_LMP@DF_LMP(1.0),Labour Market Programmes,I,ISR,Israel,EXP,Public expenditure,LMP_10,Public employment services and administration,PT_B1GQ,Percentage of GDP,2014,,0.024,,3,Three,A,Normal value,0,Units,F,Free (free for publication)
DATAFLOW,OECD.ELS.JAI:DSD_LMP@DF_LMP(1.0),Labour Market Programmes,I,ISR,Israel,EXP,Public expenditure,LMP_10,Public employment services and administration,PT_B1GQ,Percentage of GDP,2015,,0.024,,3,Three,A,Normal value,0,Units,F,Free (free for publication)
DATAFLOW,OECD.ELS.JAI:DSD_LMP@DF_LMP(1.0),Labour Market Programmes,I,ISR,Israel,EXP,Public expenditure,LMP_10,Public employment services and administration,PT_B1GQ,Percentage of GDP,2019,,0.027,,3,Three,A,Normal value,0,Units,F,Free (free for publication)
DATAFLOW,OECD.ELS.JAI:DSD_LMP@DF_LMP(1.0),Labour Market Programmes,I,ISR,Israel,EXP,Public expenditure,LMP_10,Public employment services and administration,PT_B1GQ,Percentage of GDP,2021,,0.032,,3,Three,A,Normal value,0,Units,F,Free (free for publication)
DATAFLOW,OECD.ELS.JAI:DSD_LMP@DF_LMP(1.0),Labour Market Programmes,I,ITA,Italy,EXP,Public expenditure,LMP_10,Public employment services and administration,PT_B1GQ,Percentage of GDP,2008,,0.082,,3,Three,A,Normal value,0,Units,F,Free (free for publication)
DATAFLOW,OECD.ELS.JAI:DSD_LMP@DF_LMP(1.0),Labour Market Programmes,I,ITA,Italy,EXP,Public expenditure,LMP_10,Public employment services and administration,PT_B1GQ,Percentage of GDP,2010,,0.1,,3,Three,A,Normal value,0,Units,F,Free (free for publication)
DATAFLOW,OECD.ELS.JAI:DSD_LMP@DF_LMP(1.0),Labour Market Programmes,I,ITA,Italy,EXP,Public expenditure,LMP_10,Public employment services and administration,PT_B1GQ,Percentage of GDP,2011,,0.1,,3,Three,A,Normal value,0,Units,F,Free (free for publication)
DATAFLOW,OECD.ELS.JAI:DSD_LMP@DF_LMP(1.0),Labour Market Programmes,I,ITA,Italy,EXP,Public expenditure,LMP_10,Public employment services and administration,PT_B1GQ,Percentage of GDP,2014,,0.08,,3,Three,A,Normal value,0,Units,F,Free (free for publication)
DATAFLOW,OECD.ELS.JAI:DSD_LMP@DF_LMP(1.0),Labour Market Programmes,I,ITA,Italy,EXP,Public expenditure,LMP_10,Public employment services and administration,PT_B1GQ,Percentage of GDP,2015,,0.088,,3,Three,A,Normal value,0,Units,F,Free (free for publication)
DATAFLOW,OECD.ELS.JAI:DSD_LMP@DF_LMP(1.0),Labour Market Programmes,I,JPN,Japan,EXP,Public expenditure,LMP_10,Public employment services and administration,PT_B1GQ,Percentage of GDP,2007,,0.07,,3,Three,A,Normal value,0,Units,F,Free (free for publication)
DATAFLOW,OECD.ELS.JAI:DSD_LMP@DF_LMP(1.0),Labour Market Programmes,I,JPN,Japan,EXP,Public expenditure,LMP_10,Public employment services and administration,PT_B1GQ,Percentage of GDP,2009,,0.057,,3,Three,A,Normal value,0,Units,F,Free (free for publication)
DATAFLOW,OECD.ELS.JAI:DSD_LMP@DF_LMP(1.0),Labour Market Programmes,I,KOR,Korea,EXP,Public expenditure,LMP_10,Public employment services and administration,PT_B1GQ,Percentage of GDP,2010,,0.014,,3,Three,A,Normal value,0,Units,F,Free (free for publication)
DATAFLOW,OECD.ELS.JAI:DSD_LMP@DF_LMP(1.0),Labour Market Programmes,I,KOR,Korea,EXP,Public expenditure,LMP_10,Public employment services and administration,PT_B1GQ,Percentage of GDP,2011,,0.013,,3,Three,A,Normal value,0,Units,F,Free (free for publication)
DATAFLOW,OECD.ELS.JAI:DSD_LMP@DF_LMP(1.0),Labour Market Programmes,I,LTU,Lithuania,EXP,Public expenditure,LMP_10,Public employment services and administration,PT_B1GQ,Percentage of GDP,2005,,0.071,,3,Three,A,Normal value,0,Units,F,Free (free for publication)
DATAFLOW,OECD.ELS.JAI:DSD_LMP@DF_LMP(1.0),Labour Market Programmes,I,LTU,Lithuania,EXP,Public expenditure,LMP_10,Public employment services and administration,PT_B1GQ,Percentage of GDP,2007,,0.082,,3,Three,A,Normal value,0,Units,F,Free (free for publication)
DATAFLOW,OECD.ELS.JAI:DSD_LMP@DF_LMP(1.0),Labour Market Programmes,I,LTU,Lithuania,EXP,Public expenditure,LMP_10,Public employment services and administration,PT_B1GQ,Percentage of GDP,2012,,0.057,,3,Three,A,Normal value,0,Units,F,Free (free for publication)
DATAFLOW,OECD.ELS.JAI:DSD_LMP@DF_LMP(1.0),Labour Market Programmes,I,LTU,Lithuania,EXP,Public expenditure,LMP_10,Public employment services and administration,PT_B1GQ,Percentage of GDP,2015,,0.057,,3,Three,A,Normal value,0,Units,F,Free (free for publication)
DATAFLOW,OECD.ELS.JAI:DSD_LMP@DF_LMP(1.0),Labour Market Programmes,I,LTU,Lithuania,EXP,Public expenditure,LMP_10,Public employment services and administration,PT_B1GQ,Percentage of GDP,2016,,0.057,,3,Three,A,Normal value,0,Units,F,Free (free for publication)
DATAFLOW,OECD.ELS.JAI:DSD_LMP@DF_LMP(1.0),Labour Market Programmes,I,LUX,Luxembourg,EXP,Public expenditure,LMP_10,Public employment services and administration,PT_B1GQ,Percentage of GDP,2008,,0.045,,3,Three,A,Normal value,0,Units,F,Free (free for publication)
DATAFLOW,OECD.ELS.JAI:DSD_LMP@DF_LMP(1.0),Labour Market Programmes,I,LUX,Luxembourg,EXP,Public expenditure,LMP_10,Public employment services and administration,PT_B1GQ,Percentage of GDP,2009,,0.046,,3,Three,A,Normal value,0,Units,F,Free (free for publication)
DATAFLOW,OECD.ELS.JAI:DSD_LMP@DF_LMP(1.0),Labour Market Programmes,I,LUX,Luxembourg,EXP,Public expenditure,LMP_10,Public employment services and administration,PT_B1GQ,Percentage of GDP,2010,,0.05,,3,Three,A,Normal value,0,Units,F,Free (free for publication)
DATAFLOW,OECD.ELS.JAI:DSD_LMP@DF_LMP(1.0),Labour Market Programmes,I,LUX,Luxembourg,EXP,Public expenditure,LMP_10,Public employment services and administration,PT_B1GQ,Percentage of GDP,2012,,0.056,,3,Three,A,Normal value,0,Units,F,Free (free for publication)
DATAFLOW,OECD.ELS.JAI:DSD_LMP@DF_LMP(1.0),Labour Market Programmes,I,LUX,Luxembourg,EXP,Public expenditure,LMP_10,Public employment services and administration,PT_B1GQ,Percentage of GDP,2014,,0.052,,3,Three,A,Normal value,0,Units,F,Free (free for publication)
DATAFLOW,OECD.ELS.JAI:DSD_LMP@DF_LMP(1.0),Labour Market Programmes,I,LUX,Luxembourg,EXP,Public expenditure,LMP_10,Public employment services and administration,PT_B1GQ,Percentage of GDP,2019,,0.078,,3,Three,A,Normal value,0,Units,F,Free (free for publication)
DATAFLOW,OECD.ELS.JAI:DSD_LMP@DF_LMP(1.0),Labour Market Programmes,I,NOR,Norway,EXP,Public expenditure,LMP_10,Public employment services and administration,PT_B1GQ,Percentage of GDP,2004,,0.126,,3,Three,A,Normal value,0,Units,F,Free (free for publication)
DATAFLOW,OECD.ELS.JAI:DSD_LMP@DF_LMP(1.0),Labour Market Programmes,I,POL,Poland,EXP,Public expenditure,LMP_10,Public employment services and administration,PT_B1GQ,Percentage of GDP,2006,,0.093,,3,Three,A,Normal value,0,Units,F,Free (free for publication)
DATAFLOW,OECD.ELS.JAI:DSD_LMP@DF_LMP(1.0),Labour Market Programmes,I,POL,Poland,EXP,Public expenditure,LMP_10,Public employment services and administration,PT_B1GQ,Percentage of GDP,2009,,0.096,,3,Three,A,Normal value,0,Units,F,Free (free for publication)
DATAFLOW,OECD.ELS.JAI:DSD_LMP@DF_LMP(1.0),Labour Market Programmes,I,POL,Poland,EXP,Public expenditure,LMP_10,Public employment services and administration,PT_B1GQ,Percentage of GDP,2012,,0.079,,3,Three,A,Normal value,0,Units,F,Free (free for publication)
DATAFLOW,OECD.ELS.JAI:DSD_LMP@DF_LMP(1.0),Labour Market Programmes,I,POL,Poland,EXP,Public expenditure,LMP_10,Public employment services and administration,PT_B1GQ,Percentage of GDP,2015,,0.078,,3,Three,A,Normal value,0,Units,F,Free (free for publication)
DATAFLOW,OECD.ELS.JAI:DSD_LMP@DF_LMP(1.0),Labour Market Programmes,I,POL,Poland,EXP,Public expenditure,LMP_10,Public employment services and administration,PT_B1GQ,Percentage of GDP,2016,,0.078,,3,Three,A,Normal value,0,Units,F,Free (free for publication)
DATAFLOW,OECD.ELS.JAI:DSD_LMP@DF_LMP(1.0),Labour Market Programmes,I,SVK,Slovak Republic,EXP,Public expenditure,LMP_10,Public employment services and administration,PT_B1GQ,Percentage of GDP,2007,,0.103,,3,Three,A,Normal value,0,Units,F,Free (free for publication)
DATAFLOW,OECD.ELS.JAI:DSD_LMP@DF_LMP(1.0),Labour Market Programmes,I,SVK,Slovak Republic,EXP,Public expenditure,LMP_10,Public employment services and administration,PT_B1GQ,Percentage of GDP,2008,,0.107,,3,Three,A,Normal value,0,Units,F,Free (free for publication)
DATAFLOW,OECD.ELS.JAI:DSD_LMP@DF_LMP(1.0),Labour Market Programmes,I,SVK,Slovak Republic,EXP,Public expenditure,LMP_10,Public employment services and administration,PT_B1GQ,Percentage of GDP,2009,,0.1,,3,Three,A,Normal value,0,Units,F,Free (free for publication)
DATAFLOW,OECD.ELS.JAI:DSD_LMP@DF_LMP(1.0),Labour Market Programmes,I,SVK,Slovak Republic,EXP,Public expenditure,LMP_10,Public employment services and administration,PT_B1GQ,Percentage of GDP,2010,,0.096,,3,Three,A,Normal value,0,Units,F,Free (free for publication)
DATAFLOW,OECD.ELS.JAI:DSD_LMP@DF_LMP(1.0),Labour Market Programmes,I,SVK,Slovak Republic,EXP,Public expenditure,LMP_10,Public employment services and administration,PT_B1GQ,Percentage of GDP,2012,,0.064,,3,Three,A,Normal value,0,Units,F,Free (free for publication)
DATAFLOW,OECD.ELS.JAI:DSD_LMP@DF_LMP(1.0),Labour Market Programmes,I,SVK,Slovak Republic,EXP,Public expenditure,LMP_10,Public employment services and administration,PT_B1GQ,Percentage of GDP,2016,,0.048,,3,Three,A,Normal value,0,Units,F,Free (free for publication)
DATAFLOW,OECD.ELS.JAI:DSD_LMP@DF_LMP(1.0),Labour Market Programmes,I,SVK,Slovak Republic,EXP,Public expenditure,LMP_10,Public employment services and administration,PT_B1GQ,Percentage of GDP,2017,,0.037,,3,Three,A,Normal value,0,Units,F,Free (free for publication)
DATAFLOW,OECD.ELS.JAI:DSD_LMP@DF_LMP(1.0),Labour Market Programmes,I,SVK,Slovak Republic,EXP,Public expenditure,LMP_10,Public employment services and administration,PT_B1GQ,Percentage of GDP,2019,,0.043,,3,Three,A,Normal value,0,Units,F,Free (free for publication)
DATAFLOW,OECD.ELS.JAI:DSD_LMP@DF_LMP(1.0),Labour Market Programmes,I,SVK,Slovak Republic,EXP,Public expenditure,LMP_10,Public employment services and administration,PT_B1GQ,Percentage of GDP,2021,,0.028,,3,Three,A,Normal value,0,Units,F,Free (free for publication)
DATAFLOW,OECD.ELS.JAI:DSD_LMP@DF_LMP(1.0),Labour Market Programmes,I,SVN,Slovenia,EXP,Public expenditure,LMP_10,Public employment services and administration,PT_B1GQ,Percentage of GDP,2006,,0.092,,3,Three,A,Normal value,0,Units,F,Free (free for publication)
DATAFLOW,OECD.ELS.JAI:DSD_LMP@DF_LMP(1.0),Labour Market Programmes,I,SVN,Slovenia,EXP,Public expenditure,LMP_10,Public employment services and administration,PT_B1GQ,Percentage of GDP,2007,,0.086,,3,Three,A,Normal value,0,Units,F,Free (free for publication)
DATAFLOW,OECD.ELS.JAI:DSD_LMP@DF_LMP(1.0),Labour Market Programmes,I,SVN,Slovenia,EXP,Public expenditure,LMP_10,Public employment services and administration,PT_B1GQ,Percentage of GDP,2011,,0.103,,3,Three,A,Normal value,0,Units,F,Free (free for publication)
DATAFLOW,OECD.ELS.JAI:DSD_LMP@DF_LMP(1.0),Labour Market Programmes,I,SVN,Slovenia,EXP,Public expenditure,LMP_10,Public employment services and administration,PT_B1GQ,Percentage of GDP,2016,,0.075,,3,Three,A,Normal value,0,Units,F,Free (free for publication)
DATAFLOW,OECD.ELS.JAI:DSD_LMP@DF_LMP(1.0),Labour Market Programmes,I,ESP,Spain,EXP,Public expenditure,LMP_10,Public employment services and administration,PT_B1GQ,Percentage of GDP,2004,,0.075,,3,Three,A,Normal value,0,Units,F,Free (free for publication)
DATAFLOW,OECD.ELS.JAI:DSD_LMP@DF_LMP(1.0),Labour Market Programmes,I,ESP,Spain,EXP,Public expenditure,LMP_10,Public employment services and administration,PT_B1GQ,Percentage of GDP,2005,,0.09,,3,Three,A,Normal value,0,Units,F,Free (free for publication)
DATAFLOW,OECD.ELS.JAI:DSD_LMP@DF_LMP(1.0),Labour Market Programmes,I,ESP,Spain,EXP,Public expenditure,LMP_10,Public employment services and administration,PT_B1GQ,Percentage of GDP,2006,,0.093,,3,Three,A,Normal value,0,Units,F,Free (free for publication)
DATAFLOW,OECD.ELS.JAI:DSD_LMP@DF_LMP(1.0),Labour Market Programmes,I,ESP,Spain,EXP,Public expenditure,LMP_10,Public employment services and administration,PT_B1GQ,Percentage of GDP,2007,,0.089,,3,Three,A,Normal value,0,Units,F,Free (free for publication)
DATAFLOW,OECD.ELS.JAI:DSD_LMP@DF_LMP(1.0),Labour Market Programmes,I,ESP,Spain,EXP,Public expenditure,LMP_10,Public employment services and administration,PT_B1GQ,Percentage of GDP,2008,,0.101,,3,Three,A,Normal value,0,Units,F,Free (free for publication)
DATAFLOW,OECD.ELS.JAI:DSD_LMP@DF_LMP(1.0),Labour Market Programmes,I,ESP,Spain,EXP,Public expenditure,LMP_10,Public employment services and administration,PT_B1GQ,Percentage of GDP,2011,,0.104,,3,Three,A,Normal value,0,Units,F,Free (free for publication)
DATAFLOW,OECD.ELS.JAI:DSD_LMP@DF_LMP(1.0),Labour Market Programmes,I,SWE,Sweden,EXP,Public expenditure,LMP_10,Public employment services and administration,PT_B1GQ,Percentage of GDP,2007,,0.199,,3,Three,A,Normal value,0,Units,F,Free (free for publication)
DATAFLOW,OECD.ELS.JAI:DSD_LMP@DF_LMP(1.0),Labour Market Programmes,I,USA,United States,EXP,Public expenditure,LMP_10,Public employment services and administration,PT_B1GQ,Percentage of GDP,2005,,0.027,,3,Three,A,Normal value,0,Units,F,Free (free for publication)
DATAFLOW,OECD.ELS.JAI:DSD_LMP@DF_LMP(1.0),Labour Market Programmes,I,USA,United States,EXP,Public expenditure,LMP_10,Public employment services and administration,PT_B1GQ,Percentage of GDP,2006,,0.026,,3,Three,A,Normal value,0,Units,F,Free (free for publication)
DATAFLOW,OECD.ELS.JAI:DSD_LMP@DF_LMP(1.0),Labour Market Programmes,I,USA,United States,EXP,Public expenditure,LMP_10,Public employment services and administration,PT_B1GQ,Percentage of GDP,2007,,0.025,,3,Three,A,Normal value,0,Units,F,Free (free for publication)
DATAFLOW,OECD.ELS.JAI:DSD_LMP@DF_LMP(1.0),Labour Market Programmes,I,USA,United States,EXP,Public expenditure,LMP_10,Public employment services and administration,PT_B1GQ,Percentage of GDP,2009,,0.045,,3,Three,A,Normal value,0,Units,F,Free (free for publication)
DATAFLOW,OECD.ELS.JAI:DSD_LMP@DF_LMP(1.0),Labour Market Programmes,I,USA,United States,EXP,Public expenditure,LMP_10,Public employment services and administration,PT_B1GQ,Percentage of GDP,2010,,0.041,,3,Three,A,Normal value,0,Units,F,Free (free for publication)
DATAFLOW,OECD.ELS.JAI:DSD_LMP@DF_LMP(1.0),Labour Market Programmes,I,USA,United States,EXP,Public expenditure,LMP_10,Public employment services and administration,PT_B1GQ,Percentage of GDP,2011,,0.037,,3,Three,A,Normal value,0,Units,F,Free (free for publication)
DATAFLOW,OECD.ELS.JAI:DSD_LMP@DF_LMP(1.0),Labour Market Programmes,I,USA,United States,EXP,Public expenditure,LMP_10,Public employment services and administration,PT_B1GQ,Percentage of GDP,2013,,0.027,,3,Three,A,Normal value,0,Units,F,Free (free for publication)
DATAFLOW,OECD.ELS.JAI:DSD_LMP@DF_LMP(1.0),Labour Market Programmes,I,USA,United States,EXP,Public expenditure,LMP_10,Public employment services and administration,PT_B1GQ,Percentage of GDP,2018,,0.017,,3,Three,A,Normal value,0,Units,F,Free (free for publication)
DATAFLOW,OECD.ELS.JAI:DSD_LMP@DF_LMP(1.0),Labour Market Programmes,I,USA,United States,EXP,Public expenditure,LMP_10,Public employment services and administration,PT_B1GQ,Percentage of GDP,2020,,0.023,,3,Three,A,Normal value,0,Units,F,Free (free for publication)
DATAFLOW,OECD.ELS.JAI:DSD_LMP@DF_LMP(1.0),Labour Market Programmes,I,USA,United States,EXP,Public expenditure,LMP_10,Public employment services and administration,PT_B1GQ,Percentage of GDP,2021,,0.016,,3,Three,A,Normal value,0,Units,F,Free (free for publication)
DATAFLOW,OECD.ELS.JAI:DSD_LMP@DF_LMP(1.0),Labour Market Programmes,I,FIN,Finland,EXP,Public expenditure,LMP_10,Public employment services and administration,PT_B1GQ,Percentage of GDP,2004,,0.171,,3,Three,A,Normal value,0,Units,F,Free (free for publication)
DATAFLOW,OECD.ELS.JAI:DSD_LMP@DF_LMP(1.0),Labour Market Programmes,I,FIN,Finland,EXP,Public expenditure,LMP_10,Public employment services and administration,PT_B1GQ,Percentage of GDP,2008,,0.142,,3,Three,A,Normal value,0,Units,F,Free (free for publication)
DATAFLOW,OECD.ELS.JAI:DSD_LMP@DF_LMP(1.0),Labour Market Programmes,I,FIN,Finland,EXP,Public expenditure,LMP_10,Public employment services and administration,PT_B1GQ,Percentage of GDP,2009,,0.162,,3,Three,A,Normal value,0,Units,F,Free (free for publication)
DATAFLOW,OECD.ELS.JAI:DSD_LMP@DF_LMP(1.0),Labour Market Programmes,I,FIN,Finland,EXP,Public expenditure,LMP_10,Public employment services and administration,PT_B1GQ,Percentage of GDP,2010,,0.17,,3,Three,A,Normal value,0,Units,F,Free (free for publication)
DATAFLOW,OECD.ELS.JAI:DSD_LMP@DF_LMP(1.0),Labour Market Programmes,I,FIN,Finland,EXP,Public expenditure,LMP_10,Public employment services and administration,PT_B1GQ,Percentage of GDP,2011,,0.158,,3,Three,A,Normal value,0,Units,F,Free (free for publication)
DATAFLOW,OECD.ELS.JAI:DSD_LMP@DF_LMP(1.0),Labour Market Programmes,I,PRT,Portugal,EXP,Public expenditure,LMP_10,Public employment services and administration,PT_B1GQ,Percentage of GDP,2004,,0.134,,3,Three,A,Normal value,0,Units,F,Free (free for publication)
DATAFLOW,OECD.ELS.JAI:DSD_LMP@DF_LMP(1.0),Labour Market Programmes,I,PRT,Portugal,EXP,Public expenditure,LMP_10,Public employment services and administration,PT_B1GQ,Percentage of GDP,2005,,0.165,,3,Three,A,Normal value,0,Units,F,Free (free for publication)
DATAFLOW,OECD.ELS.JAI:DSD_LMP@DF_LMP(1.0),Labour Market Programmes,I,PRT,Portugal,EXP,Public expenditure,LMP_10,Public employment services and administration,PT_B1GQ,Percentage of GDP,2010,,0.133,,3,Three,A,Normal value,0,Units,F,Free (free for publication)
DATAFLOW,OECD.ELS.JAI:DSD_LMP@DF_LMP(1.0),Labour Market Programmes,I,PRT,Portugal,EXP,Public expenditure,LMP_10,Public employment services and administration,PT_B1GQ,Percentage of GDP,2011,,0.133,,3,Three,A,Normal value,0,Units,F,Free (free for publication)
DATAFLOW,OECD.ELS.JAI:DSD_LMP@DF_LMP(1.0),Labour Market Programmes,I,PRT,Portugal,EXP,Public expenditure,LMP_10,Public employment services and administration,PT_B1GQ,Percentage of GDP,2015,,0.126,,3,Three,A,Normal value,0,Units,F,Free (free for publication)
DATAFLOW,OECD.ELS.JAI:DSD_LMP@DF_LMP(1.0),Labour Market Programmes,I,PRT,Portugal,EXP,Public expenditure,LMP_10,Public employment services and administration,PT_B1GQ,Percentage of GDP,2020,,0.125,,3,Three,A,Normal value,0,Units,F,Free (free for publication)
DATAFLOW,OECD.ELS.JAI:DSD_LMP@DF_LMP(1.0),Labour Market Programmes,I,CHL,Chile,EXP,Public expenditure,LMP_10,Public employment services and administration,PT_B1GQ,Percentage of GDP,2006,,0.012,,3,Three,A,Normal value,0,Units,F,Free (free for publication)
DATAFLOW,OECD.ELS.JAI:DSD_LMP@DF_LMP(1.0),Labour Market Programmes,I,GRC,Greece,EXP,Public expenditure,LMP_10,Public employment services and administration,PT_B1GQ,Percentage of GDP,2015,,0.012,,3,Three,A,Normal value,0,Units,F,Free (free for publication)
DATAFLOW,OECD.ELS.JAI:DSD_LMP@DF_LMP(1.0),Labour Market Programmes,I,GRC,Greece,EXP,Public expenditure,LMP_10,Public employment services and administration,PT_B1GQ,Percentage of GDP,2020,,0.007,,3,Three,A,Normal value,0,Units,F,Free (free for publication)
DATAFLOW,OECD.ELS.JAI:DSD_LMP@DF_LMP(1.0),Labour Market Programmes,I,KOR,Korea,EXP,Public expenditure,LMP_10,Public employment services and administration,PT_B1GQ,Percentage of GDP,2008,,0.007,,3,Three,A,Normal value,0,Units,F,Free (free for publication)
DATAFLOW,OECD.ELS.JAI:DSD_LMP@DF_LMP(1.0),Labour Market Programmes,I,GRC,Greece,EXP,Public expenditure,LMP_10,Public employment services and administration,PT_B1GQ,Percentage of GDP,2011,,0.008,,3,Three,A,Normal value,0,Units,F,Free (free for publication)
DATAFLOW,OECD.ELS.JAI:DSD_LMP@DF_LMP(1.0),Labour Market Programmes,I,GRC,Greece,EXP,Public expenditure,LMP_10,Public employment services and administration,PT_B1GQ,Percentage of GDP,2012,,0.008,,3,Three,A,Normal value,0,Units,F,Free (free for publication)
DATAFLOW,OECD.ELS.JAI:DSD_LMP@DF_LMP(1.0),Labour Market Programmes,I,GRC,Greece,EXP,Public expenditure,LMP_10,Public employment services and administration,PT_B1GQ,Percentage of GDP,2019,,0.006,,3,Three,A,Normal value,0,Units,F,Free (free for publication)
DATAFLOW,OECD.ELS.JAI:DSD_LMP@DF_LMP(1.0),Labour Market Programmes,I,CRI,Costa Rica,EXP,Public expenditure,LMP_10,Public employment services and administration,PT_B1GQ,Percentage of GDP,2018,,0.004,,3,Three,A,Normal value,0,Units,F,Free (free for publication)
DATAFLOW,OECD.ELS.JAI:DSD_LMP@DF_LMP(1.0),Labour Market Programmes,I,CRI,Costa Rica,EXP,Public expenditure,LMP_10,Public employment services and administration,PT_B1GQ,Percentage of GDP,2019,,0.004,,3,Three,A,Normal value,0,Units,F,Free (free for publication)
DATAFLOW,OECD.ELS.JAI:DSD_LMP@DF_LMP(1.0),Labour Market Programmes,I,CRI,Costa Rica,EXP,Public expenditure,LMP_10,Public employment services and administration,PT_B1GQ,Percentage of GDP,2020,,0.004,,3,Three,A,Normal value,0,Units,F,Free (free for publication)
DATAFLOW,OECD.ELS.JAI:DSD_LMP@DF_LMP(1.0),Labour Market Programmes,I,CRI,Costa Rica,EXP,Public expenditure,LMP_10,Public employment services and administration,PT_B1GQ,Percentage of GDP,2021,,0.004,,3,Three,A,Normal value,0,Units,F,Free (free for publication)
DATAFLOW,OECD.ELS.JAI:DSD_LMP@DF_LMP(1.0),Labour Market Programmes,I,MEX,Mexico,EXP,Public expenditure,LMP_10,Public employment services and administration,PT_B1GQ,Percentage of GDP,2004,,0.002,,3,Three,A,Normal value,0,Units,F,Free (free for publication)
DATAFLOW,OECD.ELS.JAI:DSD_LMP@DF_LMP(1.0),Labour Market Programmes,I,MEX,Mexico,EXP,Public expenditure,LMP_10,Public employment services and administration,PT_B1GQ,Percentage of GDP,2005,,0.002,,3,Three,A,Normal value,0,Units,F,Free (free for publication)
DATAFLOW,OECD.ELS.JAI:DSD_LMP@DF_LMP(1.0),Labour Market Programmes,I,MEX,Mexico,EXP,Public expenditure,LMP_10,Public employment services and administration,PT_B1GQ,Percentage of GDP,2006,,0.002,,3,Three,A,Normal value,0,Units,F,Free (free for publication)
DATAFLOW,OECD.ELS.JAI:DSD_LMP@DF_LMP(1.0),Labour Market Programmes,I,MEX,Mexico,EXP,Public expenditure,LMP_10,Public employment services and administration,PT_B1GQ,Percentage of GDP,2008,,0.002,,3,Three,A,Normal value,0,Units,F,Free (free for publication)
DATAFLOW,OECD.ELS.JAI:DSD_LMP@DF_LMP(1.0),Labour Market Programmes,I,MEX,Mexico,EXP,Public expenditure,LMP_10,Public employment services and administration,PT_B1GQ,Percentage of GDP,2009,,0.002,,3,Three,A,Normal value,0,Units,F,Free (free for publication)
DATAFLOW,OECD.ELS.JAI:DSD_LMP@DF_LMP(1.0),Labour Market Programmes,I,MEX,Mexico,EXP,Public expenditure,LMP_10,Public employment services and administration,PT_B1GQ,Percentage of GDP,2010,,0.002,,3,Three,A,Normal value,0,Units,F,Free (free for publication)
DATAFLOW,OECD.ELS.JAI:DSD_LMP@DF_LMP(1.0),Labour Market Programmes,I,MEX,Mexico,EXP,Public expenditure,LMP_10,Public employment services and administration,PT_B1GQ,Percentage of GDP,2011,,0.001,,3,Three,A,Normal value,0,Units,F,Free (free for publication)
DATAFLOW,OECD.ELS.JAI:DSD_LMP@DF_LMP(1.0),Labour Market Programmes,I,MEX,Mexico,EXP,Public expenditure,LMP_10,Public employment services and administration,PT_B1GQ,Percentage of GDP,2012,,0.001,,3,Three,A,Normal value,0,Units,F,Free (free for publication)
DATAFLOW,OECD.ELS.JAI:DSD_LMP@DF_LMP(1.0),Labour Market Programmes,I,MEX,Mexico,EXP,Public expenditure,LMP_10,Public employment services and administration,PT_B1GQ,Percentage of GDP,2013,,0.001,,3,Three,A,Normal value,0,Units,F,Free (free for publication)
DATAFLOW,OECD.ELS.JAI:DSD_LMP@DF_LMP(1.0),Labour Market Programmes,I,MEX,Mexico,EXP,Public expenditure,LMP_10,Public employment services and administration,PT_B1GQ,Percentage of GDP,2014,,0.001,,3,Three,A,Normal value,0,Units,F,Free (free for publication)
DATAFLOW,OECD.ELS.JAI:DSD_LMP@DF_LMP(1.0),Labour Market Programmes,I,MEX,Mexico,EXP,Public expenditure,LMP_10,Public employment services and administration,PT_B1GQ,Percentage of GDP,2015,,0.001,,3,Three,A,Normal value,0,Units,F,Free (free for publication)
DATAFLOW,OECD.ELS.JAI:DSD_LMP@DF_LMP(1.0),Labour Market Programmes,I,MEX,Mexico,EXP,Public expenditure,LMP_10,Public employment services and administration,PT_B1GQ,Percentage of GDP,2016,,0.001,,3,Three,A,Normal value,0,Units,F,Free (free for publication)
DATAFLOW,OECD.ELS.JAI:DSD_LMP@DF_LMP(1.0),Labour Market Programmes,I,MEX,Mexico,EXP,Public expenditure,LMP_10,Public employment services and administration,PT_B1GQ,Percentage of GDP,2017,,0.001,,3,Three,A,Normal value,0,Units,F,Free (free for publication)
DATAFLOW,OECD.ELS.JAI:DSD_LMP@DF_LMP(1.0),Labour Market Programmes,I,MEX,Mexico,EXP,Public expenditure,LMP_10,Public employment services and administration,PT_B1GQ,Percentage of GDP,2018,,0.001,,3,Three,A,Normal value,0,Units,F,Free (free for publication)
DATAFLOW,OECD.ELS.JAI:DSD_LMP@DF_LMP(1.0),Labour Market Programmes,I,MEX,Mexico,EXP,Public expenditure,LMP_10,Public employment services and administration,PT_B1GQ,Percentage of GDP,2019,,0.001,,3,Three,A,Normal value,0,Units,F,Free (free for publication)
DATAFLOW,OECD.ELS.JAI:DSD_LMP@DF_LMP(1.0),Labour Market Programmes,I,MEX,Mexico,EXP,Public expenditure,LMP_10,Public employment services and administration,PT_B1GQ,Percentage of GDP,2020,,0.001,,3,Three,A,Normal value,0,Units,F,Free (free for publication)
DATAFLOW,OECD.ELS.JAI:DSD_LMP@DF_LMP(1.0),Labour Market Programmes,I,MEX,Mexico,EXP,Public expenditure,LMP_10,Public employment services and administration,PT_B1GQ,Percentage of GDP,2021,,0.001,,3,Three,A,Normal value,0,Units,F,Free (free for publication)
